[ClassObfuscationRewriter] 2025-12-01T19:46:10.3343849Z Renaming identifier 'Seatbelt' to 'O_F41F88FA'.
[ClassObfuscationRewriter] 2025-12-01T19:46:10.3462421Z Renaming identifier 'Seatbelt' to 'O_F41F88FA'.
[ClassObfuscationRewriter] 2025-12-01T19:46:10.3480577Z Renaming identifier 'Seatbelt' to 'O_F41F88FA'.
[ClassObfuscationRewriter] 2025-12-01T19:46:10.3486318Z Renaming identifier 'Seatbelt' to 'O_F41F88FA'.
[ClassObfuscationRewriter] 2025-12-01T19:46:10.3493483Z Renaming identifier 'Seatbelt' to 'O_F41F88FA'.
[ClassObfuscationRewriter] 2025-12-01T19:46:10.3745033Z Renaming identifier 'CommandBase' to 'O_2183A68D'.
[ClassObfuscationRewriter] 2025-12-01T19:46:10.3807285Z Renaming identifier 'CommandDTOBase' to 'O_4AED570F'.
[ClassObfuscationRewriter] 2025-12-01T19:46:10.4104740Z Visiting object creation for type 'MTPuTTYDTO' => 'O_ED370A94'. Arguments visited: True.
[ClassObfuscationRewriter] 2025-12-01T19:46:10.4146807Z Renaming identifier 'CommandDTOBase' to 'O_4AED570F'.
[ClassObfuscationRewriter] 2025-12-01T19:46:10.4172762Z Renaming identifier 'MTPuTTYDTO' to 'O_ED370A94'.
[ClassObfuscationRewriter] 2025-12-01T19:46:10.4232517Z Renaming identifier 'CommandDTOBase' to 'O_4AED570F'.
[ClassObfuscationRewriter] 2025-12-01T19:46:10.4257178Z Visiting object creation for type 'MTPuTTYDTO' => 'O_ED370A94'. Arguments visited: True.
[ClassObfuscationRewriter] 2025-12-01T19:46:10.4601524Z Renaming identifier 'Seatbelt' to 'O_F41F88FA'.
[ClassObfuscationRewriter] 2025-12-01T19:46:10.4614036Z Renaming identifier 'Seatbelt' to 'O_F41F88FA'.
[ClassObfuscationRewriter] 2025-12-01T19:46:10.4619172Z Renaming identifier 'Seatbelt' to 'O_F41F88FA'.
[ClassObfuscationRewriter] 2025-12-01T19:46:10.4629340Z Renaming identifier 'CommandBase' to 'O_2183A68D'.
[ClassObfuscationRewriter] 2025-12-01T19:46:10.4644761Z Renaming identifier 'CommandDTOBase' to 'O_4AED570F'.
[ClassObfuscationRewriter] 2025-12-01T19:46:10.4657564Z Visiting object creation for type 'OneNoteDTO' => 'O_F4467FE4'. Arguments visited: True.
[ClassObfuscationRewriter] 2025-12-01T19:46:10.4662752Z Renaming identifier 'CommandDTOBase' to 'O_4AED570F'.
[ClassObfuscationRewriter] 2025-12-01T19:46:10.4689161Z Renaming identifier 'OneNoteDTO' to 'O_F4467FE4'.
[ClassObfuscationRewriter] 2025-12-01T19:46:10.4715292Z Renaming identifier 'CommandDTOBase' to 'O_4AED570F'.
[ClassObfuscationRewriter] 2025-12-01T19:46:10.4735367Z Visiting object creation for type 'OneNoteDTO' => 'O_F4467FE4'. Arguments visited: True.
[ClassObfuscationRewriter] 2025-12-01T19:46:10.4903337Z Renaming identifier 'Seatbelt' to 'O_F41F88FA'.
[ClassObfuscationRewriter] 2025-12-01T19:46:10.4914854Z Renaming identifier 'Seatbelt' to 'O_F41F88FA'.
[ClassObfuscationRewriter] 2025-12-01T19:46:10.4921599Z Renaming identifier 'Seatbelt' to 'O_F41F88FA'.
[ClassObfuscationRewriter] 2025-12-01T19:46:10.4933711Z Renaming identifier 'Wlanapi' to 'O_6D5A9C51'.
[ClassObfuscationRewriter] 2025-12-01T19:46:10.4944660Z Renaming qualified name 'Seatbelt.Interop.Wlanapi' to 'O_F41F88FA.Interop.O_6D5A9C51'.
[ClassObfuscationRewriter] 2025-12-01T19:46:10.4950588Z Renaming identifier 'Seatbelt' to 'O_F41F88FA'.
[ClassObfuscationRewriter] 2025-12-01T19:46:10.4961950Z Renaming identifier 'CommandBase' to 'O_2183A68D'.
[ClassObfuscationRewriter] 2025-12-01T19:46:10.4978068Z Renaming identifier 'CommandDTOBase' to 'O_4AED570F'.
[ClassObfuscationRewriter] 2025-12-01T19:46:10.4989831Z Renaming identifier 'Win32Error' to 'O_3BB7B919'.
[ClassObfuscationRewriter] 2025-12-01T19:46:10.4998363Z Renaming identifier 'Win32Error' to 'O_3BB7B919'.
[ClassObfuscationRewriter] 2025-12-01T19:46:10.5009872Z Renaming identifier 'Win32Error' to 'O_3BB7B919'.
[ClassObfuscationRewriter] 2025-12-01T19:46:10.5021951Z Renaming identifier 'Win32Error' to 'O_3BB7B919'.
[ClassObfuscationRewriter] 2025-12-01T19:46:10.5040827Z Renaming identifier 'Win32Error' to 'O_3BB7B919'.
[ClassObfuscationRewriter] 2025-12-01T19:46:10.5056309Z Visiting object creation for type 'WifiProfileDTO' => 'O_97D40AC0'. Arguments visited: True.
[ClassObfuscationRewriter] 2025-12-01T19:46:10.5070241Z Renaming identifier 'CommandDTOBase' to 'O_4AED570F'.
[ClassObfuscationRewriter] 2025-12-01T19:46:10.5076811Z Renaming identifier 'WifiProfileEntry' to 'O_CA3CF3AC'.
[ClassObfuscationRewriter] 2025-12-01T19:46:10.5090380Z Visited generic 'List' with updated type arguments: <O_CA3CF3AC>.
[ClassObfuscationRewriter] 2025-12-01T19:46:10.5099579Z Renaming identifier 'WifiProfileDTO' to 'O_97D40AC0'.
[ClassObfuscationRewriter] 2025-12-01T19:46:10.5110707Z Renaming identifier 'WifiProfileEntry' to 'O_CA3CF3AC'.
[ClassObfuscationRewriter] 2025-12-01T19:46:10.5131921Z Renaming identifier 'WifiProfileEntry' to 'O_CA3CF3AC'.
[ClassObfuscationRewriter] 2025-12-01T19:46:10.5167914Z Renaming identifier 'CommandDTOBase' to 'O_4AED570F'.
[ClassObfuscationRewriter] 2025-12-01T19:46:10.5184077Z Renaming identifier 'Win32Error' to 'O_3BB7B919'.
[ClassObfuscationRewriter] 2025-12-01T19:46:10.5184077Z Renaming identifier 'Win32Error' to 'O_3BB7B919'.
[ClassObfuscationRewriter] 2025-12-01T19:46:10.5201191Z Renaming identifier 'Win32Error' to 'O_3BB7B919'.
[ClassObfuscationRewriter] 2025-12-01T19:46:10.5207596Z Renaming identifier 'Win32Error' to 'O_3BB7B919'.
[ClassObfuscationRewriter] 2025-12-01T19:46:10.5221147Z Renaming identifier 'Win32Error' to 'O_3BB7B919'.
[ClassObfuscationRewriter] 2025-12-01T19:46:10.5227760Z Visiting object creation for type 'WifiProfileDTO' => 'O_97D40AC0'. Arguments visited: True.
[ClassObfuscationRewriter] 2025-12-01T19:46:10.5498384Z Renaming identifier 'Seatbelt' to 'O_F41F88FA'.
[ClassObfuscationRewriter] 2025-12-01T19:46:10.5503797Z Renaming identifier 'Seatbelt' to 'O_F41F88FA'.
[ClassObfuscationRewriter] 2025-12-01T19:46:10.5510045Z Renaming identifier 'Seatbelt' to 'O_F41F88FA'.
[ClassObfuscationRewriter] 2025-12-01T19:46:10.5522105Z Renaming identifier 'CommandBase' to 'O_2183A68D'.
[ClassObfuscationRewriter] 2025-12-01T19:46:10.5527857Z Renaming identifier 'CommandDTOBase' to 'O_4AED570F'.
[ClassObfuscationRewriter] 2025-12-01T19:46:10.5535494Z Visiting object creation for type 'WMIDTO' => 'O_CACA4DCD'. Arguments visited: True.
[ClassObfuscationRewriter] 2025-12-01T19:46:10.5547644Z Renaming identifier 'CommandDTOBase' to 'O_4AED570F'.
[ClassObfuscationRewriter] 2025-12-01T19:46:10.5555677Z Visiting object creation for type 'System.DateTime' => 'System.DateTime'. Arguments visited: True.
[ClassObfuscationRewriter] 2025-12-01T19:46:10.5561346Z Visiting object creation for type 'WMIDTO' => 'O_CACA4DCD'. Arguments visited: True.
[ClassObfuscationRewriter] 2025-12-01T19:46:10.5634161Z Renaming identifier 'CommandDTOBase' to 'O_4AED570F'.
[ClassObfuscationRewriter] 2025-12-01T19:46:10.5653505Z Renaming identifier 'WMIDTO' to 'O_CACA4DCD'.
[ClassObfuscationRewriter] 2025-12-01T19:46:10.5681017Z Visiting object creation for type 'System.DateTime' => 'System.DateTime'. Arguments visited: True.
[ClassObfuscationRewriter] 2025-12-01T19:46:10.5686568Z Visiting object creation for type 'System.DateTime' => 'System.DateTime'. Arguments visited: True.
[ClassObfuscationRewriter] 2025-12-01T19:46:10.5818313Z Renaming identifier 'Seatbelt' to 'O_F41F88FA'.
[ClassObfuscationRewriter] 2025-12-01T19:46:10.5833901Z Renaming identifier 'Seatbelt' to 'O_F41F88FA'.
[ClassObfuscationRewriter] 2025-12-01T19:46:10.5837121Z Renaming identifier 'Seatbelt' to 'O_F41F88FA'.
[ClassObfuscationRewriter] 2025-12-01T19:46:10.5864868Z Renaming identifier 'CommandBase' to 'O_2183A68D'.
[ClassObfuscationRewriter] 2025-12-01T19:46:10.5880360Z Renaming identifier 'CommandDTOBase' to 'O_4AED570F'.
[ClassObfuscationRewriter] 2025-12-01T19:46:10.5904805Z Visiting object creation for type 'FileZillaDTO' => 'O_2B67EEE8'. Arguments visited: True.
[ClassObfuscationRewriter] 2025-12-01T19:46:10.5910278Z Renaming identifier 'CommandDTOBase' to 'O_4AED570F'.
[ClassObfuscationRewriter] 2025-12-01T19:46:10.5921961Z Renaming identifier 'FileZillaConfig' to 'O_3C59B5D5'.
[ClassObfuscationRewriter] 2025-12-01T19:46:10.5928793Z Visited generic 'List' with updated type arguments: <O_3C59B5D5>.
[ClassObfuscationRewriter] 2025-12-01T19:46:10.5940012Z Renaming identifier 'FileZillaDTO' to 'O_2B67EEE8'.
[ClassObfuscationRewriter] 2025-12-01T19:46:10.5946996Z Visiting object creation for type 'System.TimeSpan' => 'System.TimeSpan'. Arguments visited: True.
[ClassObfuscationRewriter] 2025-12-01T19:46:10.5981525Z Renaming identifier 'CommandDTOBase' to 'O_4AED570F'.
[ClassObfuscationRewriter] 2025-12-01T19:46:10.5987229Z Visiting object creation for type 'System.TimeSpan' => 'System.TimeSpan'. Arguments visited: True.
[ClassObfuscationRewriter] 2025-12-01T19:46:10.6252537Z Visiting object creation for type 'FileZillaDTO' => 'O_2B67EEE8'. Arguments visited: True.
[ClassObfuscationRewriter] 2025-12-01T19:46:10.6489864Z Renaming identifier 'Seatbelt' to 'O_F41F88FA'.
[ClassObfuscationRewriter] 2025-12-01T19:46:10.6500770Z Renaming identifier 'Seatbelt' to 'O_F41F88FA'.
[ClassObfuscationRewriter] 2025-12-01T19:46:10.6510129Z Renaming identifier 'CommandBase' to 'O_2183A68D'.
[ClassObfuscationRewriter] 2025-12-01T19:46:10.6518797Z Renaming identifier 'CommandDTOBase' to 'O_4AED570F'.
[ClassObfuscationRewriter] 2025-12-01T19:46:10.6540918Z Visiting object creation for type 'KeePassDTO' => 'O_E2550E92'. Arguments visited: True.
[ClassObfuscationRewriter] 2025-12-01T19:46:10.6558771Z Visiting object creation for type 'KeePassDTO' => 'O_E2550E92'. Arguments visited: True.
[ClassObfuscationRewriter] 2025-12-01T19:46:10.6569877Z Renaming identifier 'CommandDTOBase' to 'O_4AED570F'.
[ClassObfuscationRewriter] 2025-12-01T19:46:10.6582566Z Renaming identifier 'CommandDTOBase' to 'O_4AED570F'.
[ClassObfuscationRewriter] 2025-12-01T19:46:10.6592301Z Visiting object creation for type 'System.DateTime' => 'System.DateTime'. Arguments visited: True.
[ClassObfuscationRewriter] 2025-12-01T19:46:10.6603727Z Visiting object creation for type 'KeePassDTO' => 'O_E2550E92'. Arguments visited: True.
[ClassObfuscationRewriter] 2025-12-01T19:46:10.6612188Z Visiting object creation for type 'KeePassDTO' => 'O_E2550E92'. Arguments visited: True.
[ClassObfuscationRewriter] 2025-12-01T19:46:10.6762363Z Renaming identifier 'Seatbelt' to 'O_F41F88FA'.
[ClassObfuscationRewriter] 2025-12-01T19:46:10.6774188Z Renaming identifier 'Seatbelt' to 'O_F41F88FA'.
[ClassObfuscationRewriter] 2025-12-01T19:46:10.6779358Z Renaming identifier 'CommandBase' to 'O_2183A68D'.
[ClassObfuscationRewriter] 2025-12-01T19:46:10.6792742Z Renaming identifier 'CommandDTOBase' to 'O_4AED570F'.
[ClassObfuscationRewriter] 2025-12-01T19:46:10.6812436Z Visiting object creation for type 'McAfeeConfigsDTO' => 'O_B517DD7E'. Arguments visited: True.
[ClassObfuscationRewriter] 2025-12-01T19:46:10.6823755Z Visiting object creation for type 'McAfeeConfigsDTO' => 'O_B517DD7E'. Arguments visited: True.
[ClassObfuscationRewriter] 2025-12-01T19:46:10.6841259Z Renaming identifier 'CommandDTOBase' to 'O_4AED570F'.
[ClassObfuscationRewriter] 2025-12-01T19:46:10.6849871Z Renaming identifier 'CommandDTOBase' to 'O_4AED570F'.
[ClassObfuscationRewriter] 2025-12-01T19:46:10.6868753Z Visiting object creation for type 'McAfeeConfigsDTO' => 'O_B517DD7E'. Arguments visited: True.
[ClassObfuscationRewriter] 2025-12-01T19:46:10.6880891Z Visiting object creation for type 'McAfeeConfigsDTO' => 'O_B517DD7E'. Arguments visited: True.
[ClassObfuscationRewriter] 2025-12-01T19:46:10.7056267Z Renaming identifier 'Seatbelt' to 'O_F41F88FA'.
[ClassObfuscationRewriter] 2025-12-01T19:46:10.7063455Z Renaming identifier 'Seatbelt' to 'O_F41F88FA'.
[ClassObfuscationRewriter] 2025-12-01T19:46:10.7068983Z Renaming identifier 'Seatbelt' to 'O_F41F88FA'.
[ClassObfuscationRewriter] 2025-12-01T19:46:10.7072446Z Renaming identifier 'Seatbelt' to 'O_F41F88FA'.
[ClassObfuscationRewriter] 2025-12-01T19:46:10.7091149Z Renaming identifier 'CommandBase' to 'O_2183A68D'.
[ClassObfuscationRewriter] 2025-12-01T19:46:10.7104009Z Renaming identifier 'CommandDTOBase' to 'O_4AED570F'.
[ClassObfuscationRewriter] 2025-12-01T19:46:10.7123051Z Visiting object creation for type 'McAfeeSiteListDTO' => 'O_A9599790'. Arguments visited: True.
[ClassObfuscationRewriter] 2025-12-01T19:46:10.7129898Z Renaming identifier 'CommandDTOBase' to 'O_4AED570F'.
[ClassObfuscationRewriter] 2025-12-01T19:46:10.7139501Z Renaming identifier 'McAfeeSite' to 'O_1E1BDBB1'.
[ClassObfuscationRewriter] 2025-12-01T19:46:10.7149336Z Visited generic 'List' with updated type arguments: <O_1E1BDBB1>.
[ClassObfuscationRewriter] 2025-12-01T19:46:10.7154451Z Renaming identifier 'McAfeeSiteListDTO' to 'O_A9599790'.
[ClassObfuscationRewriter] 2025-12-01T19:46:10.7167820Z Visiting object creation for type 'System.DateTime' => 'System.DateTime'. Arguments visited: True.
[ClassObfuscationRewriter] 2025-12-01T19:46:10.7189373Z Visiting object creation for type 'System.DateTime' => 'System.DateTime'. Arguments visited: True.
[ClassObfuscationRewriter] 2025-12-01T19:46:10.7208983Z Renaming identifier 'CommandDTOBase' to 'O_4AED570F'.
[ClassObfuscationRewriter] 2025-12-01T19:46:10.7220508Z Visiting object creation for type 'System.DateTime' => 'System.DateTime'. Arguments visited: True.
[ClassObfuscationRewriter] 2025-12-01T19:46:10.7233576Z Visiting object creation for type 'McAfeeSiteListDTO' => 'O_A9599790'. Arguments visited: True.
[ClassObfuscationRewriter] 2025-12-01T19:46:10.7532470Z Renaming identifier 'Seatbelt' to 'O_F41F88FA'.
[ClassObfuscationRewriter] 2025-12-01T19:46:10.7544062Z Renaming identifier 'Seatbelt' to 'O_F41F88FA'.
[ClassObfuscationRewriter] 2025-12-01T19:46:10.7550526Z Renaming identifier 'CommandBase' to 'O_2183A68D'.
[ClassObfuscationRewriter] 2025-12-01T19:46:10.7556272Z Renaming identifier 'CommandDTOBase' to 'O_4AED570F'.
[ClassObfuscationRewriter] 2025-12-01T19:46:10.7573334Z Visiting object creation for type 'OracleConnectionsDTO' => 'O_0FDEAD5C'. Arguments visited: True.
[ClassObfuscationRewriter] 2025-12-01T19:46:10.7579811Z Renaming identifier 'CommandDTOBase' to 'O_4AED570F'.
[ClassObfuscationRewriter] 2025-12-01T19:46:10.7592187Z Renaming identifier 'CommandDTOBase' to 'O_4AED570F'.
[ClassObfuscationRewriter] 2025-12-01T19:46:10.7605736Z Visiting object creation for type 'System.Security.Cryptography.X509Certificates.X509ContentType' => 'System.Security.Cryptography.X509Certificates.X509ContentType'. Arguments visited: True.
[ClassObfuscationRewriter] 2025-12-01T19:46:10.7621561Z Visiting object creation for type 'OracleConnectionsDTO' => 'O_0FDEAD5C'. Arguments visited: True.
[ClassObfuscationRewriter] 2025-12-01T19:46:10.7739756Z Renaming identifier 'Seatbelt' to 'O_F41F88FA'.
[ClassObfuscationRewriter] 2025-12-01T19:46:10.7753031Z Renaming identifier 'Seatbelt' to 'O_F41F88FA'.
[ClassObfuscationRewriter] 2025-12-01T19:46:10.7760469Z Renaming identifier 'Seatbelt' to 'O_F41F88FA'.
[ClassObfuscationRewriter] 2025-12-01T19:46:10.7779621Z Renaming identifier 'CommandBase' to 'O_2183A68D'.
[ClassObfuscationRewriter] 2025-12-01T19:46:10.7794546Z Renaming identifier 'CommandDTOBase' to 'O_4AED570F'.
[ClassObfuscationRewriter] 2025-12-01T19:46:10.7810670Z Visiting object creation for type 'SuperPuttyDTO' => 'O_0DB98354'. Arguments visited: True.
[ClassObfuscationRewriter] 2025-12-01T19:46:10.7821716Z Renaming identifier 'CommandDTOBase' to 'O_4AED570F'.
[ClassObfuscationRewriter] 2025-12-01T19:46:10.7827799Z Renaming identifier 'SuperPuttyConfig' to 'O_39A73883'.
[ClassObfuscationRewriter] 2025-12-01T19:46:10.7833218Z Visited generic 'List' with updated type arguments: <O_39A73883>.
[ClassObfuscationRewriter] 2025-12-01T19:46:10.7844062Z Renaming identifier 'SuperPuttyDTO' to 'O_0DB98354'.
[ClassObfuscationRewriter] 2025-12-01T19:46:10.7876047Z Renaming identifier 'CommandDTOBase' to 'O_4AED570F'.
[ClassObfuscationRewriter] 2025-12-01T19:46:10.7905796Z Visiting object creation for type 'SuperPuttyDTO' => 'O_0DB98354'. Arguments visited: True.
[ClassObfuscationRewriter] 2025-12-01T19:46:10.8301053Z Renaming identifier 'Seatbelt' to 'O_F41F88FA'.
[ClassObfuscationRewriter] 2025-12-01T19:46:10.8313542Z Renaming identifier 'Seatbelt' to 'O_F41F88FA'.
[ClassObfuscationRewriter] 2025-12-01T19:46:10.8319030Z Renaming identifier 'Seatbelt' to 'O_F41F88FA'.
[ClassObfuscationRewriter] 2025-12-01T19:46:10.8333207Z Renaming identifier 'CommandBase' to 'O_2183A68D'.
[ClassObfuscationRewriter] 2025-12-01T19:46:10.8344661Z Renaming identifier 'CommandDTOBase' to 'O_4AED570F'.
[ClassObfuscationRewriter] 2025-12-01T19:46:10.8356071Z Visiting object creation for type 'List<string>' => 'List<string>'. Arguments visited: False.
[ClassObfuscationRewriter] 2025-12-01T19:46:10.8368173Z Updated generic object creation type arguments: <string> for 'List<string>'.
[ClassObfuscationRewriter] 2025-12-01T19:46:10.8379391Z Visiting object creation for type 'List<string>' => 'List<string>'. Arguments visited: False.
[ClassObfuscationRewriter] 2025-12-01T19:46:10.8384921Z Updated generic object creation type arguments: <string> for 'List<string>'.
[ClassObfuscationRewriter] 2025-12-01T19:46:10.8397284Z Visiting object creation for type 'CloudSyncProviderDTO' => 'O_0605B384'. Arguments visited: True.
[ClassObfuscationRewriter] 2025-12-01T19:46:10.8402403Z Renaming identifier 'CommandDTOBase' to 'O_4AED570F'.
[ClassObfuscationRewriter] 2025-12-01T19:46:10.8409036Z Renaming identifier 'OneDriveSyncProvider' to 'O_DD3D4417'.
[ClassObfuscationRewriter] 2025-12-01T19:46:10.8418767Z Renaming identifier 'CloudSyncProviderDTO' to 'O_0605B384'.
[ClassObfuscationRewriter] 2025-12-01T19:46:10.8624063Z Renaming identifier 'CommandDTOBase' to 'O_4AED570F'.
[ClassObfuscationRewriter] 2025-12-01T19:46:10.8644459Z Visiting object creation for type 'List<string>' => 'List<string>'. Arguments visited: False.
[ClassObfuscationRewriter] 2025-12-01T19:46:10.8655709Z Updated generic object creation type arguments: <string> for 'List<string>'.
[ClassObfuscationRewriter] 2025-12-01T19:46:10.8674000Z Visiting object creation for type 'List<string>' => 'List<string>'. Arguments visited: False.
[ClassObfuscationRewriter] 2025-12-01T19:46:10.8679523Z Updated generic object creation type arguments: <string> for 'List<string>'.
[ClassObfuscationRewriter] 2025-12-01T19:46:10.8690459Z Visiting object creation for type 'CloudSyncProviderDTO' => 'O_0605B384'. Arguments visited: True.
[ClassObfuscationRewriter] 2025-12-01T19:46:10.9084943Z Renaming identifier 'Seatbelt' to 'O_F41F88FA'.
[ClassObfuscationRewriter] 2025-12-01T19:46:10.9097233Z Renaming identifier 'Seatbelt' to 'O_F41F88FA'.
[ClassObfuscationRewriter] 2025-12-01T19:46:10.9108598Z Renaming identifier 'Seatbelt' to 'O_F41F88FA'.
[ClassObfuscationRewriter] 2025-12-01T19:46:10.9112116Z Renaming identifier 'Seatbelt' to 'O_F41F88FA'.
[ClassObfuscationRewriter] 2025-12-01T19:46:10.9117206Z Renaming identifier 'CommandBase' to 'O_2183A68D'.
[ClassObfuscationRewriter] 2025-12-01T19:46:10.9128264Z Renaming identifier 'CommandDTOBase' to 'O_4AED570F'.
[ClassObfuscationRewriter] 2025-12-01T19:46:10.9139432Z Visiting object creation for type 'OptionalFeaturesCommandDTO' => 'O_ABB262A2'. Arguments visited: True.
[ClassObfuscationRewriter] 2025-12-01T19:46:10.9147054Z Renaming identifier 'CommandDTOBase' to 'O_4AED570F'.
[ClassObfuscationRewriter] 2025-12-01T19:46:10.9159453Z Visiting object creation for type 'OptionalFeaturesCommandDTO' => 'O_ABB262A2'. Arguments visited: True.
[ClassObfuscationRewriter] 2025-12-01T19:46:10.9252538Z Renaming identifier 'CommandDTOBase' to 'O_4AED570F'.
[ClassObfuscationRewriter] 2025-12-01T19:46:10.9267263Z Renaming identifier 'OptionalFeaturesCommandDTO' to 'O_ABB262A2'.
[ClassObfuscationRewriter] 2025-12-01T19:46:10.9353894Z Renaming identifier 'Seatbelt' to 'O_F41F88FA'.
[ClassObfuscationRewriter] 2025-12-01T19:46:10.9368254Z Renaming identifier 'Seatbelt' to 'O_F41F88FA'.
[ClassObfuscationRewriter] 2025-12-01T19:46:10.9378797Z Renaming identifier 'Seatbelt' to 'O_F41F88FA'.
[ClassObfuscationRewriter] 2025-12-01T19:46:10.9383906Z Renaming identifier 'CommandBase' to 'O_2183A68D'.
[ClassObfuscationRewriter] 2025-12-01T19:46:10.9392674Z Renaming identifier 'CommandDTOBase' to 'O_4AED570F'.
[ClassObfuscationRewriter] 2025-12-01T19:46:10.9406699Z Visiting object creation for type 'CertificateDTO' => 'O_4EA69D19'. Arguments visited: True.
[ClassObfuscationRewriter] 2025-12-01T19:46:10.9411828Z Renaming identifier 'CommandDTOBase' to 'O_4AED570F'.
[ClassObfuscationRewriter] 2025-12-01T19:46:10.9423427Z Renaming identifier 'CertificateDTO' to 'O_4EA69D19'.
[ClassObfuscationRewriter] 2025-12-01T19:46:10.9563406Z Renaming identifier 'CommandDTOBase' to 'O_4AED570F'.
[ClassObfuscationRewriter] 2025-12-01T19:46:10.9586784Z Visiting object creation for type 'CertificateDTO' => 'O_4EA69D19'. Arguments visited: True.
[ClassObfuscationRewriter] 2025-12-01T19:46:10.9820303Z Renaming identifier 'Seatbelt' to 'O_F41F88FA'.
[ClassObfuscationRewriter] 2025-12-01T19:46:10.9831772Z Renaming identifier 'Seatbelt' to 'O_F41F88FA'.
[ClassObfuscationRewriter] 2025-12-01T19:46:10.9838055Z Renaming identifier 'Seatbelt' to 'O_F41F88FA'.
[ClassObfuscationRewriter] 2025-12-01T19:46:10.9843938Z Renaming identifier 'CommandBase' to 'O_2183A68D'.
[ClassObfuscationRewriter] 2025-12-01T19:46:10.9854941Z Renaming identifier 'CommandDTOBase' to 'O_4AED570F'.
[ClassObfuscationRewriter] 2025-12-01T19:46:10.9862006Z Visiting object creation for type 'CertificateThumbprintDTO' => 'O_67DBEBA0'. Arguments visited: True.
[ClassObfuscationRewriter] 2025-12-01T19:46:10.9873609Z Renaming identifier 'CommandDTOBase' to 'O_4AED570F'.
[ClassObfuscationRewriter] 2025-12-01T19:46:10.9885287Z Renaming identifier 'CertificateThumbprintDTO' to 'O_67DBEBA0'.
[ClassObfuscationRewriter] 2025-12-01T19:46:10.9896269Z Visiting object creation for type 'System.IO.SeekOrigin' => 'System.IO.SeekOrigin'. Arguments visited: True.
[ClassObfuscationRewriter] 2025-12-01T19:46:11.0115955Z Renaming identifier 'CommandDTOBase' to 'O_4AED570F'.
[ClassObfuscationRewriter] 2025-12-01T19:46:11.0127732Z Visiting object creation for type 'System.IO.SeekOrigin' => 'System.IO.SeekOrigin'. Arguments visited: True.
[ClassObfuscationRewriter] 2025-12-01T19:46:11.0133895Z Visiting object creation for type 'CertificateThumbprintDTO' => 'O_67DBEBA0'. Arguments visited: True.
[ClassObfuscationRewriter] 2025-12-01T19:46:11.0228331Z Renaming identifier 'Seatbelt' to 'O_F41F88FA'.
[ClassObfuscationRewriter] 2025-12-01T19:46:11.0239315Z Renaming identifier 'Seatbelt' to 'O_F41F88FA'.
[ClassObfuscationRewriter] 2025-12-01T19:46:11.0245428Z Renaming identifier 'Seatbelt' to 'O_F41F88FA'.
[ClassObfuscationRewriter] 2025-12-01T19:46:11.0256436Z Renaming identifier 'CommandBase' to 'O_2183A68D'.
[ClassObfuscationRewriter] 2025-12-01T19:46:11.0268752Z Renaming identifier 'CommandDTOBase' to 'O_4AED570F'.
[ClassObfuscationRewriter] 2025-12-01T19:46:11.0278553Z Visiting object creation for type 'HotfixDTO' => 'O_CF740C91'. Arguments visited: True.
[ClassObfuscationRewriter] 2025-12-01T19:46:11.0289018Z Renaming identifier 'CommandDTOBase' to 'O_4AED570F'.
[ClassObfuscationRewriter] 2025-12-01T19:46:11.0294110Z Visiting object creation for type 'System.Runtime.Serialization.StreamingContext' => 'System.Runtime.Serialization.StreamingContext'. Arguments visited: True.
[ClassObfuscationRewriter] 2025-12-01T19:46:11.0307630Z Visiting object creation for type 'HotfixDTO' => 'O_CF740C91'. Arguments visited: True.
[ClassObfuscationRewriter] 2025-12-01T19:46:11.0383014Z Renaming identifier 'CommandDTOBase' to 'O_4AED570F'.
[ClassObfuscationRewriter] 2025-12-01T19:46:11.0394589Z Renaming identifier 'HotfixDTO' to 'O_CF740C91'.
[ClassObfuscationRewriter] 2025-12-01T19:46:11.0405453Z Visiting object creation for type 'System.Runtime.Serialization.StreamingContext' => 'System.Runtime.Serialization.StreamingContext'. Arguments visited: True.
[ClassObfuscationRewriter] 2025-12-01T19:46:11.0473132Z Renaming identifier 'Seatbelt' to 'O_F41F88FA'.
[ClassObfuscationRewriter] 2025-12-01T19:46:11.0485409Z Renaming identifier 'Seatbelt' to 'O_F41F88FA'.
[ClassObfuscationRewriter] 2025-12-01T19:46:11.0491820Z Renaming identifier 'Seatbelt' to 'O_F41F88FA'.
[ClassObfuscationRewriter] 2025-12-01T19:46:11.0491820Z Renaming identifier 'CommandBase' to 'O_2183A68D'.
[ClassObfuscationRewriter] 2025-12-01T19:46:11.0504921Z Renaming identifier 'CommandDTOBase' to 'O_4AED570F'.
[ClassObfuscationRewriter] 2025-12-01T19:46:11.0515829Z Visiting object creation for type 'MicrosoftUpdateDTO' => 'O_2C0A69AB'. Arguments visited: True.
[ClassObfuscationRewriter] 2025-12-01T19:46:11.0532145Z Renaming identifier 'CommandDTOBase' to 'O_4AED570F'.
[ClassObfuscationRewriter] 2025-12-01T19:46:11.0546589Z Visiting object creation for type 'MicrosoftUpdateDTO' => 'O_2C0A69AB'. Arguments visited: True.
[ClassObfuscationRewriter] 2025-12-01T19:46:11.0675884Z Renaming identifier 'CommandDTOBase' to 'O_4AED570F'.
[ClassObfuscationRewriter] 2025-12-01T19:46:11.0695447Z Renaming identifier 'MicrosoftUpdateDTO' to 'O_2C0A69AB'.
[ClassObfuscationRewriter] 2025-12-01T19:46:11.0710867Z Visiting object creation for type 'System.DateTime' => 'System.DateTime'. Arguments visited: True.
[ClassObfuscationRewriter] 2025-12-01T19:46:11.0806229Z Renaming identifier 'Seatbelt' to 'O_F41F88FA'.
[ClassObfuscationRewriter] 2025-12-01T19:46:11.0820295Z Renaming identifier 'Seatbelt' to 'O_F41F88FA'.
[ClassObfuscationRewriter] 2025-12-01T19:46:11.0826318Z Renaming identifier 'Seatbelt' to 'O_F41F88FA'.
[ClassObfuscationRewriter] 2025-12-01T19:46:11.0833794Z Renaming identifier 'Seatbelt' to 'O_F41F88FA'.
[ClassObfuscationRewriter] 2025-12-01T19:46:11.0844900Z Renaming identifier 'CommandBase' to 'O_2183A68D'.
[ClassObfuscationRewriter] 2025-12-01T19:46:11.0857410Z Renaming identifier 'CommandDTOBase' to 'O_4AED570F'.
[ClassObfuscationRewriter] 2025-12-01T19:46:11.0864905Z Renaming identifier 'NtlmHashDTO' to 'O_C30E6D93'.
[ClassObfuscationRewriter] 2025-12-01T19:46:11.0876886Z Visiting object creation for type 'Exception' => 'Exception'. Arguments visited: True.
[ClassObfuscationRewriter] 2025-12-01T19:46:11.0882567Z Visiting object creation for type 'Exception' => 'Exception'. Arguments visited: True.
[ClassObfuscationRewriter] 2025-12-01T19:46:11.0890652Z Visiting object creation for type 'Exception' => 'Exception'. Arguments visited: True.
[ClassObfuscationRewriter] 2025-12-01T19:46:11.0902241Z Visiting object creation for type 'Exception' => 'Exception'. Arguments visited: True.
[ClassObfuscationRewriter] 2025-12-01T19:46:11.0916376Z Renaming identifier 'NtlmHashDTO' to 'O_C30E6D93'.
[ClassObfuscationRewriter] 2025-12-01T19:46:11.0930053Z Visiting object creation for type 'NtlmHashDTO' => 'O_C30E6D93'. Arguments visited: True.
[ClassObfuscationRewriter] 2025-12-01T19:46:11.0936798Z Visiting object creation for type 'NtlmHashDTO' => 'O_C30E6D93'. Arguments visited: True.
[ClassObfuscationRewriter] 2025-12-01T19:46:11.0943041Z Visiting object creation for type 'Exception' => 'Exception'. Arguments visited: True.
[ClassObfuscationRewriter] 2025-12-01T19:46:11.0962633Z Renaming identifier 'CommandDTOBase' to 'O_4AED570F'.
[ClassObfuscationRewriter] 2025-12-01T19:46:11.0969289Z Renaming identifier 'NtlmHashDTO' to 'O_C30E6D93'.
[ClassObfuscationRewriter] 2025-12-01T19:46:11.0978517Z Visiting object creation for type 'Exception' => 'Exception'. Arguments visited: True.
[ClassObfuscationRewriter] 2025-12-01T19:46:11.0985504Z Visiting object creation for type 'Exception' => 'Exception'. Arguments visited: True.
[ClassObfuscationRewriter] 2025-12-01T19:46:11.0991941Z Visiting object creation for type 'Exception' => 'Exception'. Arguments visited: True.
[ClassObfuscationRewriter] 2025-12-01T19:46:11.0999128Z Visiting object creation for type 'Exception' => 'Exception'. Arguments visited: True.
[ClassObfuscationRewriter] 2025-12-01T19:46:11.1004858Z Renaming identifier 'NtlmHashDTO' to 'O_C30E6D93'.
[ClassObfuscationRewriter] 2025-12-01T19:46:11.1020055Z Visiting object creation for type 'NtlmHashDTO' => 'O_C30E6D93'. Arguments visited: True.
[ClassObfuscationRewriter] 2025-12-01T19:46:11.1036348Z Visiting object creation for type 'NtlmHashDTO' => 'O_C30E6D93'. Arguments visited: True.
[ClassObfuscationRewriter] 2025-12-01T19:46:11.1041474Z Visiting object creation for type 'Exception' => 'Exception'. Arguments visited: True.
[ClassObfuscationRewriter] 2025-12-01T19:46:11.1300840Z Renaming identifier 'CommandDTOBase' to 'O_4AED570F'.
[ClassObfuscationRewriter] 2025-12-01T19:46:11.1361414Z Renaming identifier 'Seatbelt' to 'O_F41F88FA'.
[ClassObfuscationRewriter] 2025-12-01T19:46:11.1408530Z Renaming identifier 'Seatbelt' to 'O_F41F88FA'.
[ClassObfuscationRewriter] 2025-12-01T19:46:11.1450685Z Renaming identifier 'Seatbelt' to 'O_F41F88FA'.
[ClassObfuscationRewriter] 2025-12-01T19:46:11.1504869Z Renaming identifier 'Seatbelt' to 'O_F41F88FA'.
[ClassObfuscationRewriter] 2025-12-01T19:46:11.1511958Z Renaming identifier 'Seatbelt' to 'O_F41F88FA'.
[ClassObfuscationRewriter] 2025-12-01T19:46:11.1517492Z Renaming identifier 'CommandBase' to 'O_2183A68D'.
[ClassObfuscationRewriter] 2025-12-01T19:46:11.1530656Z Renaming identifier 'CommandDTOBase' to 'O_4AED570F'.
[ClassObfuscationRewriter] 2025-12-01T19:46:11.1538501Z Visiting object creation for type 'Regex' => 'Regex'. Arguments visited: True.
[ClassObfuscationRewriter] 2025-12-01T19:46:11.1552209Z Visiting object creation for type 'PowerShellHistoryDTO' => 'O_87DB36ED'. Arguments visited: True.
[ClassObfuscationRewriter] 2025-12-01T19:46:11.1562858Z Renaming identifier 'CommandDTOBase' to 'O_4AED570F'.
[ClassObfuscationRewriter] 2025-12-01T19:46:11.1575405Z Renaming identifier 'CommandDTOBase' to 'O_4AED570F'.
[ClassObfuscationRewriter] 2025-12-01T19:46:11.1584755Z Visiting object creation for type 'System.DateTime' => 'System.DateTime'. Arguments visited: True.
[ClassObfuscationRewriter] 2025-12-01T19:46:11.1589858Z Visiting object creation for type 'Regex' => 'Regex'. Arguments visited: True.
[ClassObfuscationRewriter] 2025-12-01T19:46:11.1603891Z Visiting object creation for type 'PowerShellHistoryDTO' => 'O_87DB36ED'. Arguments visited: True.
[ClassObfuscationRewriter] 2025-12-01T19:46:11.1810870Z Renaming identifier 'Seatbelt' to 'O_F41F88FA'.
[ClassObfuscationRewriter] 2025-12-01T19:46:11.1821680Z Renaming identifier 'Seatbelt' to 'O_F41F88FA'.
[ClassObfuscationRewriter] 2025-12-01T19:46:11.1821680Z Renaming identifier 'Seatbelt' to 'O_F41F88FA'.
[ClassObfuscationRewriter] 2025-12-01T19:46:11.1828375Z Renaming identifier 'Seatbelt' to 'O_F41F88FA'.
[ClassObfuscationRewriter] 2025-12-01T19:46:11.1834711Z Renaming identifier 'Wtsapi32' to 'O_17620FAB'.
[ClassObfuscationRewriter] 2025-12-01T19:46:11.1841502Z Renaming qualified name 'Seatbelt.Interop.Wtsapi32' to 'O_F41F88FA.Interop.O_17620FAB'.
[ClassObfuscationRewriter] 2025-12-01T19:46:11.1847181Z Renaming identifier 'Seatbelt' to 'O_F41F88FA'.
[ClassObfuscationRewriter] 2025-12-01T19:46:11.1847181Z Renaming identifier 'CommandBase' to 'O_2183A68D'.
[ClassObfuscationRewriter] 2025-12-01T19:46:11.1861168Z Renaming identifier 'CommandDTOBase' to 'O_4AED570F'.
[ClassObfuscationRewriter] 2025-12-01T19:46:11.1872338Z Visiting object creation for type 'Win32Exception' => 'Win32Exception'. Arguments visited: True.
[ClassObfuscationRewriter] 2025-12-01T19:46:11.1881996Z Visiting object creation for type 'Version' => 'Version'. Arguments visited: True.
[ClassObfuscationRewriter] 2025-12-01T19:46:11.1887087Z Visiting object creation for type 'RDPSessionsDTO' => 'O_978EAB6D'. Arguments visited: True.
[ClassObfuscationRewriter] 2025-12-01T19:46:11.1892886Z Renaming identifier 'CommandDTOBase' to 'O_4AED570F'.
[ClassObfuscationRewriter] 2025-12-01T19:46:11.1898452Z Visiting object creation for type 'System.DateTime' => 'System.DateTime'. Arguments visited: True.
[ClassObfuscationRewriter] 2025-12-01T19:46:11.2079891Z Visiting object creation for type 'Win32Exception' => 'Win32Exception'. Arguments visited: True.
[ClassObfuscationRewriter] 2025-12-01T19:46:11.2089648Z Visiting object creation for type 'Version' => 'Version'. Arguments visited: True.
[ClassObfuscationRewriter] 2025-12-01T19:46:11.2101523Z Visiting object creation for type 'RDPSessionsDTO' => 'O_978EAB6D'. Arguments visited: True.
[ClassObfuscationRewriter] 2025-12-01T19:46:11.2220079Z Renaming identifier 'CommandDTOBase' to 'O_4AED570F'.
[ClassObfuscationRewriter] 2025-12-01T19:46:11.2267918Z Renaming identifier 'RDPSessionsDTO' to 'O_978EAB6D'.
[ClassObfuscationRewriter] 2025-12-01T19:46:11.2308970Z Visiting object creation for type 'System.DateTime' => 'System.DateTime'. Arguments visited: True.
[ClassObfuscationRewriter] 2025-12-01T19:46:11.2544066Z Renaming identifier 'Seatbelt' to 'O_F41F88FA'.
[ClassObfuscationRewriter] 2025-12-01T19:46:11.2559449Z Visiting object creation for type 'IntPtr' => 'IntPtr'. Arguments visited: True.
[ClassObfuscationRewriter] 2025-12-01T19:46:11.2647390Z Renaming identifier 'Seatbelt' to 'O_F41F88FA'.
[ClassObfuscationRewriter] 2025-12-01T19:46:11.2658917Z Renaming identifier 'Seatbelt' to 'O_F41F88FA'.
[ClassObfuscationRewriter] 2025-12-01T19:46:11.2665869Z Visiting object creation for type 'MemoryStream' => 'MemoryStream'. Arguments visited: True.
[ClassObfuscationRewriter] 2025-12-01T19:46:11.2672025Z Visiting object creation for type 'StreamWriter' => 'StreamWriter'. Arguments visited: True.
[ClassObfuscationRewriter] 2025-12-01T19:46:11.2683592Z Renaming identifier 'HostDTO' to 'O_75A28A1C'.
[ClassObfuscationRewriter] 2025-12-01T19:46:11.2691105Z Renaming identifier 'ErrorDTO' to 'O_DDA13DE3'.
[ClassObfuscationRewriter] 2025-12-01T19:46:11.2694823Z Visiting object creation for type 'ErrorDTO' => 'O_DDA13DE3'. Arguments visited: True.
[ClassObfuscationRewriter] 2025-12-01T19:46:11.2699917Z Visiting object creation for type 'VerboseDTO' => 'O_77AFBCF7'. Arguments visited: True.
[ClassObfuscationRewriter] 2025-12-01T19:46:11.2711767Z Visiting object creation for type 'WarningDTO' => 'O_56497D89'. Arguments visited: True.
[ClassObfuscationRewriter] 2025-12-01T19:46:11.2717676Z Visiting object creation for type 'ErrorDTO' => 'O_DDA13DE3'. Arguments visited: True.
[ClassObfuscationRewriter] 2025-12-01T19:46:11.2724352Z Visiting object creation for type 'HostDTO' => 'O_75A28A1C'. Arguments visited: True.
[ClassObfuscationRewriter] 2025-12-01T19:46:11.2730126Z Renaming identifier 'HostDTO' to 'O_75A28A1C'.
[ClassObfuscationRewriter] 2025-12-01T19:46:11.2741268Z Renaming identifier 'ErrorDTO' to 'O_DDA13DE3'.
[ClassObfuscationRewriter] 2025-12-01T19:46:11.2909674Z Visiting object creation for type 'ErrorDTO' => 'O_DDA13DE3'. Arguments visited: True.
[ClassObfuscationRewriter] 2025-12-01T19:46:11.3026365Z Renaming identifier 'Seatbelt' to 'O_F41F88FA'.
[ClassObfuscationRewriter] 2025-12-01T19:46:11.3031989Z Renaming identifier 'SeatbeltOptions' to 'O_F2A11310'.
[ClassObfuscationRewriter] 2025-12-01T19:46:11.3046188Z Visiting object creation for type 'List<string>' => 'List<string>'. Arguments visited: True.
[ClassObfuscationRewriter] 2025-12-01T19:46:11.3052560Z Updated generic object creation type arguments: <string> for 'List<string>'.
[ClassObfuscationRewriter] 2025-12-01T19:46:11.3059002Z Visiting object creation for type 'SeatbeltOptions' => 'O_F2A11310'. Arguments visited: True.
[ClassObfuscationRewriter] 2025-12-01T19:46:11.3065497Z Visiting object creation for type 'Exception' => 'Exception'. Arguments visited: True.
[ClassObfuscationRewriter] 2025-12-01T19:46:11.3071681Z Renaming identifier 'SeatbeltOptions' to 'O_F2A11310'.
[ClassObfuscationRewriter] 2025-12-01T19:46:11.3080958Z Visiting object creation for type 'System.DateTime' => 'System.DateTime'. Arguments visited: True.
[ClassObfuscationRewriter] 2025-12-01T19:46:11.3080958Z Visiting object creation for type 'List<string>' => 'List<string>'. Arguments visited: True.
[ClassObfuscationRewriter] 2025-12-01T19:46:11.3099033Z Updated generic object creation type arguments: <string> for 'List<string>'.
[ClassObfuscationRewriter] 2025-12-01T19:46:11.3104144Z Visiting object creation for type 'SeatbeltOptions' => 'O_F2A11310'. Arguments visited: True.
[ClassObfuscationRewriter] 2025-12-01T19:46:11.3113296Z Visiting object creation for type 'System.DateTime' => 'System.DateTime'. Arguments visited: True.
[ClassObfuscationRewriter] 2025-12-01T19:46:11.3123550Z Visiting object creation for type 'System.DateTime' => 'System.DateTime'. Arguments visited: True.
[ClassObfuscationRewriter] 2025-12-01T19:46:11.3134336Z Visiting object creation for type 'Exception' => 'Exception'. Arguments visited: True.
[ClassObfuscationRewriter] 2025-12-01T19:46:11.3341115Z Renaming identifier 'Seatbelt' to 'O_F41F88FA'.
[ClassObfuscationRewriter] 2025-12-01T19:46:11.3361771Z Renaming identifier 'Seatbelt' to 'O_F41F88FA'.
[ClassObfuscationRewriter] 2025-12-01T19:46:11.3383568Z Renaming identifier 'Seatbelt' to 'O_F41F88FA'.
[ClassObfuscationRewriter] 2025-12-01T19:46:11.3398707Z Renaming identifier 'CommandBase' to 'O_2183A68D'.
[ClassObfuscationRewriter] 2025-12-01T19:46:11.3427745Z Renaming identifier 'CommandDTOBase' to 'O_4AED570F'.
[ClassObfuscationRewriter] 2025-12-01T19:46:11.3446077Z Visiting object creation for type 'ChromiumBookmarksDTO' => 'O_9EBCBFCE'. Arguments visited: True.
[ClassObfuscationRewriter] 2025-12-01T19:46:11.3457751Z Renaming identifier 'CommandDTOBase' to 'O_4AED570F'.
[ClassObfuscationRewriter] 2025-12-01T19:46:11.3467088Z Renaming identifier 'Bookmark' to 'O_1BAC4007'.
[ClassObfuscationRewriter] 2025-12-01T19:46:11.3478130Z Visited generic 'List' with updated type arguments: <O_1BAC4007>.
[ClassObfuscationRewriter] 2025-12-01T19:46:11.3489045Z Renaming identifier 'ChromiumBookmarksDTO' to 'O_9EBCBFCE'.
[ClassObfuscationRewriter] 2025-12-01T19:46:11.3499673Z Visiting object creation for type 'System.DateTime' => 'System.DateTime'. Arguments visited: True.
[ClassObfuscationRewriter] 2025-12-01T19:46:11.3511862Z Visiting object creation for type 'System.Globalization.CalendarWeekRule' => 'System.Globalization.CalendarWeekRule'. Arguments visited: True.
[ClassObfuscationRewriter] 2025-12-01T19:46:11.3521585Z Visiting object creation for type 'System.DayOfWeek' => 'System.DayOfWeek'. Arguments visited: True.
[ClassObfuscationRewriter] 2025-12-01T19:46:11.3551287Z Renaming identifier 'CommandDTOBase' to 'O_4AED570F'.
[ClassObfuscationRewriter] 2025-12-01T19:46:11.3563138Z Visiting object creation for type 'System.DateTime' => 'System.DateTime'. Arguments visited: True.
[ClassObfuscationRewriter] 2025-12-01T19:46:11.3574146Z Visiting object creation for type 'System.Globalization.CalendarWeekRule' => 'System.Globalization.CalendarWeekRule'. Arguments visited: True.
[ClassObfuscationRewriter] 2025-12-01T19:46:11.3579259Z Visiting object creation for type 'System.DayOfWeek' => 'System.DayOfWeek'. Arguments visited: True.
[ClassObfuscationRewriter] 2025-12-01T19:46:11.3596498Z Visiting object creation for type 'ChromiumBookmarksDTO' => 'O_9EBCBFCE'. Arguments visited: True.
[ClassObfuscationRewriter] 2025-12-01T19:46:11.3832782Z Renaming identifier 'Seatbelt' to 'O_F41F88FA'.
[ClassObfuscationRewriter] 2025-12-01T19:46:11.3843915Z Renaming identifier 'Seatbelt' to 'O_F41F88FA'.
[ClassObfuscationRewriter] 2025-12-01T19:46:11.3855868Z Renaming identifier 'Seatbelt' to 'O_F41F88FA'.
[ClassObfuscationRewriter] 2025-12-01T19:46:11.3865126Z Renaming identifier 'CommandBase' to 'O_2183A68D'.
[ClassObfuscationRewriter] 2025-12-01T19:46:11.3873846Z Renaming identifier 'CommandDTOBase' to 'O_4AED570F'.
[ClassObfuscationRewriter] 2025-12-01T19:46:11.3891963Z Visiting object creation for type 'ChromiumHistoryDTO' => 'O_8E41BA5B'. Arguments visited: True.
[ClassObfuscationRewriter] 2025-12-01T19:46:11.3898670Z Renaming identifier 'CommandDTOBase' to 'O_4AED570F'.
[ClassObfuscationRewriter] 2025-12-01T19:46:11.3915023Z Renaming identifier 'ChromiumHistoryDTO' to 'O_8E41BA5B'.
[ClassObfuscationRewriter] 2025-12-01T19:46:11.3940508Z Renaming identifier 'CommandDTOBase' to 'O_4AED570F'.
[ClassObfuscationRewriter] 2025-12-01T19:46:11.3964708Z Visiting object creation for type 'ChromiumHistoryDTO' => 'O_8E41BA5B'. Arguments visited: True.
[ClassObfuscationRewriter] 2025-12-01T19:46:11.4159979Z Renaming identifier 'Seatbelt' to 'O_F41F88FA'.
[ClassObfuscationRewriter] 2025-12-01T19:46:11.4171554Z Renaming identifier 'Seatbelt' to 'O_F41F88FA'.
[ClassObfuscationRewriter] 2025-12-01T19:46:11.4171554Z Renaming identifier 'Seatbelt' to 'O_F41F88FA'.
[ClassObfuscationRewriter] 2025-12-01T19:46:11.4177035Z Renaming identifier 'CommandBase' to 'O_2183A68D'.
[ClassObfuscationRewriter] 2025-12-01T19:46:11.4188844Z Renaming identifier 'CommandDTOBase' to 'O_4AED570F'.
[ClassObfuscationRewriter] 2025-12-01T19:46:11.4200044Z Visiting object creation for type 'FirefoxHistoryDTO' => 'O_83C336E7'. Arguments visited: True.
[ClassObfuscationRewriter] 2025-12-01T19:46:11.4205923Z Renaming identifier 'CommandDTOBase' to 'O_4AED570F'.
[ClassObfuscationRewriter] 2025-12-01T19:46:11.4217788Z Renaming identifier 'FirefoxHistoryDTO' to 'O_83C336E7'.
[ClassObfuscationRewriter] 2025-12-01T19:46:11.4414679Z Renaming identifier 'CommandDTOBase' to 'O_4AED570F'.
[ClassObfuscationRewriter] 2025-12-01T19:46:11.4441903Z Visiting object creation for type 'FirefoxHistoryDTO' => 'O_83C336E7'. Arguments visited: True.
[ClassObfuscationRewriter] 2025-12-01T19:46:11.4608549Z Renaming identifier 'Seatbelt' to 'O_F41F88FA'.
[ClassObfuscationRewriter] 2025-12-01T19:46:11.4617999Z Renaming identifier 'Seatbelt' to 'O_F41F88FA'.
[ClassObfuscationRewriter] 2025-12-01T19:46:11.4623498Z Renaming identifier 'Seatbelt' to 'O_F41F88FA'.
[ClassObfuscationRewriter] 2025-12-01T19:46:11.4629075Z Renaming identifier 'CommandBase' to 'O_2183A68D'.
[ClassObfuscationRewriter] 2025-12-01T19:46:11.4641914Z Renaming identifier 'CommandDTOBase' to 'O_4AED570F'.
[ClassObfuscationRewriter] 2025-12-01T19:46:11.4657394Z Visiting object creation for type 'InternetExplorerFavoritesDTO' => 'O_B39D6AD4'. Arguments visited: True.
[ClassObfuscationRewriter] 2025-12-01T19:46:11.4669946Z Renaming identifier 'CommandDTOBase' to 'O_4AED570F'.
[ClassObfuscationRewriter] 2025-12-01T19:46:11.4684517Z Renaming identifier 'InternetExplorerFavoritesDTO' to 'O_B39D6AD4'.
[ClassObfuscationRewriter] 2025-12-01T19:46:11.4711361Z Renaming identifier 'CommandDTOBase' to 'O_4AED570F'.
[ClassObfuscationRewriter] 2025-12-01T19:46:11.4747620Z Visiting object creation for type 'InternetExplorerFavoritesDTO' => 'O_B39D6AD4'. Arguments visited: True.
[ClassObfuscationRewriter] 2025-12-01T19:46:11.5115129Z Renaming identifier 'Seatbelt' to 'O_F41F88FA'.
[ClassObfuscationRewriter] 2025-12-01T19:46:11.5128604Z Renaming identifier 'Seatbelt' to 'O_F41F88FA'.
[ClassObfuscationRewriter] 2025-12-01T19:46:11.5136454Z Renaming identifier 'Seatbelt' to 'O_F41F88FA'.
[ClassObfuscationRewriter] 2025-12-01T19:46:11.5143517Z Renaming identifier 'CommandBase' to 'O_2183A68D'.
[ClassObfuscationRewriter] 2025-12-01T19:46:11.5155682Z Renaming identifier 'CommandDTOBase' to 'O_4AED570F'.
[ClassObfuscationRewriter] 2025-12-01T19:46:11.5173698Z Visiting object creation for type 'ArgumentException' => 'ArgumentException'. Arguments visited: True.
[ClassObfuscationRewriter] 2025-12-01T19:46:11.5193272Z Visiting object creation for type 'TypedUrl' => 'O_39FC6857'. Arguments visited: True.
[ClassObfuscationRewriter] 2025-12-01T19:46:11.5199303Z Visiting object creation for type 'InternetExplorerTypedURLsDTO' => 'O_BC3E399D'. Arguments visited: True.
[ClassObfuscationRewriter] 2025-12-01T19:46:11.5204805Z Renaming identifier 'CommandDTOBase' to 'O_4AED570F'.
[ClassObfuscationRewriter] 2025-12-01T19:46:11.5210491Z Renaming identifier 'TypedUrl' to 'O_39FC6857'.
[ClassObfuscationRewriter] 2025-12-01T19:46:11.5220762Z Visited generic 'List' with updated type arguments: <O_39FC6857>.
[ClassObfuscationRewriter] 2025-12-01T19:46:11.5231958Z Renaming identifier 'InternetExplorerTypedURLsDTO' to 'O_BC3E399D'.
[ClassObfuscationRewriter] 2025-12-01T19:46:11.5243313Z Visiting object creation for type 'System.DateTime' => 'System.DateTime'. Arguments visited: True.
[ClassObfuscationRewriter] 2025-12-01T19:46:11.5287111Z Renaming identifier 'CommandDTOBase' to 'O_4AED570F'.
[ClassObfuscationRewriter] 2025-12-01T19:46:11.5306497Z Visiting object creation for type 'System.DateTime' => 'System.DateTime'. Arguments visited: True.
[ClassObfuscationRewriter] 2025-12-01T19:46:11.5318945Z Visiting object creation for type 'ArgumentException' => 'ArgumentException'. Arguments visited: True.
[ClassObfuscationRewriter] 2025-12-01T19:46:11.5327790Z Visiting object creation for type 'TypedUrl' => 'O_39FC6857'. Arguments visited: True.
[ClassObfuscationRewriter] 2025-12-01T19:46:11.5340553Z Visiting object creation for type 'InternetExplorerTypedURLsDTO' => 'O_BC3E399D'. Arguments visited: True.
[ClassObfuscationRewriter] 2025-12-01T19:46:11.5493345Z Renaming identifier 'Seatbelt' to 'O_F41F88FA'.
[ClassObfuscationRewriter] 2025-12-01T19:46:11.5505712Z Renaming identifier 'Seatbelt' to 'O_F41F88FA'.
[ClassObfuscationRewriter] 2025-12-01T19:46:11.5518026Z Renaming identifier 'Seatbelt' to 'O_F41F88FA'.
[ClassObfuscationRewriter] 2025-12-01T19:46:11.5529925Z Renaming identifier 'CommandDTOBase' to 'O_4AED570F'.
[ClassObfuscationRewriter] 2025-12-01T19:46:11.5535037Z Renaming identifier 'HostDTO' to 'O_75A28A1C'.
[ClassObfuscationRewriter] 2025-12-01T19:46:11.5548380Z Visiting object creation for type 'System.TimeSpan' => 'System.TimeSpan'. Arguments visited: True.
[ClassObfuscationRewriter] 2025-12-01T19:46:11.5581054Z Renaming identifier 'Seatbelt' to 'O_F41F88FA'.
[ClassObfuscationRewriter] 2025-12-01T19:46:11.5586184Z Renaming identifier 'Seatbelt' to 'O_F41F88FA'.
[ClassObfuscationRewriter] 2025-12-01T19:46:11.5596357Z Renaming identifier 'Seatbelt' to 'O_F41F88FA'.
[ClassObfuscationRewriter] 2025-12-01T19:46:11.5608091Z Renaming identifier 'CommandDTOBase' to 'O_4AED570F'.
[ClassObfuscationRewriter] 2025-12-01T19:46:11.5616686Z Renaming identifier 'ErrorDTO' to 'O_DDA13DE3'.
[ClassObfuscationRewriter] 2025-12-01T19:46:11.5634289Z Visiting object creation for type 'System.TimeSpan' => 'System.TimeSpan'. Arguments visited: True.
[ClassObfuscationRewriter] 2025-12-01T19:46:11.5675104Z Renaming identifier 'Seatbelt' to 'O_F41F88FA'.
[ClassObfuscationRewriter] 2025-12-01T19:46:11.5680223Z Renaming identifier 'CommandDTOBase' to 'O_4AED570F'.
[ClassObfuscationRewriter] 2025-12-01T19:46:11.5687185Z Visiting object creation for type 'Exception' => 'Exception'. Arguments visited: True.
[ClassObfuscationRewriter] 2025-12-01T19:46:11.5740540Z Renaming identifier 'Seatbelt' to 'O_F41F88FA'.
[ClassObfuscationRewriter] 2025-12-01T19:46:11.5753325Z Renaming identifier 'Seatbelt' to 'O_F41F88FA'.
[ClassObfuscationRewriter] 2025-12-01T19:46:11.5753325Z Renaming identifier 'Seatbelt' to 'O_F41F88FA'.
[ClassObfuscationRewriter] 2025-12-01T19:46:11.5760283Z Renaming identifier 'CommandBase' to 'O_2183A68D'.
[ClassObfuscationRewriter] 2025-12-01T19:46:11.5772743Z Renaming identifier 'WindowsSearchIndexDTO' to 'O_A25BC503'.
[ClassObfuscationRewriter] 2025-12-01T19:46:11.5778342Z Visited generic 'IEnumerable' with updated type arguments: <O_A25BC503>.
[ClassObfuscationRewriter] 2025-12-01T19:46:11.5789757Z Visiting object creation for type 'WindowsSearchIndexDTO' => 'O_A25BC503'. Arguments visited: True.
[ClassObfuscationRewriter] 2025-12-01T19:46:11.5795834Z Renaming identifier 'CommandDTOBase' to 'O_4AED570F'.
[ClassObfuscationRewriter] 2025-12-01T19:46:11.5808197Z Renaming identifier 'CommandDTOBase' to 'O_4AED570F'.
[ClassObfuscationRewriter] 2025-12-01T19:46:11.5813673Z Visiting object creation for type 'System.DateTime' => 'System.DateTime'. Arguments visited: True.
[ClassObfuscationRewriter] 2025-12-01T19:46:11.5909386Z Renaming identifier 'CommandDTOBase' to 'O_4AED570F'.
[ClassObfuscationRewriter] 2025-12-01T19:46:11.5929116Z Renaming identifier 'WindowsSearchIndexDTO' to 'O_A25BC503'.
[ClassObfuscationRewriter] 2025-12-01T19:46:11.6048382Z Renaming identifier 'Seatbelt' to 'O_F41F88FA'.
[ClassObfuscationRewriter] 2025-12-01T19:46:11.6059578Z Renaming identifier 'CommandBase' to 'O_2183A68D'.
[ClassObfuscationRewriter] 2025-12-01T19:46:11.6070668Z Renaming identifier 'CommandDTOBase' to 'O_4AED570F'.
[ClassObfuscationRewriter] 2025-12-01T19:46:11.6082534Z Visiting object creation for type 'InstalledProductsDTO' => 'O_D9C8973D'. Arguments visited: True.
[ClassObfuscationRewriter] 2025-12-01T19:46:11.6095296Z Renaming identifier 'CommandDTOBase' to 'O_4AED570F'.
[ClassObfuscationRewriter] 2025-12-01T19:46:11.6108322Z Renaming identifier 'CommandDTOBase' to 'O_4AED570F'.
[ClassObfuscationRewriter] 2025-12-01T19:46:11.6125024Z Visiting object creation for type 'InstalledProductsDTO' => 'O_D9C8973D'. Arguments visited: True.
[ClassObfuscationRewriter] 2025-12-01T19:46:11.6298895Z Renaming identifier 'Seatbelt' to 'O_F41F88FA'.
[ClassObfuscationRewriter] 2025-12-01T19:46:11.6304336Z Renaming identifier 'Seatbelt' to 'O_F41F88FA'.
[ClassObfuscationRewriter] 2025-12-01T19:46:11.6309703Z Renaming identifier 'Seatbelt' to 'O_F41F88FA'.
[ClassObfuscationRewriter] 2025-12-01T19:46:11.6315111Z Renaming identifier 'Seatbelt' to 'O_F41F88FA'.
[ClassObfuscationRewriter] 2025-12-01T19:46:11.6320559Z Renaming identifier 'Seatbelt' to 'O_F41F88FA'.
[ClassObfuscationRewriter] 2025-12-01T19:46:11.6325964Z Renaming identifier 'CommandBase' to 'O_2183A68D'.
[ClassObfuscationRewriter] 2025-12-01T19:46:11.6336858Z Renaming identifier 'CommandDTOBase' to 'O_4AED570F'.
[ClassObfuscationRewriter] 2025-12-01T19:46:11.6349147Z Renaming identifier 'CommandDTOBase' to 'O_4AED570F'.
[ClassObfuscationRewriter] 2025-12-01T19:46:11.6360519Z Visited generic 'IEnumerable' with updated type arguments: <O_4AED570F>.
[ClassObfuscationRewriter] 2025-12-01T19:46:11.6367483Z Renaming identifier 'OfficeRecentFilesDTO' to 'O_82A76845'.
[ClassObfuscationRewriter] 2025-12-01T19:46:11.6373580Z Renaming identifier 'CommandDTOBase' to 'O_4AED570F'.
[ClassObfuscationRewriter] 2025-12-01T19:46:11.6379156Z Visited generic 'IEnumerable' with updated type arguments: <O_4AED570F>.
[ClassObfuscationRewriter] 2025-12-01T19:46:11.6385586Z Renaming identifier 'CommandDTOBase' to 'O_4AED570F'.
[ClassObfuscationRewriter] 2025-12-01T19:46:11.6391169Z Visited generic 'IEnumerable' with updated type arguments: <O_4AED570F>.
[ClassObfuscationRewriter] 2025-12-01T19:46:11.6396698Z Renaming identifier 'OfficeRecentFilesDTO' to 'O_82A76845'.
[ClassObfuscationRewriter] 2025-12-01T19:46:11.6409766Z Visiting object creation for type 'OfficeRecentFilesDTO' => 'O_82A76845'. Arguments visited: True.
[ClassObfuscationRewriter] 2025-12-01T19:46:11.6417226Z Renaming identifier 'CommandDTOBase' to 'O_4AED570F'.
[ClassObfuscationRewriter] 2025-12-01T19:46:11.6430553Z Renaming identifier 'OfficeRecentFilesDTO' to 'O_82A76845'.
[ClassObfuscationRewriter] 2025-12-01T19:46:11.6472826Z Renaming identifier 'CommandDTOBase' to 'O_4AED570F'.
[ClassObfuscationRewriter] 2025-12-01T19:46:11.6496813Z Renaming identifier 'CommandDTOBase' to 'O_4AED570F'.
[ClassObfuscationRewriter] 2025-12-01T19:46:11.6507844Z Visited generic 'IEnumerable' with updated type arguments: <O_4AED570F>.
[ClassObfuscationRewriter] 2025-12-01T19:46:11.6524800Z Renaming identifier 'OfficeRecentFilesDTO' to 'O_82A76845'.
[ClassObfuscationRewriter] 2025-12-01T19:46:11.6530171Z Renaming identifier 'CommandDTOBase' to 'O_4AED570F'.
[ClassObfuscationRewriter] 2025-12-01T19:46:11.6535682Z Visited generic 'IEnumerable' with updated type arguments: <O_4AED570F>.
[ClassObfuscationRewriter] 2025-12-01T19:46:11.6549149Z Renaming identifier 'CommandDTOBase' to 'O_4AED570F'.
[ClassObfuscationRewriter] 2025-12-01T19:46:11.6560554Z Visited generic 'IEnumerable' with updated type arguments: <O_4AED570F>.
[ClassObfuscationRewriter] 2025-12-01T19:46:11.6572221Z Renaming identifier 'OfficeRecentFilesDTO' to 'O_82A76845'.
[ClassObfuscationRewriter] 2025-12-01T19:46:11.6808104Z Visiting object creation for type 'OfficeRecentFilesDTO' => 'O_82A76845'. Arguments visited: True.
[ClassObfuscationRewriter] 2025-12-01T19:46:11.7061209Z Renaming identifier 'Seatbelt' to 'O_F41F88FA'.
[ClassObfuscationRewriter] 2025-12-01T19:46:11.7073219Z Renaming identifier 'Seatbelt' to 'O_F41F88FA'.
[ClassObfuscationRewriter] 2025-12-01T19:46:11.7080215Z Renaming identifier 'Seatbelt' to 'O_F41F88FA'.
[ClassObfuscationRewriter] 2025-12-01T19:46:11.7085719Z Renaming identifier 'CommandBase' to 'O_2183A68D'.
[ClassObfuscationRewriter] 2025-12-01T19:46:11.7098078Z Renaming identifier 'CommandDTOBase' to 'O_4AED570F'.
[ClassObfuscationRewriter] 2025-12-01T19:46:11.7109802Z Visiting object creation for type 'OutlookDownloadsDTO' => 'O_CA34B509'. Arguments visited: True.
[ClassObfuscationRewriter] 2025-12-01T19:46:11.7116059Z Renaming identifier 'CommandDTOBase' to 'O_4AED570F'.
[ClassObfuscationRewriter] 2025-12-01T19:46:11.7122071Z Renaming identifier 'OutlookDownload' to 'O_E018A322'.
[ClassObfuscationRewriter] 2025-12-01T19:46:11.7128261Z Visited generic 'List' with updated type arguments: <O_E018A322>.
[ClassObfuscationRewriter] 2025-12-01T19:46:11.7140098Z Renaming identifier 'OutlookDownloadsDTO' to 'O_CA34B509'.
[ClassObfuscationRewriter] 2025-12-01T19:46:11.7186754Z Renaming identifier 'CommandDTOBase' to 'O_4AED570F'.
[ClassObfuscationRewriter] 2025-12-01T19:46:11.7202811Z Visiting object creation for type 'OutlookDownloadsDTO' => 'O_CA34B509'. Arguments visited: True.
[ClassObfuscationRewriter] 2025-12-01T19:46:11.7355325Z Renaming identifier 'Seatbelt' to 'O_F41F88FA'.
[ClassObfuscationRewriter] 2025-12-01T19:46:11.7363101Z Renaming identifier 'Seatbelt' to 'O_F41F88FA'.
[ClassObfuscationRewriter] 2025-12-01T19:46:11.7371114Z Renaming identifier 'Seatbelt' to 'O_F41F88FA'.
[ClassObfuscationRewriter] 2025-12-01T19:46:11.7377840Z Renaming identifier 'CommandBase' to 'O_2183A68D'.
[ClassObfuscationRewriter] 2025-12-01T19:46:11.7386754Z Renaming identifier 'CommandDTOBase' to 'O_4AED570F'.
[ClassObfuscationRewriter] 2025-12-01T19:46:11.7401264Z Visiting object creation for type 'PuttyHostKeysDTO' => 'O_FBA13A79'. Arguments visited: True.
[ClassObfuscationRewriter] 2025-12-01T19:46:11.7413217Z Renaming identifier 'CommandDTOBase' to 'O_4AED570F'.
[ClassObfuscationRewriter] 2025-12-01T19:46:11.7418972Z Renaming identifier 'PuttyHostKeysDTO' to 'O_FBA13A79'.
[ClassObfuscationRewriter] 2025-12-01T19:46:11.7456724Z Renaming identifier 'CommandDTOBase' to 'O_4AED570F'.
[ClassObfuscationRewriter] 2025-12-01T19:46:11.7469689Z Visiting object creation for type 'PuttyHostKeysDTO' => 'O_FBA13A79'. Arguments visited: True.
[ClassObfuscationRewriter] 2025-12-01T19:46:11.7618924Z Renaming identifier 'Seatbelt' to 'O_F41F88FA'.
[ClassObfuscationRewriter] 2025-12-01T19:46:11.7625113Z Renaming identifier 'Seatbelt' to 'O_F41F88FA'.
[ClassObfuscationRewriter] 2025-12-01T19:46:11.7633073Z Renaming identifier 'Seatbelt' to 'O_F41F88FA'.
[ClassObfuscationRewriter] 2025-12-01T19:46:11.7638228Z Renaming identifier 'CommandBase' to 'O_2183A68D'.
[ClassObfuscationRewriter] 2025-12-01T19:46:11.7656323Z Renaming identifier 'CommandDTOBase' to 'O_4AED570F'.
[ClassObfuscationRewriter] 2025-12-01T19:46:11.7667533Z Visiting object creation for type 'PuttySessionsDTO' => 'O_3C8B5AC7'. Arguments visited: True.
[ClassObfuscationRewriter] 2025-12-01T19:46:11.7677507Z Renaming identifier 'CommandDTOBase' to 'O_4AED570F'.
[ClassObfuscationRewriter] 2025-12-01T19:46:11.7691944Z Renaming identifier 'PuttySessionsDTO' to 'O_3C8B5AC7'.
[ClassObfuscationRewriter] 2025-12-01T19:46:11.7714258Z Visiting object creation for type 'System.TimeSpan' => 'System.TimeSpan'. Arguments visited: True.
[ClassObfuscationRewriter] 2025-12-01T19:46:11.7788667Z Renaming identifier 'CommandDTOBase' to 'O_4AED570F'.
[ClassObfuscationRewriter] 2025-12-01T19:46:11.7800206Z Visiting object creation for type 'System.DateTime' => 'System.DateTime'. Arguments visited: True.
[ClassObfuscationRewriter] 2025-12-01T19:46:11.7812647Z Visiting object creation for type 'PuttySessionsDTO' => 'O_3C8B5AC7'. Arguments visited: True.
[ClassObfuscationRewriter] 2025-12-01T19:46:11.8013211Z Renaming identifier 'Seatbelt' to 'O_F41F88FA'.
[ClassObfuscationRewriter] 2025-12-01T19:46:11.8024403Z Renaming identifier 'Seatbelt' to 'O_F41F88FA'.
[ClassObfuscationRewriter] 2025-12-01T19:46:11.8029808Z Renaming identifier 'Seatbelt' to 'O_F41F88FA'.
[ClassObfuscationRewriter] 2025-12-01T19:46:11.8035665Z Renaming identifier 'Seatbelt' to 'O_F41F88FA'.
[ClassObfuscationRewriter] 2025-12-01T19:46:11.8041058Z Renaming identifier 'CommandBase' to 'O_2183A68D'.
[ClassObfuscationRewriter] 2025-12-01T19:46:11.8055255Z Renaming identifier 'CommandDTOBase' to 'O_4AED570F'.
[ClassObfuscationRewriter] 2025-12-01T19:46:11.8071284Z Visiting object creation for type 'SlackDownloadsDTO' => 'O_F5497623'. Arguments visited: True.
[ClassObfuscationRewriter] 2025-12-01T19:46:11.8083907Z Renaming identifier 'CommandDTOBase' to 'O_4AED570F'.
[ClassObfuscationRewriter] 2025-12-01T19:46:11.8092696Z Renaming identifier 'Download' to 'O_D6EAFE82'.
[ClassObfuscationRewriter] 2025-12-01T19:46:11.8098838Z Visited generic 'List' with updated type arguments: <O_D6EAFE82>.
[ClassObfuscationRewriter] 2025-12-01T19:46:11.8106727Z Renaming identifier 'SlackDownloadsDTO' to 'O_F5497623'.
[ClassObfuscationRewriter] 2025-12-01T19:46:11.8112722Z Visiting object creation for type 'System.DateTime' => 'System.DateTime'. Arguments visited: True.
[ClassObfuscationRewriter] 2025-12-01T19:46:11.8139481Z Renaming identifier 'CommandDTOBase' to 'O_4AED570F'.
[ClassObfuscationRewriter] 2025-12-01T19:46:11.8154797Z Visiting object creation for type 'System.DateTime' => 'System.DateTime'. Arguments visited: True.
[ClassObfuscationRewriter] 2025-12-01T19:46:11.8176232Z Visiting object creation for type 'SlackDownloadsDTO' => 'O_F5497623'. Arguments visited: True.
[ClassObfuscationRewriter] 2025-12-01T19:46:11.8404065Z Renaming identifier 'Seatbelt' to 'O_F41F88FA'.
[ClassObfuscationRewriter] 2025-12-01T19:46:11.8409819Z Renaming identifier 'Seatbelt' to 'O_F41F88FA'.
[ClassObfuscationRewriter] 2025-12-01T19:46:11.8417540Z Renaming identifier 'Seatbelt' to 'O_F41F88FA'.
[ClassObfuscationRewriter] 2025-12-01T19:46:11.8423056Z Renaming identifier 'CommandBase' to 'O_2183A68D'.
[ClassObfuscationRewriter] 2025-12-01T19:46:11.8435897Z Renaming identifier 'CommandDTOBase' to 'O_4AED570F'.
[ClassObfuscationRewriter] 2025-12-01T19:46:11.8452861Z Visiting object creation for type 'SlackPresenceDTO' => 'O_80011568'. Arguments visited: True.
[ClassObfuscationRewriter] 2025-12-01T19:46:11.8452861Z Renaming identifier 'CommandDTOBase' to 'O_4AED570F'.
[ClassObfuscationRewriter] 2025-12-01T19:46:11.8473661Z Renaming identifier 'SlackPresenceDTO' to 'O_80011568'.
[ClassObfuscationRewriter] 2025-12-01T19:46:11.8528146Z Renaming identifier 'CommandDTOBase' to 'O_4AED570F'.
[ClassObfuscationRewriter] 2025-12-01T19:46:11.8542572Z Visiting object creation for type 'SlackPresenceDTO' => 'O_80011568'. Arguments visited: True.
[ClassObfuscationRewriter] 2025-12-01T19:46:11.8878073Z Renaming identifier 'Seatbelt' to 'O_F41F88FA'.
[ClassObfuscationRewriter] 2025-12-01T19:46:11.8884465Z Renaming identifier 'Seatbelt' to 'O_F41F88FA'.
[ClassObfuscationRewriter] 2025-12-01T19:46:11.8890815Z Renaming identifier 'Seatbelt' to 'O_F41F88FA'.
[ClassObfuscationRewriter] 2025-12-01T19:46:11.8900788Z Renaming identifier 'CommandBase' to 'O_2183A68D'.
[ClassObfuscationRewriter] 2025-12-01T19:46:11.8900788Z Renaming identifier 'CommandDTOBase' to 'O_4AED570F'.
[ClassObfuscationRewriter] 2025-12-01T19:46:11.8926514Z Visiting object creation for type 'SlackWorkspacesDTO' => 'O_6CEC576A'. Arguments visited: True.
[ClassObfuscationRewriter] 2025-12-01T19:46:11.8931650Z Renaming identifier 'CommandDTOBase' to 'O_4AED570F'.
[ClassObfuscationRewriter] 2025-12-01T19:46:11.8942985Z Renaming identifier 'Workspace' to 'O_87BB59BA'.
[ClassObfuscationRewriter] 2025-12-01T19:46:11.8942985Z Visited generic 'List' with updated type arguments: <O_87BB59BA>.
[ClassObfuscationRewriter] 2025-12-01T19:46:11.8953540Z Renaming identifier 'SlackWorkspacesDTO' to 'O_6CEC576A'.
[ClassObfuscationRewriter] 2025-12-01T19:46:11.8963577Z Visiting object creation for type 'System.DateTime' => 'System.DateTime'. Arguments visited: True.
[ClassObfuscationRewriter] 2025-12-01T19:46:11.8986204Z Renaming identifier 'CommandDTOBase' to 'O_4AED570F'.
[ClassObfuscationRewriter] 2025-12-01T19:46:11.8997926Z Visiting object creation for type 'System.DateTime' => 'System.DateTime'. Arguments visited: True.
[ClassObfuscationRewriter] 2025-12-01T19:46:11.9013324Z Visiting object creation for type 'SlackWorkspacesDTO' => 'O_6CEC576A'. Arguments visited: True.
[ClassObfuscationRewriter] 2025-12-01T19:46:11.9188780Z Renaming identifier 'Seatbelt' to 'O_F41F88FA'.
[ClassObfuscationRewriter] 2025-12-01T19:46:11.9199621Z Renaming identifier 'CommandBase' to 'O_2183A68D'.
[ClassObfuscationRewriter] 2025-12-01T19:46:11.9209809Z Renaming identifier 'CommandDTOBase' to 'O_4AED570F'.
[ClassObfuscationRewriter] 2025-12-01T19:46:11.9217109Z Visiting object creation for type 'WsusClientDTO' => 'O_442EB30E'. Arguments visited: True.
[ClassObfuscationRewriter] 2025-12-01T19:46:11.9227282Z Renaming identifier 'CommandDTOBase' to 'O_4AED570F'.
[ClassObfuscationRewriter] 2025-12-01T19:46:11.9239326Z Visiting object creation for type 'WsusClientDTO' => 'O_442EB30E'. Arguments visited: True.
[ClassObfuscationRewriter] 2025-12-01T19:46:11.9317738Z Renaming identifier 'CommandDTOBase' to 'O_4AED570F'.
[ClassObfuscationRewriter] 2025-12-01T19:46:11.9358641Z Renaming identifier 'Seatbelt' to 'O_F41F88FA'.
[ClassObfuscationRewriter] 2025-12-01T19:46:11.9369734Z Renaming identifier 'CommandBase' to 'O_2183A68D'.
[ClassObfuscationRewriter] 2025-12-01T19:46:11.9375705Z Renaming identifier 'CommandDTOBase' to 'O_4AED570F'.
[ClassObfuscationRewriter] 2025-12-01T19:46:11.9390953Z Visiting object creation for type 'SccmClientDTO' => 'O_7B44E23F'. Arguments visited: True.
[ClassObfuscationRewriter] 2025-12-01T19:46:11.9398981Z Renaming identifier 'CommandDTOBase' to 'O_4AED570F'.
[ClassObfuscationRewriter] 2025-12-01T19:46:11.9410859Z Visiting object creation for type 'SccmClientDTO' => 'O_7B44E23F'. Arguments visited: True.
[ClassObfuscationRewriter] 2025-12-01T19:46:11.9481638Z Renaming identifier 'CommandDTOBase' to 'O_4AED570F'.
[ClassObfuscationRewriter] 2025-12-01T19:46:11.9537946Z Renaming identifier 'Seatbelt' to 'O_F41F88FA'.
[ClassObfuscationRewriter] 2025-12-01T19:46:11.9544249Z Renaming identifier 'Seatbelt' to 'O_F41F88FA'.
[ClassObfuscationRewriter] 2025-12-01T19:46:11.9556133Z Renaming identifier 'Seatbelt' to 'O_F41F88FA'.
[ClassObfuscationRewriter] 2025-12-01T19:46:11.9562976Z Renaming identifier 'CommandDTOBase' to 'O_4AED570F'.
[ClassObfuscationRewriter] 2025-12-01T19:46:11.9569512Z Renaming identifier 'VerboseDTO' to 'O_77AFBCF7'.
[ClassObfuscationRewriter] 2025-12-01T19:46:11.9584909Z Visiting object creation for type 'System.DateTime' => 'System.DateTime'. Arguments visited: True.
[ClassObfuscationRewriter] 2025-12-01T19:46:11.9642236Z Renaming identifier 'Seatbelt' to 'O_F41F88FA'.
[ClassObfuscationRewriter] 2025-12-01T19:46:11.9649408Z Renaming identifier 'Seatbelt' to 'O_F41F88FA'.
[ClassObfuscationRewriter] 2025-12-01T19:46:11.9658207Z Renaming identifier 'CommandBase' to 'O_2183A68D'.
[ClassObfuscationRewriter] 2025-12-01T19:46:11.9663368Z Renaming identifier 'CommandDTOBase' to 'O_4AED570F'.
[ClassObfuscationRewriter] 2025-12-01T19:46:11.9675616Z Visiting object creation for type 'FileInfo' => 'FileInfo'. Arguments visited: True.
[ClassObfuscationRewriter] 2025-12-01T19:46:11.9683005Z Visiting object creation for type 'FileInfoDTO' => 'O_880491F6'. Arguments visited: True.
[ClassObfuscationRewriter] 2025-12-01T19:46:11.9694287Z Visiting object creation for type 'DirectoryInfoDTO' => 'O_AD14D66A'. Arguments visited: True.
[ClassObfuscationRewriter] 2025-12-01T19:46:11.9703197Z Renaming identifier 'CommandDTOBase' to 'O_4AED570F'.
[ClassObfuscationRewriter] 2025-12-01T19:46:11.9713891Z Visiting object creation for type 'System.DateTime' => 'System.DateTime'. Arguments visited: True.
[ClassObfuscationRewriter] 2025-12-01T19:46:11.9725012Z Visiting object creation for type 'FileInfo' => 'FileInfo'. Arguments visited: True.
[ClassObfuscationRewriter] 2025-12-01T19:46:11.9736794Z Visiting object creation for type 'FileInfoDTO' => 'O_880491F6'. Arguments visited: True.
[ClassObfuscationRewriter] 2025-12-01T19:46:11.9745575Z Visiting object creation for type 'DirectoryInfoDTO' => 'O_AD14D66A'. Arguments visited: True.
[ClassObfuscationRewriter] 2025-12-01T19:46:11.9845672Z Renaming identifier 'CommandDTOBase' to 'O_4AED570F'.
[ClassObfuscationRewriter] 2025-12-01T19:46:11.9884240Z Renaming identifier 'CommandDTOBase' to 'O_4AED570F'.
[ClassObfuscationRewriter] 2025-12-01T19:46:11.9927885Z Renaming identifier 'Seatbelt' to 'O_F41F88FA'.
[ClassObfuscationRewriter] 2025-12-01T19:46:11.9932996Z Renaming identifier 'Seatbelt' to 'O_F41F88FA'.
[ClassObfuscationRewriter] 2025-12-01T19:46:11.9939528Z Renaming identifier 'Seatbelt' to 'O_F41F88FA'.
[ClassObfuscationRewriter] 2025-12-01T19:46:11.9945606Z Renaming identifier 'CommandDTOBase' to 'O_4AED570F'.
[ClassObfuscationRewriter] 2025-12-01T19:46:11.9958220Z Renaming identifier 'WarningDTO' to 'O_56497D89'.
[ClassObfuscationRewriter] 2025-12-01T19:46:12.0011903Z Renaming identifier 'Seatbelt' to 'O_F41F88FA'.
[ClassObfuscationRewriter] 2025-12-01T19:46:12.0017329Z Renaming identifier 'CommandBase' to 'O_2183A68D'.
[ClassObfuscationRewriter] 2025-12-01T19:46:12.0029158Z Renaming identifier 'CommandDTOBase' to 'O_4AED570F'.
[ClassObfuscationRewriter] 2025-12-01T19:46:12.0044118Z Visiting object creation for type 'AMSIProviderDTO' => 'O_144B124F'. Arguments visited: True.
[ClassObfuscationRewriter] 2025-12-01T19:46:12.0049231Z Renaming identifier 'CommandDTOBase' to 'O_4AED570F'.
[ClassObfuscationRewriter] 2025-12-01T19:46:12.0066130Z Renaming identifier 'CommandDTOBase' to 'O_4AED570F'.
[ClassObfuscationRewriter] 2025-12-01T19:46:12.0078227Z Visiting object creation for type 'System.DateTime' => 'System.DateTime'. Arguments visited: True.
[ClassObfuscationRewriter] 2025-12-01T19:46:12.0088407Z Visiting object creation for type 'AMSIProviderDTO' => 'O_144B124F'. Arguments visited: True.
[ClassObfuscationRewriter] 2025-12-01T19:46:12.0195167Z Renaming identifier 'Seatbelt' to 'O_F41F88FA'.
[ClassObfuscationRewriter] 2025-12-01T19:46:12.0202423Z Renaming identifier 'Seatbelt' to 'O_F41F88FA'.
[ClassObfuscationRewriter] 2025-12-01T19:46:12.0213190Z Renaming identifier 'Seatbelt' to 'O_F41F88FA'.
[ClassObfuscationRewriter] 2025-12-01T19:46:12.0213190Z Renaming identifier 'Seatbelt' to 'O_F41F88FA'.
[ClassObfuscationRewriter] 2025-12-01T19:46:12.0234463Z Renaming identifier 'CommandBase' to 'O_2183A68D'.
[ClassObfuscationRewriter] 2025-12-01T19:46:12.0248061Z Renaming identifier 'CommandDTOBase' to 'O_4AED570F'.
[ClassObfuscationRewriter] 2025-12-01T19:46:12.0254501Z Visiting object creation for type 'AuditPolicyGPO' => 'O_1FDF109F'. Arguments visited: True.
[ClassObfuscationRewriter] 2025-12-01T19:46:12.0267099Z Visiting object creation for type 'AuditPolicyGPO' => 'O_1FDF109F'. Arguments visited: True.
[ClassObfuscationRewriter] 2025-12-01T19:46:12.0285762Z Visiting object creation for type 'AuditEntry' => 'AuditEntry'. Arguments visited: True.
[ClassObfuscationRewriter] 2025-12-01T19:46:12.0298808Z Renaming identifier 'CommandDTOBase' to 'O_4AED570F'.
[ClassObfuscationRewriter] 2025-12-01T19:46:12.0318211Z Renaming identifier 'AuditPolicyGPO' to 'O_1FDF109F'.
[ClassObfuscationRewriter] 2025-12-01T19:46:12.0334477Z Visiting object creation for type 'System.DateTime' => 'System.DateTime'. Arguments visited: True.
[ClassObfuscationRewriter] 2025-12-01T19:46:12.0401821Z Renaming identifier 'CommandDTOBase' to 'O_4AED570F'.
[ClassObfuscationRewriter] 2025-12-01T19:46:12.0417738Z Visiting object creation for type 'AuditPolicyGPO' => 'O_1FDF109F'. Arguments visited: True.
[ClassObfuscationRewriter] 2025-12-01T19:46:12.0430265Z Visiting object creation for type 'AuditPolicyGPO' => 'O_1FDF109F'. Arguments visited: True.
[ClassObfuscationRewriter] 2025-12-01T19:46:12.0643058Z Visiting object creation for type 'AuditEntry' => 'AuditEntry'. Arguments visited: True.
[ClassObfuscationRewriter] 2025-12-01T19:46:12.1017923Z Renaming identifier 'Seatbelt' to 'O_F41F88FA'.
[ClassObfuscationRewriter] 2025-12-01T19:46:12.1024878Z Renaming identifier 'Seatbelt' to 'O_F41F88FA'.
[ClassObfuscationRewriter] 2025-12-01T19:46:12.1035749Z Renaming identifier 'Seatbelt' to 'O_F41F88FA'.
[ClassObfuscationRewriter] 2025-12-01T19:46:12.1035749Z Renaming identifier 'CommandBase' to 'O_2183A68D'.
[ClassObfuscationRewriter] 2025-12-01T19:46:12.1050220Z Renaming identifier 'CommandDTOBase' to 'O_4AED570F'.
[ClassObfuscationRewriter] 2025-12-01T19:46:12.1060158Z Visiting object creation for type 'AuditPolicyDTO' => 'O_371534EF'. Arguments visited: True.
[ClassObfuscationRewriter] 2025-12-01T19:46:12.1066291Z Visiting object creation for type 'AuditPolicyDTO' => 'O_371534EF'. Arguments visited: True.
[ClassObfuscationRewriter] 2025-12-01T19:46:12.1073474Z Renaming identifier 'CommandDTOBase' to 'O_4AED570F'.
[ClassObfuscationRewriter] 2025-12-01T19:46:12.1085291Z Renaming identifier 'AuditPolicyDTO' to 'O_371534EF'.
[ClassObfuscationRewriter] 2025-12-01T19:46:12.1114876Z Renaming identifier 'CommandDTOBase' to 'O_4AED570F'.
[ClassObfuscationRewriter] 2025-12-01T19:46:12.1128137Z Visiting object creation for type 'AuditPolicyDTO' => 'O_371534EF'. Arguments visited: True.
[ClassObfuscationRewriter] 2025-12-01T19:46:12.1128137Z Visiting object creation for type 'AuditPolicyDTO' => 'O_371534EF'. Arguments visited: True.
[ClassObfuscationRewriter] 2025-12-01T19:46:12.1237506Z Renaming identifier 'Seatbelt' to 'O_F41F88FA'.
[ClassObfuscationRewriter] 2025-12-01T19:46:12.1243848Z Renaming identifier 'Seatbelt' to 'O_F41F88FA'.
[ClassObfuscationRewriter] 2025-12-01T19:46:12.1254741Z Renaming identifier 'Seatbelt' to 'O_F41F88FA'.
[ClassObfuscationRewriter] 2025-12-01T19:46:12.1254741Z Renaming identifier 'CommandBase' to 'O_2183A68D'.
[ClassObfuscationRewriter] 2025-12-01T19:46:12.1270020Z Renaming identifier 'CommandDTOBase' to 'O_4AED570F'.
[ClassObfuscationRewriter] 2025-12-01T19:46:12.1278891Z Visiting object creation for type 'CredGuardDTO' => 'O_8E85A0BE'. Arguments visited: True.
[ClassObfuscationRewriter] 2025-12-01T19:46:12.1291033Z Renaming identifier 'CommandDTOBase' to 'O_4AED570F'.
[ClassObfuscationRewriter] 2025-12-01T19:46:12.1297192Z Renaming identifier 'CredGuardDTO' to 'O_8E85A0BE'.
[ClassObfuscationRewriter] 2025-12-01T19:46:12.1308556Z Visiting object creation for type 'System.DateTime' => 'System.DateTime'. Arguments visited: True.
[ClassObfuscationRewriter] 2025-12-01T19:46:12.1323312Z Renaming identifier 'CommandDTOBase' to 'O_4AED570F'.
[ClassObfuscationRewriter] 2025-12-01T19:46:12.1335150Z Visiting object creation for type 'System.DateTime' => 'System.DateTime'. Arguments visited: True.
[ClassObfuscationRewriter] 2025-12-01T19:46:12.1341998Z Visiting object creation for type 'CredGuardDTO' => 'O_8E85A0BE'. Arguments visited: True.
[ClassObfuscationRewriter] 2025-12-01T19:46:12.1473630Z Renaming identifier 'Seatbelt' to 'O_F41F88FA'.
[ClassObfuscationRewriter] 2025-12-01T19:46:12.1485646Z Renaming identifier 'Seatbelt' to 'O_F41F88FA'.
[ClassObfuscationRewriter] 2025-12-01T19:46:12.1490718Z Renaming identifier 'Seatbelt' to 'O_F41F88FA'.
[ClassObfuscationRewriter] 2025-12-01T19:46:12.1490718Z Renaming identifier 'Seatbelt' to 'O_F41F88FA'.
[ClassObfuscationRewriter] 2025-12-01T19:46:12.1499984Z Renaming identifier 'CommandBase' to 'O_2183A68D'.
[ClassObfuscationRewriter] 2025-12-01T19:46:12.1511860Z Renaming identifier 'CommandDTOBase' to 'O_4AED570F'.
[ClassObfuscationRewriter] 2025-12-01T19:46:12.1516971Z Visiting object creation for type 'Win32Exception' => 'Win32Exception'. Arguments visited: True.
[ClassObfuscationRewriter] 2025-12-01T19:46:12.1526323Z Visiting object creation for type 'CredEnumDTO' => 'O_A55183BA'. Arguments visited: True.
[ClassObfuscationRewriter] 2025-12-01T19:46:12.1532500Z Renaming identifier 'CommandDTOBase' to 'O_4AED570F'.
[ClassObfuscationRewriter] 2025-12-01T19:46:12.1550287Z Renaming identifier 'CredEnumDTO' to 'O_A55183BA'.
[ClassObfuscationRewriter] 2025-12-01T19:46:12.1566415Z Visiting object creation for type 'System.DateTime' => 'System.DateTime'. Arguments visited: True.
[ClassObfuscationRewriter] 2025-12-01T19:46:12.1597960Z Renaming identifier 'CommandDTOBase' to 'O_4AED570F'.
[ClassObfuscationRewriter] 2025-12-01T19:46:12.1609417Z Visiting object creation for type 'System.DateTime' => 'System.DateTime'. Arguments visited: True.
[ClassObfuscationRewriter] 2025-12-01T19:46:12.1614530Z Visiting object creation for type 'Win32Exception' => 'Win32Exception'. Arguments visited: True.
[ClassObfuscationRewriter] 2025-12-01T19:46:12.1626217Z Visiting object creation for type 'CredEnumDTO' => 'O_A55183BA'. Arguments visited: True.
[ClassObfuscationRewriter] 2025-12-01T19:46:12.1793579Z Renaming identifier 'Seatbelt' to 'O_F41F88FA'.
[ClassObfuscationRewriter] 2025-12-01T19:46:12.1808160Z Renaming identifier 'Seatbelt' to 'O_F41F88FA'.
[ClassObfuscationRewriter] 2025-12-01T19:46:12.1808160Z Renaming identifier 'Seatbelt' to 'O_F41F88FA'.
[ClassObfuscationRewriter] 2025-12-01T19:46:12.1815581Z Renaming identifier 'CommandBase' to 'O_2183A68D'.
[ClassObfuscationRewriter] 2025-12-01T19:46:12.1833994Z Renaming identifier 'CommandDTOBase' to 'O_4AED570F'.
[ClassObfuscationRewriter] 2025-12-01T19:46:12.1839442Z Visiting object creation for type 'DotNetDTO' => 'O_E5426632'. Arguments visited: True.
[ClassObfuscationRewriter] 2025-12-01T19:46:12.1850576Z Renaming identifier 'CommandDTOBase' to 'O_4AED570F'.
[ClassObfuscationRewriter] 2025-12-01T19:46:12.1865387Z Visiting object creation for type 'DotNetDTO' => 'O_E5426632'. Arguments visited: True.
[ClassObfuscationRewriter] 2025-12-01T19:46:12.2003569Z Renaming identifier 'CommandDTOBase' to 'O_4AED570F'.
[ClassObfuscationRewriter] 2025-12-01T19:46:12.2020097Z Renaming identifier 'DotNetDTO' to 'O_E5426632'.
[ClassObfuscationRewriter] 2025-12-01T19:46:12.2208835Z Renaming identifier 'Seatbelt' to 'O_F41F88FA'.
[ClassObfuscationRewriter] 2025-12-01T19:46:12.2228692Z Renaming identifier 'Seatbelt' to 'O_F41F88FA'.
[ClassObfuscationRewriter] 2025-12-01T19:46:12.2238572Z Renaming identifier 'Seatbelt' to 'O_F41F88FA'.
[ClassObfuscationRewriter] 2025-12-01T19:46:12.2255128Z Renaming identifier 'Netapi32' to 'O_B81255AD'.
[ClassObfuscationRewriter] 2025-12-01T19:46:12.2255128Z Renaming qualified name 'Seatbelt.Interop.Netapi32' to 'O_F41F88FA.Interop.O_B81255AD'.
[ClassObfuscationRewriter] 2025-12-01T19:46:12.2268039Z Renaming identifier 'Seatbelt' to 'O_F41F88FA'.
[ClassObfuscationRewriter] 2025-12-01T19:46:12.2273160Z Renaming identifier 'CommandBase' to 'O_2183A68D'.
[ClassObfuscationRewriter] 2025-12-01T19:46:12.2291790Z Renaming identifier 'CommandDTOBase' to 'O_4AED570F'.
[ClassObfuscationRewriter] 2025-12-01T19:46:12.2321662Z Visiting object creation for type 'AzureADDTO' => 'O_EF541EF3'. Arguments visited: True.
[ClassObfuscationRewriter] 2025-12-01T19:46:12.2346855Z Visiting object creation for type 'Guid' => 'Guid'. Arguments visited: True.
[ClassObfuscationRewriter] 2025-12-01T19:46:12.2360060Z Visiting object creation for type 'NetAadJoinInfo' => 'NetAadJoinInfo'. Arguments visited: True.
[ClassObfuscationRewriter] 2025-12-01T19:46:12.2377153Z Renaming identifier 'CommandDTOBase' to 'O_4AED570F'.
[ClassObfuscationRewriter] 2025-12-01T19:46:12.2389654Z Visiting object creation for type 'System.TimeSpan' => 'System.TimeSpan'. Arguments visited: True.
[ClassObfuscationRewriter] 2025-12-01T19:46:12.2402639Z Visiting object creation for type 'AzureADDTO' => 'O_EF541EF3'. Arguments visited: True.
[ClassObfuscationRewriter] 2025-12-01T19:46:12.2409146Z Visiting object creation for type 'System.TimeSpan' => 'System.TimeSpan'. Arguments visited: True.
[ClassObfuscationRewriter] 2025-12-01T19:46:12.2421133Z Visiting object creation for type 'Guid' => 'Guid'. Arguments visited: True.
[ClassObfuscationRewriter] 2025-12-01T19:46:12.2434492Z Visiting object creation for type 'NetAadJoinInfo' => 'NetAadJoinInfo'. Arguments visited: True.
[ClassObfuscationRewriter] 2025-12-01T19:46:12.2526786Z Renaming identifier 'CommandDTOBase' to 'O_4AED570F'.
[ClassObfuscationRewriter] 2025-12-01T19:46:12.2565411Z Renaming identifier 'AzureADDTO' to 'O_EF541EF3'.
[ClassObfuscationRewriter] 2025-12-01T19:46:12.2781200Z Visiting object creation for type 'System.TimeSpan' => 'System.TimeSpan'. Arguments visited: True.
[ClassObfuscationRewriter] 2025-12-01T19:46:12.2903862Z Renaming identifier 'Seatbelt' to 'O_F41F88FA'.
[ClassObfuscationRewriter] 2025-12-01T19:46:12.2917119Z Renaming identifier 'CommandBase' to 'O_2183A68D'.
[ClassObfuscationRewriter] 2025-12-01T19:46:12.2922274Z Renaming identifier 'CommandDTOBase' to 'O_4AED570F'.
[ClassObfuscationRewriter] 2025-12-01T19:46:12.2933426Z Visiting object creation for type 'EnvironmentPathDTO' => 'O_F2D1C167'. Arguments visited: True.
[ClassObfuscationRewriter] 2025-12-01T19:46:12.2941806Z Renaming identifier 'CommandDTOBase' to 'O_4AED570F'.
[ClassObfuscationRewriter] 2025-12-01T19:46:12.2946970Z Renaming identifier 'CommandDTOBase' to 'O_4AED570F'.
[ClassObfuscationRewriter] 2025-12-01T19:46:12.2964023Z Visiting object creation for type 'EnvironmentPathDTO' => 'O_F2D1C167'. Arguments visited: True.
[ClassObfuscationRewriter] 2025-12-01T19:46:12.3037123Z Renaming identifier 'Seatbelt' to 'O_F41F88FA'.
[ClassObfuscationRewriter] 2025-12-01T19:46:12.3047958Z Renaming identifier 'CommandDTOBase' to 'O_4AED570F'.
[ClassObfuscationRewriter] 2025-12-01T19:46:12.3084326Z Renaming identifier 'Seatbelt' to 'O_F41F88FA'.
[ClassObfuscationRewriter] 2025-12-01T19:46:12.3096752Z Renaming identifier 'Seatbelt' to 'O_F41F88FA'.
[ClassObfuscationRewriter] 2025-12-01T19:46:12.3102040Z Renaming identifier 'Seatbelt' to 'O_F41F88FA'.
[ClassObfuscationRewriter] 2025-12-01T19:46:12.3114928Z Renaming identifier 'ExplicitLogonEventsDTO' to 'O_B860970F'.
[ClassObfuscationRewriter] 2025-12-01T19:46:12.3217618Z Renaming identifier 'Seatbelt' to 'O_F41F88FA'.
[ClassObfuscationRewriter] 2025-12-01T19:46:12.3229583Z Renaming identifier 'Seatbelt' to 'O_F41F88FA'.
[ClassObfuscationRewriter] 2025-12-01T19:46:12.3239065Z Renaming identifier 'CommandBase' to 'O_2183A68D'.
[ClassObfuscationRewriter] 2025-12-01T19:46:12.3245129Z Renaming identifier 'CommandDTOBase' to 'O_4AED570F'.
[ClassObfuscationRewriter] 2025-12-01T19:46:12.3260780Z Visiting object creation for type 'Regex' => 'Regex'. Arguments visited: True.
[ClassObfuscationRewriter] 2025-12-01T19:46:12.3275701Z Visiting object creation for type 'PowerShellEventsDTO' => 'O_3AAD1509'. Arguments visited: True.
[ClassObfuscationRewriter] 2025-12-01T19:46:12.3292046Z Renaming identifier 'CommandDTOBase' to 'O_4AED570F'.
[ClassObfuscationRewriter] 2025-12-01T19:46:12.3315372Z Visiting object creation for type 'Regex' => 'Regex'. Arguments visited: True.
[ClassObfuscationRewriter] 2025-12-01T19:46:12.3330028Z Visiting object creation for type 'PowerShellEventsDTO' => 'O_3AAD1509'. Arguments visited: True.
[ClassObfuscationRewriter] 2025-12-01T19:46:12.3453027Z Renaming identifier 'CommandDTOBase' to 'O_4AED570F'.
[ClassObfuscationRewriter] 2025-12-01T19:46:12.3512010Z Renaming identifier 'Seatbelt' to 'O_F41F88FA'.
[ClassObfuscationRewriter] 2025-12-01T19:46:12.3512010Z Renaming identifier 'Seatbelt' to 'O_F41F88FA'.
[ClassObfuscationRewriter] 2025-12-01T19:46:12.3529314Z Renaming identifier 'Seatbelt' to 'O_F41F88FA'.
[ClassObfuscationRewriter] 2025-12-01T19:46:12.3539194Z Renaming identifier 'Seatbelt' to 'O_F41F88FA'.
[ClassObfuscationRewriter] 2025-12-01T19:46:12.3544399Z Renaming identifier 'CommandBase' to 'O_2183A68D'.
[ClassObfuscationRewriter] 2025-12-01T19:46:12.3557343Z Renaming identifier 'CommandDTOBase' to 'O_4AED570F'.
[ClassObfuscationRewriter] 2025-12-01T19:46:12.3566221Z Visiting object creation for type 'Regex' => 'Regex'. Arguments visited: True.
[ClassObfuscationRewriter] 2025-12-01T19:46:12.3575439Z Visiting object creation for type 'ProcessCreationEventDTO' => 'O_AADB0A75'. Arguments visited: True.
[ClassObfuscationRewriter] 2025-12-01T19:46:12.3580567Z Renaming identifier 'CommandDTOBase' to 'O_4AED570F'.
[ClassObfuscationRewriter] 2025-12-01T19:46:12.3596179Z Visiting object creation for type 'System.Security.Cryptography.RSAParameters' => 'System.Security.Cryptography.RSAParameters'. Arguments visited: True.
[ClassObfuscationRewriter] 2025-12-01T19:46:12.3606202Z Visiting object creation for type 'Regex' => 'Regex'. Arguments visited: True.
[ClassObfuscationRewriter] 2025-12-01T19:46:12.3619041Z Visiting object creation for type 'ProcessCreationEventDTO' => 'O_AADB0A75'. Arguments visited: True.
[ClassObfuscationRewriter] 2025-12-01T19:46:12.3699286Z Renaming identifier 'CommandDTOBase' to 'O_4AED570F'.
[ClassObfuscationRewriter] 2025-12-01T19:46:12.3710572Z Renaming identifier 'ProcessCreationEventDTO' to 'O_AADB0A75'.
[ClassObfuscationRewriter] 2025-12-01T19:46:12.3729205Z Visiting object creation for type 'System.Security.Cryptography.RSAParameters' => 'System.Security.Cryptography.RSAParameters'. Arguments visited: True.
[ClassObfuscationRewriter] 2025-12-01T19:46:12.3789703Z Renaming identifier 'Seatbelt' to 'O_F41F88FA'.
[ClassObfuscationRewriter] 2025-12-01T19:46:12.3796072Z Renaming identifier 'Seatbelt' to 'O_F41F88FA'.
[ClassObfuscationRewriter] 2025-12-01T19:46:12.3801874Z Renaming identifier 'CommandBase' to 'O_2183A68D'.
[ClassObfuscationRewriter] 2025-12-01T19:46:12.3815911Z Renaming identifier 'CommandDTOBase' to 'O_4AED570F'.
[ClassObfuscationRewriter] 2025-12-01T19:46:12.3828673Z Visiting object creation for type 'Regex' => 'Regex'. Arguments visited: True.
[ClassObfuscationRewriter] 2025-12-01T19:46:12.3842706Z Visiting object creation for type 'SysmonEventDTO' => 'O_A5BD4B1E'. Arguments visited: True.
[ClassObfuscationRewriter] 2025-12-01T19:46:12.3848998Z Renaming identifier 'CommandDTOBase' to 'O_4AED570F'.
[ClassObfuscationRewriter] 2025-12-01T19:46:12.3855260Z Visiting object creation for type 'System.DateTime' => 'System.DateTime'. Arguments visited: True.
[ClassObfuscationRewriter] 2025-12-01T19:46:12.3869728Z Visiting object creation for type 'Regex' => 'Regex'. Arguments visited: True.
[ClassObfuscationRewriter] 2025-12-01T19:46:12.3881438Z Visiting object creation for type 'SysmonEventDTO' => 'O_A5BD4B1E'. Arguments visited: True.
[ClassObfuscationRewriter] 2025-12-01T19:46:12.3970214Z Renaming identifier 'CommandDTOBase' to 'O_4AED570F'.
[ClassObfuscationRewriter] 2025-12-01T19:46:12.4033461Z Renaming identifier 'Seatbelt' to 'O_F41F88FA'.
[ClassObfuscationRewriter] 2025-12-01T19:46:12.4041164Z Renaming identifier 'Seatbelt' to 'O_F41F88FA'.
[ClassObfuscationRewriter] 2025-12-01T19:46:12.4046816Z Renaming identifier 'Seatbelt' to 'O_F41F88FA'.
[ClassObfuscationRewriter] 2025-12-01T19:46:12.4052569Z Renaming identifier 'Seatbelt' to 'O_F41F88FA'.
[ClassObfuscationRewriter] 2025-12-01T19:46:12.4058321Z Renaming identifier 'CommandBase' to 'O_2183A68D'.
[ClassObfuscationRewriter] 2025-12-01T19:46:12.4071020Z Renaming identifier 'CommandDTOBase' to 'O_4AED570F'.
[ClassObfuscationRewriter] 2025-12-01T19:46:12.4082160Z Renaming identifier 'CommandDTOBase' to 'O_4AED570F'.
[ClassObfuscationRewriter] 2025-12-01T19:46:12.4087836Z Visited generic 'IEnumerable' with updated type arguments: <O_4AED570F>.
[ClassObfuscationRewriter] 2025-12-01T19:46:12.4101960Z Visiting object creation for type 'ExplorerRecentFilesDTO' => 'O_EBDE6938'. Arguments visited: True.
[ClassObfuscationRewriter] 2025-12-01T19:46:12.4114770Z Renaming identifier 'CommandDTOBase' to 'O_4AED570F'.
[ClassObfuscationRewriter] 2025-12-01T19:46:12.4121201Z Visiting object creation for type 'System.IO.SeekOrigin' => 'System.IO.SeekOrigin'. Arguments visited: True.
[ClassObfuscationRewriter] 2025-12-01T19:46:12.4127314Z Renaming identifier 'CommandDTOBase' to 'O_4AED570F'.
[ClassObfuscationRewriter] 2025-12-01T19:46:12.4134202Z Visited generic 'IEnumerable' with updated type arguments: <O_4AED570F>.
[ClassObfuscationRewriter] 2025-12-01T19:46:12.4144666Z Visiting object creation for type 'System.IO.SeekOrigin' => 'System.IO.SeekOrigin'. Arguments visited: True.
[ClassObfuscationRewriter] 2025-12-01T19:46:12.4169296Z Visiting object creation for type 'ExplorerRecentFilesDTO' => 'O_EBDE6938'. Arguments visited: True.
[ClassObfuscationRewriter] 2025-12-01T19:46:12.4328056Z Renaming identifier 'CommandDTOBase' to 'O_4AED570F'.
[ClassObfuscationRewriter] 2025-12-01T19:46:12.4344053Z Renaming identifier 'ExplorerRecentFilesDTO' to 'O_EBDE6938'.
[ClassObfuscationRewriter] 2025-12-01T19:46:12.4365379Z Visiting object creation for type 'System.IO.SeekOrigin' => 'System.IO.SeekOrigin'. Arguments visited: True.
[ClassObfuscationRewriter] 2025-12-01T19:46:12.4441654Z Renaming identifier 'Seatbelt' to 'O_F41F88FA'.
[ClassObfuscationRewriter] 2025-12-01T19:46:12.4452965Z Renaming identifier 'User32' to 'O_E24FBBBE'.
[ClassObfuscationRewriter] 2025-12-01T19:46:12.4466181Z Renaming qualified name 'Seatbelt.Interop.User32' to 'O_F41F88FA.Interop.O_E24FBBBE'.
[ClassObfuscationRewriter] 2025-12-01T19:46:12.4471816Z Renaming identifier 'Seatbelt' to 'O_F41F88FA'.
[ClassObfuscationRewriter] 2025-12-01T19:46:12.4471816Z Renaming identifier 'Seatbelt' to 'O_F41F88FA'.
[ClassObfuscationRewriter] 2025-12-01T19:46:12.4484631Z Renaming identifier 'Seatbelt' to 'O_F41F88FA'.
[ClassObfuscationRewriter] 2025-12-01T19:46:12.4491020Z Renaming identifier 'CommandBase' to 'O_2183A68D'.
[ClassObfuscationRewriter] 2025-12-01T19:46:12.4498259Z Renaming identifier 'CommandDTOBase' to 'O_4AED570F'.
[ClassObfuscationRewriter] 2025-12-01T19:46:12.4509178Z Visiting object creation for type 'IdleTimeDTO' => 'O_B137EF9D'. Arguments visited: True.
[ClassObfuscationRewriter] 2025-12-01T19:46:12.4514600Z Visiting object creation for type 'Win32Exception' => 'Win32Exception'. Arguments visited: True.
[ClassObfuscationRewriter] 2025-12-01T19:46:12.4520138Z Renaming identifier 'CommandDTOBase' to 'O_4AED570F'.
[ClassObfuscationRewriter] 2025-12-01T19:46:12.4526833Z Visiting object creation for type 'System.DateTime' => 'System.DateTime'. Arguments visited: True.
[ClassObfuscationRewriter] 2025-12-01T19:46:12.4538272Z Visiting object creation for type 'IdleTimeDTO' => 'O_B137EF9D'. Arguments visited: True.
[ClassObfuscationRewriter] 2025-12-01T19:46:12.4543613Z Visiting object creation for type 'Win32Exception' => 'Win32Exception'. Arguments visited: True.
[ClassObfuscationRewriter] 2025-12-01T19:46:12.4571424Z Renaming identifier 'CommandDTOBase' to 'O_4AED570F'.
[ClassObfuscationRewriter] 2025-12-01T19:46:12.4583367Z Renaming identifier 'IdleTimeDTO' to 'O_B137EF9D'.
[ClassObfuscationRewriter] 2025-12-01T19:46:12.4602711Z Visiting object creation for type 'System.DateTime' => 'System.DateTime'. Arguments visited: True.
[ClassObfuscationRewriter] 2025-12-01T19:46:12.4679766Z Renaming identifier 'Seatbelt' to 'O_F41F88FA'.
[ClassObfuscationRewriter] 2025-12-01T19:46:12.4693006Z Renaming identifier 'Seatbelt' to 'O_F41F88FA'.
[ClassObfuscationRewriter] 2025-12-01T19:46:12.4706274Z Renaming identifier 'CommandBase' to 'O_2183A68D'.
[ClassObfuscationRewriter] 2025-12-01T19:46:12.4722276Z Renaming identifier 'CommandDTOBase' to 'O_4AED570F'.
[ClassObfuscationRewriter] 2025-12-01T19:46:12.4734562Z Renaming identifier 'Shlwapi' to 'O_210F4320'.
[ClassObfuscationRewriter] 2025-12-01T19:46:12.4746863Z Visiting object creation for type 'AntiVirusDTO' => 'O_A6AE78E3'. Arguments visited: True.
[ClassObfuscationRewriter] 2025-12-01T19:46:12.4756089Z Renaming identifier 'CommandDTOBase' to 'O_4AED570F'.
[ClassObfuscationRewriter] 2025-12-01T19:46:12.4766316Z Visiting object creation for type 'System.TimeSpan' => 'System.TimeSpan'. Arguments visited: True.
[ClassObfuscationRewriter] 2025-12-01T19:46:12.4771584Z Renaming identifier 'Shlwapi' to 'O_210F4320'.
[ClassObfuscationRewriter] 2025-12-01T19:46:12.4784507Z Visiting object creation for type 'AntiVirusDTO' => 'O_A6AE78E3'. Arguments visited: True.
[ClassObfuscationRewriter] 2025-12-01T19:46:12.5062554Z Renaming identifier 'CommandDTOBase' to 'O_4AED570F'.
[ClassObfuscationRewriter] 2025-12-01T19:46:12.5128111Z Renaming identifier 'Seatbelt' to 'O_F41F88FA'.
[ClassObfuscationRewriter] 2025-12-01T19:46:12.5141876Z Renaming identifier 'Seatbelt' to 'O_F41F88FA'.
[ClassObfuscationRewriter] 2025-12-01T19:46:12.5147985Z Renaming identifier 'Seatbelt' to 'O_F41F88FA'.
[ClassObfuscationRewriter] 2025-12-01T19:46:12.5162001Z Renaming identifier 'Seatbelt' to 'O_F41F88FA'.
[ClassObfuscationRewriter] 2025-12-01T19:46:12.5171656Z Renaming identifier 'CommandBase' to 'O_2183A68D'.
[ClassObfuscationRewriter] 2025-12-01T19:46:12.5184881Z Renaming identifier 'CommandDTOBase' to 'O_4AED570F'.
[ClassObfuscationRewriter] 2025-12-01T19:46:12.5198780Z Visiting object creation for type 'AppLockerDTO' => 'O_81B62776'. Arguments visited: True.
[ClassObfuscationRewriter] 2025-12-01T19:46:12.5204677Z Visiting object creation for type 'AppLockerDTO' => 'O_81B62776'. Arguments visited: True.
[ClassObfuscationRewriter] 2025-12-01T19:46:12.5210464Z Renaming identifier 'CommandDTOBase' to 'O_4AED570F'.
[ClassObfuscationRewriter] 2025-12-01T19:46:12.5223538Z Renaming identifier 'AppLockerDTO' to 'O_81B62776'.
[ClassObfuscationRewriter] 2025-12-01T19:46:12.5347577Z Renaming identifier 'CommandDTOBase' to 'O_4AED570F'.
[ClassObfuscationRewriter] 2025-12-01T19:46:12.5368875Z Visiting object creation for type 'AppLockerDTO' => 'O_81B62776'. Arguments visited: True.
[ClassObfuscationRewriter] 2025-12-01T19:46:12.5374704Z Visiting object creation for type 'AppLockerDTO' => 'O_81B62776'. Arguments visited: True.
[ClassObfuscationRewriter] 2025-12-01T19:46:12.5649474Z Renaming identifier 'Seatbelt' to 'O_F41F88FA'.
[ClassObfuscationRewriter] 2025-12-01T19:46:12.5662856Z Renaming identifier 'Seatbelt' to 'O_F41F88FA'.
[ClassObfuscationRewriter] 2025-12-01T19:46:12.5668264Z Renaming identifier 'Seatbelt' to 'O_F41F88FA'.
[ClassObfuscationRewriter] 2025-12-01T19:46:12.5673752Z Renaming identifier 'Seatbelt' to 'O_F41F88FA'.
[ClassObfuscationRewriter] 2025-12-01T19:46:12.5689246Z Renaming identifier 'CommandBase' to 'O_2183A68D'.
[ClassObfuscationRewriter] 2025-12-01T19:46:12.5694346Z Renaming identifier 'CommandDTOBase' to 'O_4AED570F'.
[ClassObfuscationRewriter] 2025-12-01T19:46:12.5701489Z Renaming identifier 'Win32Error' to 'O_3BB7B919'.
[ClassObfuscationRewriter] 2025-12-01T19:46:12.5709361Z Visiting object creation for type 'Exception' => 'Exception'. Arguments visited: True.
[ClassObfuscationRewriter] 2025-12-01T19:46:12.5718280Z Visiting object creation for type 'Exception' => 'Exception'. Arguments visited: True.
[ClassObfuscationRewriter] 2025-12-01T19:46:12.5723687Z Visiting object creation for type 'IntPtr' => 'IntPtr'. Arguments visited: True.
[ClassObfuscationRewriter] 2025-12-01T19:46:12.5730495Z Visiting object creation for type 'ArpTableDTO' => 'O_06C7774A'. Arguments visited: True.
[ClassObfuscationRewriter] 2025-12-01T19:46:12.5746939Z Visiting object creation for type 'Exception' => 'Exception'. Arguments visited: True.
[ClassObfuscationRewriter] 2025-12-01T19:46:12.5757066Z Visiting object creation for type 'Exception' => 'Exception'. Arguments visited: True.
[ClassObfuscationRewriter] 2025-12-01T19:46:12.5762190Z Renaming identifier 'CommandDTOBase' to 'O_4AED570F'.
[ClassObfuscationRewriter] 2025-12-01T19:46:12.5774436Z Renaming identifier 'Win32Error' to 'O_3BB7B919'.
[ClassObfuscationRewriter] 2025-12-01T19:46:12.5774436Z Visiting object creation for type 'Exception' => 'Exception'. Arguments visited: True.
[ClassObfuscationRewriter] 2025-12-01T19:46:12.5786448Z Visiting object creation for type 'Exception' => 'Exception'. Arguments visited: True.
[ClassObfuscationRewriter] 2025-12-01T19:46:12.5797834Z Visiting object creation for type 'IntPtr' => 'IntPtr'. Arguments visited: True.
[ClassObfuscationRewriter] 2025-12-01T19:46:12.5803282Z Visiting object creation for type 'ArpTableDTO' => 'O_06C7774A'. Arguments visited: True.
[ClassObfuscationRewriter] 2025-12-01T19:46:12.5820828Z Visiting object creation for type 'Exception' => 'Exception'. Arguments visited: True.
[ClassObfuscationRewriter] 2025-12-01T19:46:12.5828576Z Visiting object creation for type 'Exception' => 'Exception'. Arguments visited: True.
[ClassObfuscationRewriter] 2025-12-01T19:46:12.5955267Z Renaming identifier 'CommandDTOBase' to 'O_4AED570F'.
[ClassObfuscationRewriter] 2025-12-01T19:46:12.5983332Z Visiting object creation for type 'List<string>' => 'List<string>'. Arguments visited: True.
[ClassObfuscationRewriter] 2025-12-01T19:46:12.5994498Z Updated generic object creation type arguments: <string> for 'List<string>'.
[ClassObfuscationRewriter] 2025-12-01T19:46:12.5994498Z Visiting object creation for type 'List<string>' => 'List<string>'. Arguments visited: True.
[ClassObfuscationRewriter] 2025-12-01T19:46:12.6002282Z Updated generic object creation type arguments: <string> for 'List<string>'.
[ClassObfuscationRewriter] 2025-12-01T19:46:12.6010464Z Renaming identifier 'ArpEntry' to 'O_6363B96E'.
[ClassObfuscationRewriter] 2025-12-01T19:46:12.6015616Z Visited generic 'List' with updated type arguments: <O_6363B96E>.
[ClassObfuscationRewriter] 2025-12-01T19:46:12.6026936Z Visiting object creation for type 'List<ArpEntry>' => 'List<O_6363B96E>'. Arguments visited: True.
[ClassObfuscationRewriter] 2025-12-01T19:46:12.6034568Z Updated generic object creation type arguments: <O_6363B96E> for 'List<O_6363B96E>'.
[ClassObfuscationRewriter] 2025-12-01T19:46:12.6048708Z Renaming identifier 'ArpTableDTO' to 'O_06C7774A'.
[ClassObfuscationRewriter] 2025-12-01T19:46:12.6162413Z Renaming identifier 'Seatbelt' to 'O_F41F88FA'.
[ClassObfuscationRewriter] 2025-12-01T19:46:12.6231150Z Renaming identifier 'Seatbelt' to 'O_F41F88FA'.
[ClassObfuscationRewriter] 2025-12-01T19:46:12.6283963Z Renaming identifier 'Seatbelt' to 'O_F41F88FA'.
[ClassObfuscationRewriter] 2025-12-01T19:46:12.6293019Z Renaming identifier 'CommandBase' to 'O_2183A68D'.
[ClassObfuscationRewriter] 2025-12-01T19:46:12.6303706Z Renaming identifier 'CommandDTOBase' to 'O_4AED570F'.
[ClassObfuscationRewriter] 2025-12-01T19:46:12.6314484Z Visiting object creation for type 'InstalledPrintersDTO' => 'O_305008C6'. Arguments visited: True.
[ClassObfuscationRewriter] 2025-12-01T19:46:12.6325657Z Renaming identifier 'CommandDTOBase' to 'O_4AED570F'.
[ClassObfuscationRewriter] 2025-12-01T19:46:12.6335225Z Visiting object creation for type 'System.Security.Cryptography.HashAlgorithmName' => 'System.Security.Cryptography.HashAlgorithmName'. Arguments visited: True.
[ClassObfuscationRewriter] 2025-12-01T19:46:12.6345881Z Visiting object creation for type 'InstalledPrintersDTO' => 'O_305008C6'. Arguments visited: True.
[ClassObfuscationRewriter] 2025-12-01T19:46:12.6416096Z Renaming identifier 'CommandDTOBase' to 'O_4AED570F'.
[ClassObfuscationRewriter] 2025-12-01T19:46:12.6477921Z Renaming identifier 'Seatbelt' to 'O_F41F88FA'.
[ClassObfuscationRewriter] 2025-12-01T19:46:12.6483397Z Renaming identifier 'CommandBase' to 'O_2183A68D'.
[ClassObfuscationRewriter] 2025-12-01T19:46:12.6494935Z Renaming identifier 'CommandDTOBase' to 'O_4AED570F'.
[ClassObfuscationRewriter] 2025-12-01T19:46:12.6509129Z Visiting object creation for type 'LastShutdownDTO' => 'O_8BA5B3A3'. Arguments visited: True.
[ClassObfuscationRewriter] 2025-12-01T19:46:12.6515540Z Renaming identifier 'CommandDTOBase' to 'O_4AED570F'.
[ClassObfuscationRewriter] 2025-12-01T19:46:12.6527243Z Visiting object creation for type 'LastShutdownDTO' => 'O_8BA5B3A3'. Arguments visited: True.
[ClassObfuscationRewriter] 2025-12-01T19:46:12.6578822Z Renaming identifier 'CommandDTOBase' to 'O_4AED570F'.
[ClassObfuscationRewriter] 2025-12-01T19:46:12.6653860Z Renaming identifier 'Seatbelt' to 'O_F41F88FA'.
[ClassObfuscationRewriter] 2025-12-01T19:46:12.6666592Z Renaming identifier 'Seatbelt' to 'O_F41F88FA'.
[ClassObfuscationRewriter] 2025-12-01T19:46:12.6675013Z Renaming identifier 'CommandBase' to 'O_2183A68D'.
[ClassObfuscationRewriter] 2025-12-01T19:46:12.6686708Z Renaming identifier 'CommandDTOBase' to 'O_4AED570F'.
[ClassObfuscationRewriter] 2025-12-01T19:46:12.6702804Z Visiting object creation for type 'LocalGPODTO' => 'O_772C1DD3'. Arguments visited: True.
[ClassObfuscationRewriter] 2025-12-01T19:46:12.6738044Z Visiting object creation for type 'LocalGPODTO' => 'O_772C1DD3'. Arguments visited: True.
[ClassObfuscationRewriter] 2025-12-01T19:46:12.6743484Z Renaming identifier 'CommandDTOBase' to 'O_4AED570F'.
[ClassObfuscationRewriter] 2025-12-01T19:46:12.6767916Z Renaming identifier 'CommandDTOBase' to 'O_4AED570F'.
[ClassObfuscationRewriter] 2025-12-01T19:46:12.6796353Z Visiting object creation for type 'LocalGPODTO' => 'O_772C1DD3'. Arguments visited: True.
[ClassObfuscationRewriter] 2025-12-01T19:46:12.6826970Z Visiting object creation for type 'LocalGPODTO' => 'O_772C1DD3'. Arguments visited: True.
[ClassObfuscationRewriter] 2025-12-01T19:46:12.7299759Z Renaming identifier 'Seatbelt' to 'O_F41F88FA'.
[ClassObfuscationRewriter] 2025-12-01T19:46:12.7312100Z Renaming identifier 'Netapi32' to 'O_B81255AD'.
[ClassObfuscationRewriter] 2025-12-01T19:46:12.7321937Z Renaming qualified name 'Seatbelt.Interop.Netapi32' to 'O_F41F88FA.Interop.O_B81255AD'.
[ClassObfuscationRewriter] 2025-12-01T19:46:12.7321937Z Renaming identifier 'Seatbelt' to 'O_F41F88FA'.
[ClassObfuscationRewriter] 2025-12-01T19:46:12.7335969Z Renaming identifier 'CommandBase' to 'O_2183A68D'.
[ClassObfuscationRewriter] 2025-12-01T19:46:12.7346589Z Renaming identifier 'CommandDTOBase' to 'O_4AED570F'.
[ClassObfuscationRewriter] 2025-12-01T19:46:12.7361032Z Visiting object creation for type 'LocalUserDTO' => 'O_D4B9D728'. Arguments visited: True.
[ClassObfuscationRewriter] 2025-12-01T19:46:12.7366138Z Renaming identifier 'CommandDTOBase' to 'O_4AED570F'.
[ClassObfuscationRewriter] 2025-12-01T19:46:12.7377222Z Visiting object creation for type 'System.TimeSpan' => 'System.TimeSpan'. Arguments visited: True.
[ClassObfuscationRewriter] 2025-12-01T19:46:12.7388290Z Visiting object creation for type 'LocalUserDTO' => 'O_D4B9D728'. Arguments visited: True.
[ClassObfuscationRewriter] 2025-12-01T19:46:12.7455231Z Renaming identifier 'CommandDTOBase' to 'O_4AED570F'.
[ClassObfuscationRewriter] 2025-12-01T19:46:12.7527784Z Renaming identifier 'Seatbelt' to 'O_F41F88FA'.
[ClassObfuscationRewriter] 2025-12-01T19:46:12.7533307Z Renaming identifier 'Seatbelt' to 'O_F41F88FA'.
[ClassObfuscationRewriter] 2025-12-01T19:46:12.7544502Z Renaming identifier 'Seatbelt' to 'O_F41F88FA'.
[ClassObfuscationRewriter] 2025-12-01T19:46:12.7551034Z Renaming identifier 'Seatbelt' to 'O_F41F88FA'.
[ClassObfuscationRewriter] 2025-12-01T19:46:12.7558440Z Renaming identifier 'Seatbelt' to 'O_F41F88FA'.
[ClassObfuscationRewriter] 2025-12-01T19:46:12.7564783Z Renaming identifier 'CommandBase' to 'O_2183A68D'.
[ClassObfuscationRewriter] 2025-12-01T19:46:12.7587398Z Renaming identifier 'CommandDTOBase' to 'O_4AED570F'.
[ClassObfuscationRewriter] 2025-12-01T19:46:12.7601347Z Renaming identifier 'Win32Error' to 'O_3BB7B919'.
[ClassObfuscationRewriter] 2025-12-01T19:46:12.7607096Z Renaming identifier 'Win32Error' to 'O_3BB7B919'.
[ClassObfuscationRewriter] 2025-12-01T19:46:12.7618045Z Visiting object creation for type 'NamedPipesDTO' => 'O_4C1AA4E8'. Arguments visited: True.
[ClassObfuscationRewriter] 2025-12-01T19:46:12.7630480Z Renaming identifier 'CommandDTOBase' to 'O_4AED570F'.
[ClassObfuscationRewriter] 2025-12-01T19:46:12.7635557Z Visiting object creation for type 'System.DateTime' => 'System.DateTime'. Arguments visited: True.
[ClassObfuscationRewriter] 2025-12-01T19:46:12.7650859Z Renaming identifier 'Win32Error' to 'O_3BB7B919'.
[ClassObfuscationRewriter] 2025-12-01T19:46:12.7661713Z Renaming identifier 'Win32Error' to 'O_3BB7B919'.
[ClassObfuscationRewriter] 2025-12-01T19:46:12.7672283Z Visiting object creation for type 'NamedPipesDTO' => 'O_4C1AA4E8'. Arguments visited: True.
[ClassObfuscationRewriter] 2025-12-01T19:46:12.7684180Z Visiting object creation for type 'System.DateTime' => 'System.DateTime'. Arguments visited: True.
[ClassObfuscationRewriter] 2025-12-01T19:46:12.7920523Z Renaming identifier 'CommandDTOBase' to 'O_4AED570F'.
[ClassObfuscationRewriter] 2025-12-01T19:46:12.7933059Z Renaming identifier 'NamedPipesDTO' to 'O_4C1AA4E8'.
[ClassObfuscationRewriter] 2025-12-01T19:46:12.8034946Z Visiting object creation for type 'System.DateTime' => 'System.DateTime'. Arguments visited: True.
[ClassObfuscationRewriter] 2025-12-01T19:46:12.8187434Z Renaming identifier 'Seatbelt' to 'O_F41F88FA'.
[ClassObfuscationRewriter] 2025-12-01T19:46:12.8195531Z Renaming identifier 'Seatbelt' to 'O_F41F88FA'.
[ClassObfuscationRewriter] 2025-12-01T19:46:12.8203618Z Renaming identifier 'CommandBase' to 'O_2183A68D'.
[ClassObfuscationRewriter] 2025-12-01T19:46:12.8216920Z Renaming identifier 'CommandDTOBase' to 'O_4AED570F'.
[ClassObfuscationRewriter] 2025-12-01T19:46:12.8222420Z Visiting object creation for type 'NetworkProfilesDTO' => 'O_7124901A'. Arguments visited: True.
[ClassObfuscationRewriter] 2025-12-01T19:46:12.8229668Z Visiting object creation for type 'DateTime' => 'DateTime'. Arguments visited: True.
[ClassObfuscationRewriter] 2025-12-01T19:46:12.8241315Z Visiting object creation for type 'DateTime' => 'DateTime'. Arguments visited: True.
[ClassObfuscationRewriter] 2025-12-01T19:46:12.8246576Z Renaming identifier 'CommandDTOBase' to 'O_4AED570F'.
[ClassObfuscationRewriter] 2025-12-01T19:46:12.8258798Z Renaming identifier 'CommandDTOBase' to 'O_4AED570F'.
[ClassObfuscationRewriter] 2025-12-01T19:46:12.8274653Z Visiting object creation for type 'NetworkProfilesDTO' => 'O_7124901A'. Arguments visited: True.
[ClassObfuscationRewriter] 2025-12-01T19:46:12.8284654Z Visiting object creation for type 'DateTime' => 'DateTime'. Arguments visited: True.
[ClassObfuscationRewriter] 2025-12-01T19:46:12.8294657Z Visiting object creation for type 'DateTime' => 'DateTime'. Arguments visited: True.
[ClassObfuscationRewriter] 2025-12-01T19:46:12.8553932Z Renaming identifier 'Seatbelt' to 'O_F41F88FA'.
[ClassObfuscationRewriter] 2025-12-01T19:46:12.8559364Z Renaming identifier 'Seatbelt' to 'O_F41F88FA'.
[ClassObfuscationRewriter] 2025-12-01T19:46:12.8570837Z Renaming identifier 'Seatbelt' to 'O_F41F88FA'.
[ClassObfuscationRewriter] 2025-12-01T19:46:12.8576237Z Renaming identifier 'Seatbelt' to 'O_F41F88FA'.
[ClassObfuscationRewriter] 2025-12-01T19:46:12.8587796Z Renaming identifier 'CommandBase' to 'O_2183A68D'.
[ClassObfuscationRewriter] 2025-12-01T19:46:12.8599304Z Renaming identifier 'CommandDTOBase' to 'O_4AED570F'.
[ClassObfuscationRewriter] 2025-12-01T19:46:12.8635261Z Visiting object creation for type 'NtlmSettingsDTO' => 'O_9035B3A6'. Arguments visited: True.
[ClassObfuscationRewriter] 2025-12-01T19:46:12.8646056Z Renaming identifier 'CommandDTOBase' to 'O_4AED570F'.
[ClassObfuscationRewriter] 2025-12-01T19:46:12.8672637Z Visiting object creation for type 'NtlmSettingsDTO' => 'O_9035B3A6'. Arguments visited: True.
[ClassObfuscationRewriter] 2025-12-01T19:46:12.8843651Z Renaming identifier 'CommandDTOBase' to 'O_4AED570F'.
[ClassObfuscationRewriter] 2025-12-01T19:46:12.8863693Z Renaming identifier 'NtlmSettingsDTO' to 'O_9035B3A6'.
[ClassObfuscationRewriter] 2025-12-01T19:46:12.9565856Z Renaming identifier 'Seatbelt' to 'O_F41F88FA'.
[ClassObfuscationRewriter] 2025-12-01T19:46:12.9579687Z Renaming identifier 'Seatbelt' to 'O_F41F88FA'.
[ClassObfuscationRewriter] 2025-12-01T19:46:12.9588907Z Renaming identifier 'Seatbelt' to 'O_F41F88FA'.
[ClassObfuscationRewriter] 2025-12-01T19:46:12.9594051Z Renaming identifier 'Seatbelt' to 'O_F41F88FA'.
[ClassObfuscationRewriter] 2025-12-01T19:46:12.9599957Z Renaming identifier 'Seatbelt' to 'O_F41F88FA'.
[ClassObfuscationRewriter] 2025-12-01T19:46:12.9620010Z Renaming identifier 'CommandBase' to 'O_2183A68D'.
[ClassObfuscationRewriter] 2025-12-01T19:46:12.9630562Z Renaming identifier 'CommandDTOBase' to 'O_4AED570F'.
[ClassObfuscationRewriter] 2025-12-01T19:46:12.9653597Z Visiting object creation for type 'ProcessesDTO' => 'O_5129D851'. Arguments visited: True.
[ClassObfuscationRewriter] 2025-12-01T19:46:12.9663173Z Visiting object creation for type 'System.Security.Cryptography.DSAParameters' => 'System.Security.Cryptography.DSAParameters'. Arguments visited: True.
[ClassObfuscationRewriter] 2025-12-01T19:46:12.9668326Z Renaming identifier 'CommandDTOBase' to 'O_4AED570F'.
[ClassObfuscationRewriter] 2025-12-01T19:46:12.9681991Z Visiting object creation for type 'System.Security.Cryptography.DSAParameters' => 'System.Security.Cryptography.DSAParameters'. Arguments visited: True.
[ClassObfuscationRewriter] 2025-12-01T19:46:12.9701794Z Visiting object creation for type 'ProcessesDTO' => 'O_5129D851'. Arguments visited: True.
[ClassObfuscationRewriter] 2025-12-01T19:46:12.9858875Z Renaming identifier 'CommandDTOBase' to 'O_4AED570F'.
[ClassObfuscationRewriter] 2025-12-01T19:46:12.9875577Z Renaming identifier 'Module' to 'O_F148224A'.
[ClassObfuscationRewriter] 2025-12-01T19:46:12.9888906Z Visited generic 'List' with updated type arguments: <O_F148224A>.
[ClassObfuscationRewriter] 2025-12-01T19:46:12.9906865Z Renaming identifier 'ProcessesDTO' to 'O_5129D851'.
[ClassObfuscationRewriter] 2025-12-01T19:46:12.9952300Z Visiting object creation for type 'System.Security.Cryptography.DSAParameters' => 'System.Security.Cryptography.DSAParameters'. Arguments visited: True.
[ClassObfuscationRewriter] 2025-12-01T19:46:13.0302980Z Renaming identifier 'Seatbelt' to 'O_F41F88FA'.
[ClassObfuscationRewriter] 2025-12-01T19:46:13.0314828Z Renaming identifier 'Seatbelt' to 'O_F41F88FA'.
[ClassObfuscationRewriter] 2025-12-01T19:46:13.0320004Z Renaming identifier 'Seatbelt' to 'O_F41F88FA'.
[ClassObfuscationRewriter] 2025-12-01T19:46:13.0325562Z Renaming identifier 'CommandBase' to 'O_2183A68D'.
[ClassObfuscationRewriter] 2025-12-01T19:46:13.0337154Z Renaming identifier 'CommandDTOBase' to 'O_4AED570F'.
[ClassObfuscationRewriter] 2025-12-01T19:46:13.0348537Z Visiting object creation for type 'ProcessesOwnerDTO' => 'O_102C866E'. Arguments visited: True.
[ClassObfuscationRewriter] 2025-12-01T19:46:13.0354144Z Renaming identifier 'CommandDTOBase' to 'O_4AED570F'.
[ClassObfuscationRewriter] 2025-12-01T19:46:13.0365884Z Visiting object creation for type 'ProcessesOwnerDTO' => 'O_102C866E'. Arguments visited: True.
[ClassObfuscationRewriter] 2025-12-01T19:46:13.0442350Z Renaming identifier 'CommandDTOBase' to 'O_4AED570F'.
[ClassObfuscationRewriter] 2025-12-01T19:46:13.0442350Z Renaming identifier 'ProcessesOwnerDTO' to 'O_102C866E'.
[ClassObfuscationRewriter] 2025-12-01T19:46:13.0528617Z Renaming identifier 'Seatbelt' to 'O_F41F88FA'.
[ClassObfuscationRewriter] 2025-12-01T19:46:13.0541095Z Renaming identifier 'Seatbelt' to 'O_F41F88FA'.
[ClassObfuscationRewriter] 2025-12-01T19:46:13.0546778Z Renaming identifier 'Seatbelt' to 'O_F41F88FA'.
[ClassObfuscationRewriter] 2025-12-01T19:46:13.0559090Z Renaming identifier 'Seatbelt' to 'O_F41F88FA'.
[ClassObfuscationRewriter] 2025-12-01T19:46:13.0572521Z Renaming identifier 'CommandBase' to 'O_2183A68D'.
[ClassObfuscationRewriter] 2025-12-01T19:46:13.0585408Z Renaming identifier 'CommandDTOBase' to 'O_4AED570F'.
[ClassObfuscationRewriter] 2025-12-01T19:46:13.0599014Z Visiting object creation for type 'PluginAccess' => 'O_9E24156B'. Arguments visited: True.
[ClassObfuscationRewriter] 2025-12-01T19:46:13.0612041Z Visiting object creation for type 'PSSessionSettingsDTO' => 'O_C494E4E9'. Arguments visited: True.
[ClassObfuscationRewriter] 2025-12-01T19:46:13.0612041Z Renaming identifier 'CommandDTOBase' to 'O_4AED570F'.
[ClassObfuscationRewriter] 2025-12-01T19:46:13.0628248Z Visiting object creation for type 'System.DateTime' => 'System.DateTime'. Arguments visited: True.
[ClassObfuscationRewriter] 2025-12-01T19:46:13.0646697Z Visiting object creation for type 'PluginAccess' => 'O_9E24156B'. Arguments visited: True.
[ClassObfuscationRewriter] 2025-12-01T19:46:13.0646697Z Visiting object creation for type 'PSSessionSettingsDTO' => 'O_C494E4E9'. Arguments visited: True.
[ClassObfuscationRewriter] 2025-12-01T19:46:13.0759167Z Renaming identifier 'CommandDTOBase' to 'O_4AED570F'.
[ClassObfuscationRewriter] 2025-12-01T19:46:13.0774424Z Renaming identifier 'PluginAccess' to 'O_9E24156B'.
[ClassObfuscationRewriter] 2025-12-01T19:46:13.0782625Z Visited generic 'List' with updated type arguments: <O_9E24156B>.
[ClassObfuscationRewriter] 2025-12-01T19:46:13.0792074Z Renaming identifier 'PSSessionSettingsDTO' to 'O_C494E4E9'.
[ClassObfuscationRewriter] 2025-12-01T19:46:13.0805713Z Visiting object creation for type 'System.DateTime' => 'System.DateTime'. Arguments visited: True.
[ClassObfuscationRewriter] 2025-12-01T19:46:13.0891348Z Renaming identifier 'Seatbelt' to 'O_F41F88FA'.
[ClassObfuscationRewriter] 2025-12-01T19:46:13.0896883Z Renaming identifier 'Seatbelt' to 'O_F41F88FA'.
[ClassObfuscationRewriter] 2025-12-01T19:46:13.0910164Z Renaming identifier 'Rpcrt4' to 'O_F8D7398B'.
[ClassObfuscationRewriter] 2025-12-01T19:46:13.0915927Z Renaming qualified name 'Seatbelt.Interop.Rpcrt4' to 'O_F41F88FA.Interop.O_F8D7398B'.
[ClassObfuscationRewriter] 2025-12-01T19:46:13.0923364Z Renaming identifier 'Seatbelt' to 'O_F41F88FA'.
[ClassObfuscationRewriter] 2025-12-01T19:46:13.0928758Z Renaming identifier 'Seatbelt' to 'O_F41F88FA'.
[ClassObfuscationRewriter] 2025-12-01T19:46:13.0928758Z Renaming identifier 'CommandBase' to 'O_2183A68D'.
[ClassObfuscationRewriter] 2025-12-01T19:46:13.0940779Z Renaming identifier 'CommandDTOBase' to 'O_4AED570F'.
[ClassObfuscationRewriter] 2025-12-01T19:46:13.0952303Z Visiting object creation for type 'Version' => 'Version'. Arguments visited: True.
[ClassObfuscationRewriter] 2025-12-01T19:46:13.0957381Z Visiting object creation for type 'RPCMappedEndpointsDTO' => 'O_E5AEFE7F'. Arguments visited: True.
[ClassObfuscationRewriter] 2025-12-01T19:46:13.0967360Z Renaming identifier 'CommandDTOBase' to 'O_4AED570F'.
[ClassObfuscationRewriter] 2025-12-01T19:46:13.1143864Z Visiting object creation for type 'Version' => 'Version'. Arguments visited: True.
[ClassObfuscationRewriter] 2025-12-01T19:46:13.1152181Z Visiting object creation for type 'RPCMappedEndpointsDTO' => 'O_E5AEFE7F'. Arguments visited: True.
[ClassObfuscationRewriter] 2025-12-01T19:46:13.1220166Z Renaming identifier 'CommandDTOBase' to 'O_4AED570F'.
[ClassObfuscationRewriter] 2025-12-01T19:46:13.1238168Z Renaming identifier 'RPCMappedEndpointsDTO' to 'O_E5AEFE7F'.
[ClassObfuscationRewriter] 2025-12-01T19:46:13.1406617Z Renaming identifier 'Seatbelt' to 'O_F41F88FA'.
[ClassObfuscationRewriter] 2025-12-01T19:46:13.1417624Z Renaming identifier 'Seatbelt' to 'O_F41F88FA'.
[ClassObfuscationRewriter] 2025-12-01T19:46:13.1417624Z Renaming identifier 'Seatbelt' to 'O_F41F88FA'.
[ClassObfuscationRewriter] 2025-12-01T19:46:13.1424963Z Renaming identifier 'Seatbelt' to 'O_F41F88FA'.
[ClassObfuscationRewriter] 2025-12-01T19:46:13.1452444Z Renaming identifier 'CommandBase' to 'O_2183A68D'.
[ClassObfuscationRewriter] 2025-12-01T19:46:13.1471918Z Renaming identifier 'CommandDTOBase' to 'O_4AED570F'.
[ClassObfuscationRewriter] 2025-12-01T19:46:13.1519539Z Visiting object creation for type 'ScheduledTasksDTO' => 'O_572A3E52'. Arguments visited: True.
[ClassObfuscationRewriter] 2025-12-01T19:46:13.1533780Z Renaming identifier 'CommandDTOBase' to 'O_4AED570F'.
[ClassObfuscationRewriter] 2025-12-01T19:46:13.1540282Z Visiting object creation for type 'System.TimeSpan' => 'System.TimeSpan'. Arguments visited: True.
[ClassObfuscationRewriter] 2025-12-01T19:46:13.1545670Z Visiting object creation for type 'System.Threading.CancellationToken' => 'System.Threading.CancellationToken'. Arguments visited: True.
[ClassObfuscationRewriter] 2025-12-01T19:46:13.1594244Z Visiting object creation for type 'ScheduledTasksDTO' => 'O_572A3E52'. Arguments visited: True.
[ClassObfuscationRewriter] 2025-12-01T19:46:13.1960775Z Renaming identifier 'CommandDTOBase' to 'O_4AED570F'.
[ClassObfuscationRewriter] 2025-12-01T19:46:13.1971414Z Renaming identifier 'ScheduledTaskPrincipal' to 'O_A664A7BA'.
[ClassObfuscationRewriter] 2025-12-01T19:46:13.1980810Z Renaming identifier 'ScheduledTaskAction' to 'O_C2B9DBD9'.
[ClassObfuscationRewriter] 2025-12-01T19:46:13.1990439Z Visited generic 'List' with updated type arguments: <O_C2B9DBD9>.
[ClassObfuscationRewriter] 2025-12-01T19:46:13.1996797Z Renaming identifier 'ScheduledTaskTrigger' to 'O_B4B33E7C'.
[ClassObfuscationRewriter] 2025-12-01T19:46:13.2002752Z Visited generic 'List' with updated type arguments: <O_B4B33E7C>.
[ClassObfuscationRewriter] 2025-12-01T19:46:13.2015985Z Renaming identifier 'ScheduledTasksDTO' to 'O_572A3E52'.
[ClassObfuscationRewriter] 2025-12-01T19:46:13.2083682Z Visiting object creation for type 'System.TimeSpan' => 'System.TimeSpan'. Arguments visited: True.
[ClassObfuscationRewriter] 2025-12-01T19:46:13.2095845Z Visiting object creation for type 'System.Threading.CancellationToken' => 'System.Threading.CancellationToken'. Arguments visited: True.
[ClassObfuscationRewriter] 2025-12-01T19:46:13.2839879Z Renaming identifier 'Seatbelt' to 'O_F41F88FA'.
[ClassObfuscationRewriter] 2025-12-01T19:46:13.2854762Z Renaming identifier 'Seatbelt' to 'O_F41F88FA'.
[ClassObfuscationRewriter] 2025-12-01T19:46:13.2862503Z Renaming identifier 'CommandBase' to 'O_2183A68D'.
[ClassObfuscationRewriter] 2025-12-01T19:46:13.2874964Z Renaming identifier 'CommandDTOBase' to 'O_4AED570F'.
[ClassObfuscationRewriter] 2025-12-01T19:46:13.2886488Z Renaming identifier 'CommandDTOBase' to 'O_4AED570F'.
[ClassObfuscationRewriter] 2025-12-01T19:46:13.2898479Z Renaming identifier 'CommandDTOBase' to 'O_4AED570F'.
[ClassObfuscationRewriter] 2025-12-01T19:46:13.3020021Z Renaming identifier 'Seatbelt' to 'O_F41F88FA'.
[ClassObfuscationRewriter] 2025-12-01T19:46:13.3032108Z Renaming identifier 'Seatbelt' to 'O_F41F88FA'.
[ClassObfuscationRewriter] 2025-12-01T19:46:13.3038012Z Renaming identifier 'CommandBase' to 'O_2183A68D'.
[ClassObfuscationRewriter] 2025-12-01T19:46:13.3047530Z Renaming identifier 'CommandDTOBase' to 'O_4AED570F'.
[ClassObfuscationRewriter] 2025-12-01T19:46:13.3077496Z Visiting object creation for type 'ServicesDTO' => 'O_4DE83E42'. Arguments visited: True.
[ClassObfuscationRewriter] 2025-12-01T19:46:13.3101919Z Renaming identifier 'CommandDTOBase' to 'O_4AED570F'.
[ClassObfuscationRewriter] 2025-12-01T19:46:13.3123639Z Visiting object creation for type 'ServicesDTO' => 'O_4DE83E42'. Arguments visited: True.
[ClassObfuscationRewriter] 2025-12-01T19:46:13.3134471Z Visiting object creation for type 'System.DayOfWeek' => 'System.DayOfWeek'. Arguments visited: True.
[ClassObfuscationRewriter] 2025-12-01T19:46:13.3139900Z Visiting object creation for type 'System.DayOfWeek' => 'System.DayOfWeek'. Arguments visited: True.
[ClassObfuscationRewriter] 2025-12-01T19:46:13.3146665Z Visiting object creation for type 'System.DayOfWeek' => 'System.DayOfWeek'. Arguments visited: True.
[ClassObfuscationRewriter] 2025-12-01T19:46:13.3160103Z Visiting object creation for type 'System.DayOfWeek' => 'System.DayOfWeek'. Arguments visited: True.
[ClassObfuscationRewriter] 2025-12-01T19:46:13.3167732Z Visiting object creation for type 'System.DayOfWeek' => 'System.DayOfWeek'. Arguments visited: True.
[ClassObfuscationRewriter] 2025-12-01T19:46:13.3397200Z Renaming identifier 'CommandDTOBase' to 'O_4AED570F'.
[ClassObfuscationRewriter] 2025-12-01T19:46:13.3502413Z Renaming identifier 'Seatbelt' to 'O_F41F88FA'.
[ClassObfuscationRewriter] 2025-12-01T19:46:13.3515511Z Renaming identifier 'Seatbelt' to 'O_F41F88FA'.
[ClassObfuscationRewriter] 2025-12-01T19:46:13.3523303Z Renaming identifier 'Seatbelt' to 'O_F41F88FA'.
[ClassObfuscationRewriter] 2025-12-01T19:46:13.3523303Z Renaming identifier 'Netapi32' to 'O_B81255AD'.
[ClassObfuscationRewriter] 2025-12-01T19:46:13.3530609Z Renaming qualified name 'Seatbelt.Interop.Netapi32' to 'O_F41F88FA.Interop.O_B81255AD'.
[ClassObfuscationRewriter] 2025-12-01T19:46:13.3536196Z Renaming identifier 'Seatbelt' to 'O_F41F88FA'.
[ClassObfuscationRewriter] 2025-12-01T19:46:13.3541779Z Renaming identifier 'Seatbelt' to 'O_F41F88FA'.
[ClassObfuscationRewriter] 2025-12-01T19:46:13.3547502Z Renaming identifier 'CommandBase' to 'O_2183A68D'.
[ClassObfuscationRewriter] 2025-12-01T19:46:13.3553487Z Renaming identifier 'CommandDTOBase' to 'O_4AED570F'.
[ClassObfuscationRewriter] 2025-12-01T19:46:13.3566719Z Visiting object creation for type 'LsaWrapper' => 'O_41CA9BAE'. Arguments visited: True.
[ClassObfuscationRewriter] 2025-12-01T19:46:13.3573357Z Visiting object creation for type 'UserRightAssignmentsDTO' => 'O_B2DB8A27'. Arguments visited: True.
[ClassObfuscationRewriter] 2025-12-01T19:46:13.3581074Z Renaming identifier 'CommandDTOBase' to 'O_4AED570F'.
[ClassObfuscationRewriter] 2025-12-01T19:46:13.3593526Z Visiting object creation for type 'LsaWrapper' => 'O_41CA9BAE'. Arguments visited: True.
[ClassObfuscationRewriter] 2025-12-01T19:46:13.3607340Z Visiting object creation for type 'UserRightAssignmentsDTO' => 'O_B2DB8A27'. Arguments visited: True.
[ClassObfuscationRewriter] 2025-12-01T19:46:13.3879246Z Renaming identifier 'CommandDTOBase' to 'O_4AED570F'.
[ClassObfuscationRewriter] 2025-12-01T19:46:13.3890524Z Renaming identifier 'UserRightAssignmentsDTO' to 'O_B2DB8A27'.
[ClassObfuscationRewriter] 2025-12-01T19:46:13.4020964Z Renaming identifier 'Seatbelt' to 'O_F41F88FA'.
[ClassObfuscationRewriter] 2025-12-01T19:46:13.4033590Z Renaming identifier 'Seatbelt' to 'O_F41F88FA'.
[ClassObfuscationRewriter] 2025-12-01T19:46:13.4033590Z Renaming identifier 'Seatbelt' to 'O_F41F88FA'.
[ClassObfuscationRewriter] 2025-12-01T19:46:13.4041497Z Renaming identifier 'Seatbelt' to 'O_F41F88FA'.
[ClassObfuscationRewriter] 2025-12-01T19:46:13.4047488Z Renaming identifier 'CommandBase' to 'O_2183A68D'.
[ClassObfuscationRewriter] 2025-12-01T19:46:13.4058679Z Renaming identifier 'CommandDTOBase' to 'O_4AED570F'.
[ClassObfuscationRewriter] 2025-12-01T19:46:13.4066370Z Visiting object creation for type 'Regex' => 'Regex'. Arguments visited: True.
[ClassObfuscationRewriter] 2025-12-01T19:46:13.4079056Z Visiting object creation for type 'Regex' => 'Regex'. Arguments visited: True.
[ClassObfuscationRewriter] 2025-12-01T19:46:13.4088746Z Renaming identifier 'RegistryValueDTO' to 'O_13C2B2E0'.
[ClassObfuscationRewriter] 2025-12-01T19:46:13.4088746Z Visited generic 'IEnumerable' with updated type arguments: <O_13C2B2E0>.
[ClassObfuscationRewriter] 2025-12-01T19:46:13.4101918Z Renaming identifier 'RegistryValueDTO' to 'O_13C2B2E0'.
[ClassObfuscationRewriter] 2025-12-01T19:46:13.4108518Z Visited generic 'IEnumerable' with updated type arguments: <O_13C2B2E0>.
[ClassObfuscationRewriter] 2025-12-01T19:46:13.4120342Z Visiting object creation for type 'Exception' => 'Exception'. Arguments visited: True.
[ClassObfuscationRewriter] 2025-12-01T19:46:13.4126200Z Visiting object creation for type 'RegistryValueDTO' => 'O_13C2B2E0'. Arguments visited: True.
[ClassObfuscationRewriter] 2025-12-01T19:46:13.4137688Z Visiting object creation for type 'RegistryValueDTO' => 'O_13C2B2E0'. Arguments visited: True.
[ClassObfuscationRewriter] 2025-12-01T19:46:13.4147328Z Visiting object creation for type 'Exception' => 'Exception'. Arguments visited: True.
[ClassObfuscationRewriter] 2025-12-01T19:46:13.4158044Z Renaming identifier 'CommandDTOBase' to 'O_4AED570F'.
[ClassObfuscationRewriter] 2025-12-01T19:46:13.4163558Z Visiting object creation for type 'Regex' => 'Regex'. Arguments visited: True.
[ClassObfuscationRewriter] 2025-12-01T19:46:13.4186514Z Visiting object creation for type 'Regex' => 'Regex'. Arguments visited: True.
[ClassObfuscationRewriter] 2025-12-01T19:46:13.4192149Z Renaming identifier 'RegistryValueDTO' to 'O_13C2B2E0'.
[ClassObfuscationRewriter] 2025-12-01T19:46:13.4197862Z Visited generic 'IEnumerable' with updated type arguments: <O_13C2B2E0>.
[ClassObfuscationRewriter] 2025-12-01T19:46:13.4203520Z Renaming identifier 'RegistryValueDTO' to 'O_13C2B2E0'.
[ClassObfuscationRewriter] 2025-12-01T19:46:13.4209068Z Visited generic 'IEnumerable' with updated type arguments: <O_13C2B2E0>.
[ClassObfuscationRewriter] 2025-12-01T19:46:13.4220287Z Visiting object creation for type 'Exception' => 'Exception'. Arguments visited: True.
[ClassObfuscationRewriter] 2025-12-01T19:46:13.4231471Z Visiting object creation for type 'RegistryValueDTO' => 'O_13C2B2E0'. Arguments visited: True.
[ClassObfuscationRewriter] 2025-12-01T19:46:13.4237082Z Visiting object creation for type 'RegistryValueDTO' => 'O_13C2B2E0'. Arguments visited: True.
[ClassObfuscationRewriter] 2025-12-01T19:46:13.4487612Z Visiting object creation for type 'Exception' => 'Exception'. Arguments visited: True.
[ClassObfuscationRewriter] 2025-12-01T19:46:13.4745021Z Renaming identifier 'CommandDTOBase' to 'O_4AED570F'.
[ClassObfuscationRewriter] 2025-12-01T19:46:13.4761946Z Renaming identifier 'RegistryValueDTO' to 'O_13C2B2E0'.
[ClassObfuscationRewriter] 2025-12-01T19:46:13.4852410Z Renaming identifier 'Seatbelt' to 'O_F41F88FA'.
[ClassObfuscationRewriter] 2025-12-01T19:46:13.4863833Z Renaming identifier 'CommandBase' to 'O_2183A68D'.
[ClassObfuscationRewriter] 2025-12-01T19:46:13.4875023Z Renaming identifier 'CommandDTOBase' to 'O_4AED570F'.
[ClassObfuscationRewriter] 2025-12-01T19:46:13.4880660Z Visiting object creation for type 'WindowsAutoLogonDTO' => 'O_A84D8E7E'. Arguments visited: True.
[ClassObfuscationRewriter] 2025-12-01T19:46:13.4886058Z Renaming identifier 'CommandDTOBase' to 'O_4AED570F'.
[ClassObfuscationRewriter] 2025-12-01T19:46:13.4903237Z Renaming identifier 'CommandDTOBase' to 'O_4AED570F'.
[ClassObfuscationRewriter] 2025-12-01T19:46:13.4909810Z Visiting object creation for type 'System.DateTime' => 'System.DateTime'. Arguments visited: True.
[ClassObfuscationRewriter] 2025-12-01T19:46:13.4915194Z Visiting object creation for type 'WindowsAutoLogonDTO' => 'O_A84D8E7E'. Arguments visited: True.
[ClassObfuscationRewriter] 2025-12-01T19:46:13.5035791Z Renaming identifier 'Seatbelt' to 'O_F41F88FA'.
[ClassObfuscationRewriter] 2025-12-01T19:46:13.5042666Z Renaming identifier 'Seatbelt' to 'O_F41F88FA'.
[ClassObfuscationRewriter] 2025-12-01T19:46:13.5049507Z Renaming identifier 'Seatbelt' to 'O_F41F88FA'.
[ClassObfuscationRewriter] 2025-12-01T19:46:13.5055435Z Renaming identifier 'CommandBase' to 'O_2183A68D'.
[ClassObfuscationRewriter] 2025-12-01T19:46:13.5060858Z Renaming identifier 'CommandDTOBase' to 'O_4AED570F'.
[ClassObfuscationRewriter] 2025-12-01T19:46:13.5074527Z Visiting object creation for type 'List<string>' => 'List<string>'. Arguments visited: True.
[ClassObfuscationRewriter] 2025-12-01T19:46:13.5074527Z Updated generic object creation type arguments: <string> for 'List<string>'.
[ClassObfuscationRewriter] 2025-12-01T19:46:13.5074527Z Renaming identifier 'CommandDTOBase' to 'O_4AED570F'.
[ClassObfuscationRewriter] 2025-12-01T19:46:13.5091120Z Renaming identifier 'AutoRunDTO' to 'O_38A99EC8'.
[ClassObfuscationRewriter] 2025-12-01T19:46:13.5100226Z Visiting object creation for type 'System.DateTime' => 'System.DateTime'. Arguments visited: True.
[ClassObfuscationRewriter] 2025-12-01T19:46:13.5136125Z Renaming identifier 'CommandDTOBase' to 'O_4AED570F'.
[ClassObfuscationRewriter] 2025-12-01T19:46:13.5147028Z Visiting object creation for type 'System.DateTime' => 'System.DateTime'. Arguments visited: True.
[ClassObfuscationRewriter] 2025-12-01T19:46:13.5160832Z Visiting object creation for type 'List<string>' => 'List<string>'. Arguments visited: True.
[ClassObfuscationRewriter] 2025-12-01T19:46:13.5169947Z Updated generic object creation type arguments: <string> for 'List<string>'.
[ClassObfuscationRewriter] 2025-12-01T19:46:13.5347783Z Renaming identifier 'Seatbelt' to 'O_F41F88FA'.
[ClassObfuscationRewriter] 2025-12-01T19:46:13.5355049Z Renaming identifier 'Seatbelt' to 'O_F41F88FA'.
[ClassObfuscationRewriter] 2025-12-01T19:46:13.5362033Z Renaming identifier 'Seatbelt' to 'O_F41F88FA'.
[ClassObfuscationRewriter] 2025-12-01T19:46:13.5369074Z Renaming identifier 'Seatbelt' to 'O_F41F88FA'.
[ClassObfuscationRewriter] 2025-12-01T19:46:13.5378045Z Renaming identifier 'CommandBase' to 'O_2183A68D'.
[ClassObfuscationRewriter] 2025-12-01T19:46:13.5387802Z Renaming identifier 'CommandDTOBase' to 'O_4AED570F'.
[ClassObfuscationRewriter] 2025-12-01T19:46:13.5400202Z Visiting object creation for type 'ChromiumPresenceDTO' => 'O_8E19C753'. Arguments visited: True.
[ClassObfuscationRewriter] 2025-12-01T19:46:13.5405632Z Renaming identifier 'CommandDTOBase' to 'O_4AED570F'.
[ClassObfuscationRewriter] 2025-12-01T19:46:13.5422374Z Renaming identifier 'ChromiumPresenceDTO' to 'O_8E19C753'.
[ClassObfuscationRewriter] 2025-12-01T19:46:13.5514312Z Renaming identifier 'CommandDTOBase' to 'O_4AED570F'.
[ClassObfuscationRewriter] 2025-12-01T19:46:13.5537329Z Visiting object creation for type 'ChromiumPresenceDTO' => 'O_8E19C753'. Arguments visited: True.
[ClassObfuscationRewriter] 2025-12-01T19:46:13.5795819Z Renaming identifier 'Seatbelt' to 'O_F41F88FA'.
[ClassObfuscationRewriter] 2025-12-01T19:46:13.5810629Z Renaming identifier 'CommandBase' to 'O_2183A68D'.
[ClassObfuscationRewriter] 2025-12-01T19:46:13.5821502Z Renaming identifier 'CommandDTOBase' to 'O_4AED570F'.
[ClassObfuscationRewriter] 2025-12-01T19:46:13.5832201Z Visiting object creation for type 'CloudCredentialsDTO' => 'O_2DB4352B'. Arguments visited: True.
[ClassObfuscationRewriter] 2025-12-01T19:46:13.5840603Z Visiting object creation for type 'CloudCredentialsDTO' => 'O_2DB4352B'. Arguments visited: True.
[ClassObfuscationRewriter] 2025-12-01T19:46:13.5852559Z Visiting object creation for type 'CloudCredentialsDTO' => 'O_2DB4352B'. Arguments visited: True.
[ClassObfuscationRewriter] 2025-12-01T19:46:13.5861198Z Visiting object creation for type 'CloudCredentialsDTO' => 'O_2DB4352B'. Arguments visited: True.
[ClassObfuscationRewriter] 2025-12-01T19:46:13.5872873Z Renaming identifier 'CommandDTOBase' to 'O_4AED570F'.
[ClassObfuscationRewriter] 2025-12-01T19:46:13.5887425Z Renaming identifier 'CommandDTOBase' to 'O_4AED570F'.
[ClassObfuscationRewriter] 2025-12-01T19:46:13.5897164Z Visiting object creation for type 'System.DateTime' => 'System.DateTime'. Arguments visited: True.
[ClassObfuscationRewriter] 2025-12-01T19:46:13.5916105Z Visiting object creation for type 'CloudCredentialsDTO' => 'O_2DB4352B'. Arguments visited: True.
[ClassObfuscationRewriter] 2025-12-01T19:46:13.5927814Z Visiting object creation for type 'CloudCredentialsDTO' => 'O_2DB4352B'. Arguments visited: True.
[ClassObfuscationRewriter] 2025-12-01T19:46:13.5939014Z Visiting object creation for type 'CloudCredentialsDTO' => 'O_2DB4352B'. Arguments visited: True.
[ClassObfuscationRewriter] 2025-12-01T19:46:13.5944137Z Visiting object creation for type 'CloudCredentialsDTO' => 'O_2DB4352B'. Arguments visited: True.
[ClassObfuscationRewriter] 2025-12-01T19:46:13.6128187Z Renaming identifier 'Seatbelt' to 'O_F41F88FA'.
[ClassObfuscationRewriter] 2025-12-01T19:46:13.6135568Z Renaming identifier 'Seatbelt' to 'O_F41F88FA'.
[ClassObfuscationRewriter] 2025-12-01T19:46:13.6142702Z Renaming identifier 'Seatbelt' to 'O_F41F88FA'.
[ClassObfuscationRewriter] 2025-12-01T19:46:13.6159228Z Renaming identifier 'CommandBase' to 'O_2183A68D'.
[ClassObfuscationRewriter] 2025-12-01T19:46:13.6407090Z Renaming identifier 'CommandDTOBase' to 'O_4AED570F'.
[ClassObfuscationRewriter] 2025-12-01T19:46:13.6431113Z Renaming identifier 'CommandDTOBase' to 'O_4AED570F'.
[ClassObfuscationRewriter] 2025-12-01T19:46:13.6453380Z Visited generic 'IEnumerable' with updated type arguments: <O_4AED570F>.
[ClassObfuscationRewriter] 2025-12-01T19:46:13.6471947Z Visiting object creation for type 'WindowsCredentialFileDTO' => 'O_8CB6CE5F'. Arguments visited: True.
[ClassObfuscationRewriter] 2025-12-01T19:46:13.6477577Z Renaming identifier 'CredentialFileInfo' to 'O_8BC87FE5'.
[ClassObfuscationRewriter] 2025-12-01T19:46:13.6484874Z Renaming identifier 'CommandDTOBase' to 'O_4AED570F'.
[ClassObfuscationRewriter] 2025-12-01T19:46:13.6502352Z Renaming identifier 'CommandDTOBase' to 'O_4AED570F'.
[ClassObfuscationRewriter] 2025-12-01T19:46:13.6509234Z Visited generic 'IEnumerable' with updated type arguments: <O_4AED570F>.
[ClassObfuscationRewriter] 2025-12-01T19:46:13.6519094Z Visiting object creation for type 'WindowsCredentialFileDTO' => 'O_8CB6CE5F'. Arguments visited: True.
[ClassObfuscationRewriter] 2025-12-01T19:46:13.6525132Z Renaming identifier 'CredentialFileInfo' to 'O_8BC87FE5'.
[ClassObfuscationRewriter] 2025-12-01T19:46:13.6660179Z Renaming identifier 'CommandDTOBase' to 'O_4AED570F'.
[ClassObfuscationRewriter] 2025-12-01T19:46:13.6672021Z Renaming identifier 'CredentialFileInfo' to 'O_8BC87FE5'.
[ClassObfuscationRewriter] 2025-12-01T19:46:13.6678469Z Visited generic 'List' with updated type arguments: <O_8BC87FE5>.
[ClassObfuscationRewriter] 2025-12-01T19:46:13.6695300Z Renaming identifier 'WindowsCredentialFileDTO' to 'O_8CB6CE5F'.
[ClassObfuscationRewriter] 2025-12-01T19:46:13.6717274Z Visiting object creation for type 'System.Runtime.Serialization.StreamingContext' => 'System.Runtime.Serialization.StreamingContext'. Arguments visited: True.
[ClassObfuscationRewriter] 2025-12-01T19:46:13.6844746Z Renaming identifier 'Seatbelt' to 'O_F41F88FA'.
[ClassObfuscationRewriter] 2025-12-01T19:46:13.6852911Z Renaming identifier 'Seatbelt' to 'O_F41F88FA'.
[ClassObfuscationRewriter] 2025-12-01T19:46:13.6859220Z Renaming identifier 'Seatbelt' to 'O_F41F88FA'.
[ClassObfuscationRewriter] 2025-12-01T19:46:13.6865904Z Renaming identifier 'CommandBase' to 'O_2183A68D'.
[ClassObfuscationRewriter] 2025-12-01T19:46:13.6878716Z Renaming identifier 'CommandDTOBase' to 'O_4AED570F'.
[ClassObfuscationRewriter] 2025-12-01T19:46:13.6891766Z Visiting object creation for type 'TokenGroupsDTO' => 'O_64D6C700'. Arguments visited: True.
[ClassObfuscationRewriter] 2025-12-01T19:46:13.6896901Z Renaming identifier 'CommandDTOBase' to 'O_4AED570F'.
[ClassObfuscationRewriter] 2025-12-01T19:46:13.6908620Z Visiting object creation for type 'TokenGroupsDTO' => 'O_64D6C700'. Arguments visited: True.
[ClassObfuscationRewriter] 2025-12-01T19:46:13.6951083Z Renaming identifier 'CommandDTOBase' to 'O_4AED570F'.
[ClassObfuscationRewriter] 2025-12-01T19:46:13.6970072Z Renaming identifier 'TokenGroupsDTO' to 'O_64D6C700'.
[ClassObfuscationRewriter] 2025-12-01T19:46:13.7029551Z Renaming identifier 'Seatbelt' to 'O_F41F88FA'.
[ClassObfuscationRewriter] 2025-12-01T19:46:13.7035389Z Renaming identifier 'CommandBase' to 'O_2183A68D'.
[ClassObfuscationRewriter] 2025-12-01T19:46:13.7048185Z Renaming identifier 'CommandDTOBase' to 'O_4AED570F'.
[ClassObfuscationRewriter] 2025-12-01T19:46:13.7059191Z Visiting object creation for type 'DNSCacheDTO' => 'O_A328A704'. Arguments visited: True.
[ClassObfuscationRewriter] 2025-12-01T19:46:13.7064308Z Renaming identifier 'CommandDTOBase' to 'O_4AED570F'.
[ClassObfuscationRewriter] 2025-12-01T19:46:13.7081361Z Visiting object creation for type 'DNSCacheDTO' => 'O_A328A704'. Arguments visited: True.
[ClassObfuscationRewriter] 2025-12-01T19:46:13.7165371Z Renaming identifier 'CommandDTOBase' to 'O_4AED570F'.
[ClassObfuscationRewriter] 2025-12-01T19:46:13.7229436Z Renaming identifier 'Seatbelt' to 'O_F41F88FA'.
[ClassObfuscationRewriter] 2025-12-01T19:46:13.7241651Z Renaming identifier 'Seatbelt' to 'O_F41F88FA'.
[ClassObfuscationRewriter] 2025-12-01T19:46:13.7248843Z Renaming identifier 'Seatbelt' to 'O_F41F88FA'.
[ClassObfuscationRewriter] 2025-12-01T19:46:13.7260318Z Renaming identifier 'CommandBase' to 'O_2183A68D'.
[ClassObfuscationRewriter] 2025-12-01T19:46:13.7270997Z Renaming identifier 'CommandDTOBase' to 'O_4AED570F'.
[ClassObfuscationRewriter] 2025-12-01T19:46:13.7288459Z Visiting object creation for type 'DpapiMasterKeysDTO' => 'O_FBE67245'. Arguments visited: True.
[ClassObfuscationRewriter] 2025-12-01T19:46:13.7300342Z Renaming identifier 'CommandDTOBase' to 'O_4AED570F'.
[ClassObfuscationRewriter] 2025-12-01T19:46:13.7305442Z Renaming identifier 'MasterKey' to 'O_C2D05A62'.
[ClassObfuscationRewriter] 2025-12-01T19:46:13.7312341Z Visited generic 'List' with updated type arguments: <O_C2D05A62>.
[ClassObfuscationRewriter] 2025-12-01T19:46:13.7317852Z Renaming identifier 'DpapiMasterKeysDTO' to 'O_FBE67245'.
[ClassObfuscationRewriter] 2025-12-01T19:46:13.7362331Z Renaming identifier 'CommandDTOBase' to 'O_4AED570F'.
[ClassObfuscationRewriter] 2025-12-01T19:46:13.7384610Z Visiting object creation for type 'DpapiMasterKeysDTO' => 'O_FBE67245'. Arguments visited: True.
[ClassObfuscationRewriter] 2025-12-01T19:46:13.7549634Z Renaming identifier 'Seatbelt' to 'O_F41F88FA'.
[ClassObfuscationRewriter] 2025-12-01T19:46:13.7561927Z Renaming identifier 'Seatbelt' to 'O_F41F88FA'.
[ClassObfuscationRewriter] 2025-12-01T19:46:13.7568703Z Renaming identifier 'Seatbelt' to 'O_F41F88FA'.
[ClassObfuscationRewriter] 2025-12-01T19:46:13.7581251Z Renaming identifier 'Seatbelt' to 'O_F41F88FA'.
[ClassObfuscationRewriter] 2025-12-01T19:46:13.7589105Z Renaming identifier 'CommandBase' to 'O_2183A68D'.
[ClassObfuscationRewriter] 2025-12-01T19:46:13.7599293Z Renaming identifier 'CommandDTOBase' to 'O_4AED570F'.
[ClassObfuscationRewriter] 2025-12-01T19:46:13.7608345Z Visiting object creation for type 'EnvironmentVariableDTO' => 'O_10B96862'. Arguments visited: True.
[ClassObfuscationRewriter] 2025-12-01T19:46:13.7625197Z Renaming identifier 'CommandDTOBase' to 'O_4AED570F'.
[ClassObfuscationRewriter] 2025-12-01T19:46:13.7641854Z Renaming identifier 'EnvironmentVariableDTO' to 'O_10B96862'.
[ClassObfuscationRewriter] 2025-12-01T19:46:13.7657227Z Visiting object creation for type 'System.DateTime' => 'System.DateTime'. Arguments visited: True.
[ClassObfuscationRewriter] 2025-12-01T19:46:13.7679302Z Renaming identifier 'CommandDTOBase' to 'O_4AED570F'.
[ClassObfuscationRewriter] 2025-12-01T19:46:13.7693700Z Visiting object creation for type 'System.DateTime' => 'System.DateTime'. Arguments visited: True.
[ClassObfuscationRewriter] 2025-12-01T19:46:13.7704559Z Visiting object creation for type 'EnvironmentVariableDTO' => 'O_10B96862'. Arguments visited: True.
[ClassObfuscationRewriter] 2025-12-01T19:46:13.7813852Z Renaming identifier 'Seatbelt' to 'O_F41F88FA'.
[ClassObfuscationRewriter] 2025-12-01T19:46:13.7832934Z Renaming identifier 'CommandDTOBase' to 'O_4AED570F'.
[ClassObfuscationRewriter] 2025-12-01T19:46:13.7851823Z Visiting object creation for type 'NotImplementedException' => 'NotImplementedException'. Arguments visited: True.
[ClassObfuscationRewriter] 2025-12-01T19:46:13.7912454Z Renaming identifier 'Seatbelt' to 'O_F41F88FA'.
[ClassObfuscationRewriter] 2025-12-01T19:46:13.7917938Z Renaming identifier 'Seatbelt' to 'O_F41F88FA'.
[ClassObfuscationRewriter] 2025-12-01T19:46:13.7929776Z Renaming identifier 'CommandBase' to 'O_2183A68D'.
[ClassObfuscationRewriter] 2025-12-01T19:46:13.7935239Z Renaming identifier 'CommandDTOBase' to 'O_4AED570F'.
[ClassObfuscationRewriter] 2025-12-01T19:46:13.7961791Z Visiting object creation for type 'ExplicitLogonEventsDTO' => 'O_B860970F'. Arguments visited: True.
[ClassObfuscationRewriter] 2025-12-01T19:46:13.7971032Z Renaming identifier 'CommandDTOBase' to 'O_4AED570F'.
[ClassObfuscationRewriter] 2025-12-01T19:46:13.7981938Z Visiting object creation for type 'System.DateTime' => 'System.DateTime'. Arguments visited: True.
[ClassObfuscationRewriter] 2025-12-01T19:46:13.7999686Z Visiting object creation for type 'ExplicitLogonEventsDTO' => 'O_B860970F'. Arguments visited: True.
[ClassObfuscationRewriter] 2025-12-01T19:46:13.8171649Z Renaming identifier 'Seatbelt' to 'O_F41F88FA'.
[ClassObfuscationRewriter] 2025-12-01T19:46:13.8184555Z Renaming identifier 'Seatbelt' to 'O_F41F88FA'.
[ClassObfuscationRewriter] 2025-12-01T19:46:13.8190040Z Renaming identifier 'Seatbelt' to 'O_F41F88FA'.
[ClassObfuscationRewriter] 2025-12-01T19:46:13.8196298Z Renaming identifier 'CommandBase' to 'O_2183A68D'.
[ClassObfuscationRewriter] 2025-12-01T19:46:13.8207989Z Renaming identifier 'CommandDTOBase' to 'O_4AED570F'.
[ClassObfuscationRewriter] 2025-12-01T19:46:13.8220039Z Visiting object creation for type 'FirefoxPresenceDTO' => 'O_90883E87'. Arguments visited: True.
[ClassObfuscationRewriter] 2025-12-01T19:46:13.8226659Z Renaming identifier 'CommandDTOBase' to 'O_4AED570F'.
[ClassObfuscationRewriter] 2025-12-01T19:46:13.8247825Z Renaming identifier 'FirefoxPresenceDTO' to 'O_90883E87'.
[ClassObfuscationRewriter] 2025-12-01T19:46:13.8275760Z Visiting object creation for type 'System.DateTime' => 'System.DateTime'. Arguments visited: True.
[ClassObfuscationRewriter] 2025-12-01T19:46:13.8342758Z Renaming identifier 'CommandDTOBase' to 'O_4AED570F'.
[ClassObfuscationRewriter] 2025-12-01T19:46:13.8360487Z Visiting object creation for type 'System.DateTime' => 'System.DateTime'. Arguments visited: True.
[ClassObfuscationRewriter] 2025-12-01T19:46:13.8541798Z Visiting object creation for type 'FirefoxPresenceDTO' => 'O_90883E87'. Arguments visited: True.
[ClassObfuscationRewriter] 2025-12-01T19:46:13.8733604Z Renaming identifier 'Seatbelt' to 'O_F41F88FA'.
[ClassObfuscationRewriter] 2025-12-01T19:46:13.8745708Z Renaming identifier 'Seatbelt' to 'O_F41F88FA'.
[ClassObfuscationRewriter] 2025-12-01T19:46:13.8751298Z Renaming identifier 'Seatbelt' to 'O_F41F88FA'.
[ClassObfuscationRewriter] 2025-12-01T19:46:13.8769375Z Renaming identifier 'CommandBase' to 'O_2183A68D'.
[ClassObfuscationRewriter] 2025-12-01T19:46:13.8777856Z Renaming identifier 'CommandDTOBase' to 'O_4AED570F'.
[ClassObfuscationRewriter] 2025-12-01T19:46:13.8789396Z Encountered reserved namespace 'System.Security'. Left visited as 'System', right visited as 'Security'.
[ClassObfuscationRewriter] 2025-12-01T19:46:13.8795444Z Encountered reserved namespace 'System.Security.Principal'. Left visited as 'System.Security', right visited as 'Principal'.
[ClassObfuscationRewriter] 2025-12-01T19:46:13.8801693Z Encountered reserved namespace 'System.Security.Principal.NTAccount'. Left visited as 'System.Security.Principal', right visited as 'NTAccount'.
[ClassObfuscationRewriter] 2025-12-01T19:46:13.8812338Z Visiting object creation for type 'InterestingFileDTO' => 'O_546DA94C'. Arguments visited: True.
[ClassObfuscationRewriter] 2025-12-01T19:46:13.8828029Z Renaming identifier 'CommandDTOBase' to 'O_4AED570F'.
[ClassObfuscationRewriter] 2025-12-01T19:46:13.8847312Z Renaming identifier 'InterestingFileDTO' to 'O_546DA94C'.
[ClassObfuscationRewriter] 2025-12-01T19:46:13.8876012Z Renaming identifier 'CommandDTOBase' to 'O_4AED570F'.
[ClassObfuscationRewriter] 2025-12-01T19:46:13.8890973Z Encountered reserved namespace 'System.Security'. Left visited as 'System', right visited as 'Security'.
[ClassObfuscationRewriter] 2025-12-01T19:46:13.8896078Z Encountered reserved namespace 'System.Security.Principal'. Left visited as 'System.Security', right visited as 'Principal'.
[ClassObfuscationRewriter] 2025-12-01T19:46:13.8925530Z Encountered reserved namespace 'System.Security.Principal.NTAccount'. Left visited as 'System.Security.Principal', right visited as 'NTAccount'.
[ClassObfuscationRewriter] 2025-12-01T19:46:13.9084207Z Visiting object creation for type 'InterestingFileDTO' => 'O_546DA94C'. Arguments visited: True.
[ClassObfuscationRewriter] 2025-12-01T19:46:13.9387787Z Renaming identifier 'Seatbelt' to 'O_F41F88FA'.
[ClassObfuscationRewriter] 2025-12-01T19:46:13.9400301Z Renaming identifier 'CommandBase' to 'O_2183A68D'.
[ClassObfuscationRewriter] 2025-12-01T19:46:13.9414362Z Renaming identifier 'CommandDTOBase' to 'O_4AED570F'.
[ClassObfuscationRewriter] 2025-12-01T19:46:13.9435500Z Visiting object creation for type 'InternetExplorerTabsDTO' => 'O_71FF6B09'. Arguments visited: True.
[ClassObfuscationRewriter] 2025-12-01T19:46:13.9440994Z Renaming identifier 'CommandDTOBase' to 'O_4AED570F'.
[ClassObfuscationRewriter] 2025-12-01T19:46:13.9452151Z Renaming identifier 'CommandDTOBase' to 'O_4AED570F'.
[ClassObfuscationRewriter] 2025-12-01T19:46:13.9463746Z Visiting object creation for type 'System.DateTime' => 'System.DateTime'. Arguments visited: True.
[ClassObfuscationRewriter] 2025-12-01T19:46:13.9477615Z Visiting object creation for type 'InternetExplorerTabsDTO' => 'O_71FF6B09'. Arguments visited: True.
[ClassObfuscationRewriter] 2025-12-01T19:46:13.9677150Z Renaming identifier 'Seatbelt' to 'O_F41F88FA'.
[ClassObfuscationRewriter] 2025-12-01T19:46:13.9683043Z Renaming identifier 'Seatbelt' to 'O_F41F88FA'.
[ClassObfuscationRewriter] 2025-12-01T19:46:13.9689561Z Renaming identifier 'Seatbelt' to 'O_F41F88FA'.
[ClassObfuscationRewriter] 2025-12-01T19:46:13.9695896Z Renaming identifier 'Seatbelt' to 'O_F41F88FA'.
[ClassObfuscationRewriter] 2025-12-01T19:46:13.9701758Z Renaming identifier 'CommandBase' to 'O_2183A68D'.
[ClassObfuscationRewriter] 2025-12-01T19:46:13.9716340Z Renaming identifier 'CommandDTOBase' to 'O_4AED570F'.
[ClassObfuscationRewriter] 2025-12-01T19:46:13.9724051Z Visiting object creation for type 'InternetSettingsKey' => 'O_445A92E6'. Arguments visited: True.
[ClassObfuscationRewriter] 2025-12-01T19:46:13.9735236Z Visiting object creation for type 'InternetSettingsKey' => 'O_445A92E6'. Arguments visited: True.
[ClassObfuscationRewriter] 2025-12-01T19:46:13.9747506Z Visiting object creation for type 'InternetSettingsKey' => 'O_445A92E6'. Arguments visited: True.
[ClassObfuscationRewriter] 2025-12-01T19:46:13.9753230Z Visiting object creation for type 'InternetSettingsKey' => 'O_445A92E6'. Arguments visited: True.
[ClassObfuscationRewriter] 2025-12-01T19:46:13.9770093Z Visiting object creation for type 'InternetSettingsKey' => 'O_445A92E6'. Arguments visited: True.
[ClassObfuscationRewriter] 2025-12-01T19:46:13.9792687Z Renaming identifier 'CommandDTOBase' to 'O_4AED570F'.
[ClassObfuscationRewriter] 2025-12-01T19:46:13.9798392Z Renaming identifier 'InternetSettingsKey' to 'O_445A92E6'.
[ClassObfuscationRewriter] 2025-12-01T19:46:13.9803886Z Visited generic 'List' with updated type arguments: <O_445A92E6>.
[ClassObfuscationRewriter] 2025-12-01T19:46:13.9809345Z Visiting object creation for type 'List<InternetSettingsKey>' => 'List<O_445A92E6>'. Arguments visited: True.
[ClassObfuscationRewriter] 2025-12-01T19:46:13.9815461Z Updated generic object creation type arguments: <O_445A92E6> for 'List<O_445A92E6>'.
[ClassObfuscationRewriter] 2025-12-01T19:46:13.9821486Z Renaming identifier 'InternetSettingsKey' to 'O_445A92E6'.
[ClassObfuscationRewriter] 2025-12-01T19:46:13.9827625Z Visited generic 'List' with updated type arguments: <O_445A92E6>.
[ClassObfuscationRewriter] 2025-12-01T19:46:13.9833409Z Visiting object creation for type 'List<InternetSettingsKey>' => 'List<O_445A92E6>'. Arguments visited: True.
[ClassObfuscationRewriter] 2025-12-01T19:46:13.9839971Z Updated generic object creation type arguments: <O_445A92E6> for 'List<O_445A92E6>'.
[ClassObfuscationRewriter] 2025-12-01T19:46:13.9839971Z Renaming identifier 'InternetSettingsKey' to 'O_445A92E6'.
[ClassObfuscationRewriter] 2025-12-01T19:46:13.9846681Z Visited generic 'List' with updated type arguments: <O_445A92E6>.
[ClassObfuscationRewriter] 2025-12-01T19:46:13.9854040Z Visiting object creation for type 'List<InternetSettingsKey>' => 'List<O_445A92E6>'. Arguments visited: True.
[ClassObfuscationRewriter] 2025-12-01T19:46:13.9857572Z Updated generic object creation type arguments: <O_445A92E6> for 'List<O_445A92E6>'.
[ClassObfuscationRewriter] 2025-12-01T19:46:13.9869427Z Renaming identifier 'InternetSettingsDTO' to 'O_1177CAA2'.
[ClassObfuscationRewriter] 2025-12-01T19:46:14.0002672Z Renaming identifier 'CommandDTOBase' to 'O_4AED570F'.
[ClassObfuscationRewriter] 2025-12-01T19:46:14.0014332Z Visiting object creation for type 'InternetSettingsKey' => 'O_445A92E6'. Arguments visited: True.
[ClassObfuscationRewriter] 2025-12-01T19:46:14.0025871Z Visiting object creation for type 'InternetSettingsKey' => 'O_445A92E6'. Arguments visited: True.
[ClassObfuscationRewriter] 2025-12-01T19:46:14.0032909Z Visiting object creation for type 'InternetSettingsKey' => 'O_445A92E6'. Arguments visited: True.
[ClassObfuscationRewriter] 2025-12-01T19:46:14.0045408Z Visiting object creation for type 'InternetSettingsKey' => 'O_445A92E6'. Arguments visited: True.
[ClassObfuscationRewriter] 2025-12-01T19:46:14.0057521Z Visiting object creation for type 'InternetSettingsKey' => 'O_445A92E6'. Arguments visited: True.
[ClassObfuscationRewriter] 2025-12-01T19:46:14.0462988Z Renaming identifier 'Seatbelt' to 'O_F41F88FA'.
[ClassObfuscationRewriter] 2025-12-01T19:46:14.0476319Z Renaming identifier 'Seatbelt' to 'O_F41F88FA'.
[ClassObfuscationRewriter] 2025-12-01T19:46:14.0483949Z Renaming identifier 'Seatbelt' to 'O_F41F88FA'.
[ClassObfuscationRewriter] 2025-12-01T19:46:14.0491326Z Renaming identifier 'CommandBase' to 'O_2183A68D'.
[ClassObfuscationRewriter] 2025-12-01T19:46:14.0498470Z Renaming identifier 'CommandDTOBase' to 'O_4AED570F'.
[ClassObfuscationRewriter] 2025-12-01T19:46:14.0517852Z Visiting object creation for type 'LapsDTO' => 'O_9D30096A'. Arguments visited: True.
[ClassObfuscationRewriter] 2025-12-01T19:46:14.0523462Z Visiting object creation for type 'LapsDTO' => 'O_9D30096A'. Arguments visited: True.
[ClassObfuscationRewriter] 2025-12-01T19:46:14.0530427Z Renaming identifier 'CommandDTOBase' to 'O_4AED570F'.
[ClassObfuscationRewriter] 2025-12-01T19:46:14.0548730Z Renaming identifier 'LapsDTO' to 'O_9D30096A'.
[ClassObfuscationRewriter] 2025-12-01T19:46:14.0928550Z Renaming identifier 'CommandDTOBase' to 'O_4AED570F'.
[ClassObfuscationRewriter] 2025-12-01T19:46:14.0945395Z Visiting object creation for type 'LapsDTO' => 'O_9D30096A'. Arguments visited: True.
[ClassObfuscationRewriter] 2025-12-01T19:46:14.0955320Z Visiting object creation for type 'LapsDTO' => 'O_9D30096A'. Arguments visited: True.
[ClassObfuscationRewriter] 2025-12-01T19:46:14.1172916Z Renaming identifier 'Seatbelt' to 'O_F41F88FA'.
[ClassObfuscationRewriter] 2025-12-01T19:46:14.1172916Z Renaming identifier 'Seatbelt' to 'O_F41F88FA'.
[ClassObfuscationRewriter] 2025-12-01T19:46:14.1188406Z Renaming identifier 'Seatbelt' to 'O_F41F88FA'.
[ClassObfuscationRewriter] 2025-12-01T19:46:14.1192196Z Renaming identifier 'Netapi32' to 'O_B81255AD'.
[ClassObfuscationRewriter] 2025-12-01T19:46:14.1197292Z Renaming qualified name 'Seatbelt.Interop.Netapi32' to 'O_F41F88FA.Interop.O_B81255AD'.
[ClassObfuscationRewriter] 2025-12-01T19:46:14.1203144Z Renaming identifier 'Seatbelt' to 'O_F41F88FA'.
[ClassObfuscationRewriter] 2025-12-01T19:46:14.1203144Z Renaming identifier 'CommandBase' to 'O_2183A68D'.
[ClassObfuscationRewriter] 2025-12-01T19:46:14.1216733Z Renaming identifier 'CommandDTOBase' to 'O_4AED570F'.
[ClassObfuscationRewriter] 2025-12-01T19:46:14.1228097Z Visiting object creation for type 'LocalGroupMembershipDTO' => 'O_8DE39670'. Arguments visited: True.
[ClassObfuscationRewriter] 2025-12-01T19:46:14.1235123Z Renaming identifier 'CommandDTOBase' to 'O_4AED570F'.
[ClassObfuscationRewriter] 2025-12-01T19:46:14.1243775Z Visiting object creation for type 'System.DateTime' => 'System.DateTime'. Arguments visited: True.
[ClassObfuscationRewriter] 2025-12-01T19:46:14.1250436Z Visiting object creation for type 'LocalGroupMembershipDTO' => 'O_8DE39670'. Arguments visited: True.
[ClassObfuscationRewriter] 2025-12-01T19:46:14.1299119Z Renaming identifier 'CommandDTOBase' to 'O_4AED570F'.
[ClassObfuscationRewriter] 2025-12-01T19:46:14.1310801Z Renaming identifier 'LocalGroupMembershipDTO' to 'O_8DE39670'.
[ClassObfuscationRewriter] 2025-12-01T19:46:14.1326690Z Visiting object creation for type 'System.DateTime' => 'System.DateTime'. Arguments visited: True.
[ClassObfuscationRewriter] 2025-12-01T19:46:14.1442812Z Renaming identifier 'Seatbelt' to 'O_F41F88FA'.
[ClassObfuscationRewriter] 2025-12-01T19:46:14.1456103Z Renaming identifier 'Seatbelt' to 'O_F41F88FA'.
[ClassObfuscationRewriter] 2025-12-01T19:46:14.1461213Z Renaming identifier 'Seatbelt' to 'O_F41F88FA'.
[ClassObfuscationRewriter] 2025-12-01T19:46:14.1467023Z Renaming identifier 'Seatbelt' to 'O_F41F88FA'.
[ClassObfuscationRewriter] 2025-12-01T19:46:14.1478226Z Renaming identifier 'Seatbelt' to 'O_F41F88FA'.
[ClassObfuscationRewriter] 2025-12-01T19:46:14.1486449Z Renaming identifier 'Seatbelt' to 'O_F41F88FA'.
[ClassObfuscationRewriter] 2025-12-01T19:46:14.1491955Z Renaming identifier 'CommandBase' to 'O_2183A68D'.
[ClassObfuscationRewriter] 2025-12-01T19:46:14.1503304Z Renaming identifier 'CommandDTOBase' to 'O_4AED570F'.
[ClassObfuscationRewriter] 2025-12-01T19:46:14.1514164Z Renaming identifier 'Shlwapi' to 'O_210F4320'.
[ClassObfuscationRewriter] 2025-12-01T19:46:14.1526366Z Visiting object creation for type 'ArgumentException' => 'ArgumentException'. Arguments visited: True.
[ClassObfuscationRewriter] 2025-12-01T19:46:14.1547621Z Visiting object creation for type 'LogonEventsDTO' => 'O_D0B31D54'. Arguments visited: True.
[ClassObfuscationRewriter] 2025-12-01T19:46:14.1563779Z Renaming identifier 'CommandDTOBase' to 'O_4AED570F'.
[ClassObfuscationRewriter] 2025-12-01T19:46:14.1581207Z Renaming identifier 'Shlwapi' to 'O_210F4320'.
[ClassObfuscationRewriter] 2025-12-01T19:46:14.1590464Z Visiting object creation for type 'ArgumentException' => 'ArgumentException'. Arguments visited: True.
[ClassObfuscationRewriter] 2025-12-01T19:46:14.1606579Z Visiting object creation for type 'LogonEventsDTO' => 'O_D0B31D54'. Arguments visited: True.
[ClassObfuscationRewriter] 2025-12-01T19:46:14.1879301Z Renaming identifier 'CommandDTOBase' to 'O_4AED570F'.
[ClassObfuscationRewriter] 2025-12-01T19:46:14.1903647Z Renaming identifier 'LogonEventsDTO' to 'O_D0B31D54'.
[ClassObfuscationRewriter] 2025-12-01T19:46:14.1919401Z Visiting object creation for type 'System.DateTime' => 'System.DateTime'. Arguments visited: True.
[ClassObfuscationRewriter] 2025-12-01T19:46:14.2069768Z Renaming identifier 'Seatbelt' to 'O_F41F88FA'.
[ClassObfuscationRewriter] 2025-12-01T19:46:14.2090145Z Renaming identifier 'Seatbelt' to 'O_F41F88FA'.
[ClassObfuscationRewriter] 2025-12-01T19:46:14.2095824Z Renaming identifier 'Seatbelt' to 'O_F41F88FA'.
[ClassObfuscationRewriter] 2025-12-01T19:46:14.2107068Z Renaming identifier 'Seatbelt' to 'O_F41F88FA'.
[ClassObfuscationRewriter] 2025-12-01T19:46:14.2117760Z Renaming identifier 'Seatbelt' to 'O_F41F88FA'.
[ClassObfuscationRewriter] 2025-12-01T19:46:14.2123793Z Renaming identifier 'CommandBase' to 'O_2183A68D'.
[ClassObfuscationRewriter] 2025-12-01T19:46:14.2138033Z Renaming identifier 'CommandDTOBase' to 'O_4AED570F'.
[ClassObfuscationRewriter] 2025-12-01T19:46:14.2157571Z Visiting object creation for type 'LogonSessionsDTO' => 'O_7BDECA4F'. Arguments visited: True.
[ClassObfuscationRewriter] 2025-12-01T19:46:14.2175446Z Visiting object creation for type 'LogonSessionsDTO' => 'O_7BDECA4F'. Arguments visited: True.
[ClassObfuscationRewriter] 2025-12-01T19:46:14.2180572Z Renaming identifier 'CommandDTOBase' to 'O_4AED570F'.
[ClassObfuscationRewriter] 2025-12-01T19:46:14.2213517Z Renaming identifier 'LogonSessionsDTO' to 'O_7BDECA4F'.
[ClassObfuscationRewriter] 2025-12-01T19:46:14.2375451Z Renaming identifier 'CommandDTOBase' to 'O_4AED570F'.
[ClassObfuscationRewriter] 2025-12-01T19:46:14.2399844Z Visiting object creation for type 'LogonSessionsDTO' => 'O_7BDECA4F'. Arguments visited: True.
[ClassObfuscationRewriter] 2025-12-01T19:46:14.2410737Z Visiting object creation for type 'LogonSessionsDTO' => 'O_7BDECA4F'. Arguments visited: True.
[ClassObfuscationRewriter] 2025-12-01T19:46:14.3122634Z Renaming identifier 'Seatbelt' to 'O_F41F88FA'.
[ClassObfuscationRewriter] 2025-12-01T19:46:14.3134929Z Renaming identifier 'Seatbelt' to 'O_F41F88FA'.
[ClassObfuscationRewriter] 2025-12-01T19:46:14.3141625Z Renaming identifier 'Seatbelt' to 'O_F41F88FA'.
[ClassObfuscationRewriter] 2025-12-01T19:46:14.3148513Z Renaming identifier 'CommandBase' to 'O_2183A68D'.
[ClassObfuscationRewriter] 2025-12-01T19:46:14.3161560Z Renaming identifier 'CommandDTOBase' to 'O_4AED570F'.
[ClassObfuscationRewriter] 2025-12-01T19:46:14.3172800Z Visiting object creation for type 'LocalSecurityAuthorityDTO' => 'O_7E02EBA0'. Arguments visited: True.
[ClassObfuscationRewriter] 2025-12-01T19:46:14.3179696Z Visiting object creation for type 'LocalSecurityAuthorityDTO' => 'O_7E02EBA0'. Arguments visited: True.
[ClassObfuscationRewriter] 2025-12-01T19:46:14.3187562Z Visiting object creation for type 'LocalSecurityAuthorityDTO' => 'O_7E02EBA0'. Arguments visited: True.
[ClassObfuscationRewriter] 2025-12-01T19:46:14.3194569Z Renaming identifier 'CommandDTOBase' to 'O_4AED570F'.
[ClassObfuscationRewriter] 2025-12-01T19:46:14.3204649Z Renaming identifier 'LocalSecurityAuthorityDTO' to 'O_7E02EBA0'.
[ClassObfuscationRewriter] 2025-12-01T19:46:14.3228631Z Visiting object creation for type 'System.DateTime' => 'System.DateTime'. Arguments visited: True.
[ClassObfuscationRewriter] 2025-12-01T19:46:14.3338709Z Renaming identifier 'CommandDTOBase' to 'O_4AED570F'.
[ClassObfuscationRewriter] 2025-12-01T19:46:14.3351281Z Visiting object creation for type 'System.DateTime' => 'System.DateTime'. Arguments visited: True.
[ClassObfuscationRewriter] 2025-12-01T19:46:14.3362254Z Visiting object creation for type 'LocalSecurityAuthorityDTO' => 'O_7E02EBA0'. Arguments visited: True.
[ClassObfuscationRewriter] 2025-12-01T19:46:14.3367487Z Visiting object creation for type 'LocalSecurityAuthorityDTO' => 'O_7E02EBA0'. Arguments visited: True.
[ClassObfuscationRewriter] 2025-12-01T19:46:14.3375229Z Visiting object creation for type 'LocalSecurityAuthorityDTO' => 'O_7E02EBA0'. Arguments visited: True.
[ClassObfuscationRewriter] 2025-12-01T19:46:14.3594196Z Renaming identifier 'Seatbelt' to 'O_F41F88FA'.
[ClassObfuscationRewriter] 2025-12-01T19:46:14.3605917Z Renaming identifier 'CommandBase' to 'O_2183A68D'.
[ClassObfuscationRewriter] 2025-12-01T19:46:14.3639180Z Renaming identifier 'CommandDTOBase' to 'O_4AED570F'.
[ClassObfuscationRewriter] 2025-12-01T19:46:14.3655674Z Visiting object creation for type 'NetworkShareDTO' => 'O_B872878D'. Arguments visited: True.
[ClassObfuscationRewriter] 2025-12-01T19:46:14.3667335Z Renaming identifier 'CommandDTOBase' to 'O_4AED570F'.
[ClassObfuscationRewriter] 2025-12-01T19:46:14.3682408Z Visiting object creation for type 'NetworkShareDTO' => 'O_B872878D'. Arguments visited: True.
[ClassObfuscationRewriter] 2025-12-01T19:46:14.3763813Z Renaming identifier 'CommandDTOBase' to 'O_4AED570F'.
[ClassObfuscationRewriter] 2025-12-01T19:46:14.3961841Z Renaming identifier 'Seatbelt' to 'O_F41F88FA'.
[ClassObfuscationRewriter] 2025-12-01T19:46:14.3976214Z Renaming identifier 'Seatbelt' to 'O_F41F88FA'.
[ClassObfuscationRewriter] 2025-12-01T19:46:14.3983659Z Renaming identifier 'Seatbelt' to 'O_F41F88FA'.
[ClassObfuscationRewriter] 2025-12-01T19:46:14.3990783Z Renaming identifier 'Seatbelt' to 'O_F41F88FA'.
[ClassObfuscationRewriter] 2025-12-01T19:46:14.3999067Z Renaming identifier 'CommandBase' to 'O_2183A68D'.
[ClassObfuscationRewriter] 2025-12-01T19:46:14.4006581Z Renaming identifier 'CommandDTOBase' to 'O_4AED570F'.
[ClassObfuscationRewriter] 2025-12-01T19:46:14.4023846Z Visiting object creation for type 'OSInfoDTO' => 'O_4D9BF75E'. Arguments visited: True.
[ClassObfuscationRewriter] 2025-12-01T19:46:14.4033470Z Visiting object creation for type 'OSInfoDTO' => 'O_4D9BF75E'. Arguments visited: True.
[ClassObfuscationRewriter] 2025-12-01T19:46:14.4044353Z Renaming identifier 'CommandDTOBase' to 'O_4AED570F'.
[ClassObfuscationRewriter] 2025-12-01T19:46:14.4051550Z Visiting object creation for type 'System.Runtime.Serialization.StreamingContext' => 'System.Runtime.Serialization.StreamingContext'. Arguments visited: True.
[ClassObfuscationRewriter] 2025-12-01T19:46:14.4069325Z Visiting object creation for type 'OSInfoDTO' => 'O_4D9BF75E'. Arguments visited: True.
[ClassObfuscationRewriter] 2025-12-01T19:46:14.4075504Z Visiting object creation for type 'OSInfoDTO' => 'O_4D9BF75E'. Arguments visited: True.
[ClassObfuscationRewriter] 2025-12-01T19:46:14.4088796Z Visiting object creation for type 'System.Runtime.Serialization.StreamingContext' => 'System.Runtime.Serialization.StreamingContext'. Arguments visited: True.
[ClassObfuscationRewriter] 2025-12-01T19:46:14.4471421Z Renaming identifier 'CommandDTOBase' to 'O_4AED570F'.
[ClassObfuscationRewriter] 2025-12-01T19:46:14.4525957Z Renaming identifier 'OSInfoDTO' to 'O_4D9BF75E'.
[ClassObfuscationRewriter] 2025-12-01T19:46:14.4817391Z Visiting object creation for type 'System.Runtime.Serialization.StreamingContext' => 'System.Runtime.Serialization.StreamingContext'. Arguments visited: True.
[ClassObfuscationRewriter] 2025-12-01T19:46:14.5350428Z Renaming identifier 'Seatbelt' to 'O_F41F88FA'.
[ClassObfuscationRewriter] 2025-12-01T19:46:14.5364315Z Renaming identifier 'Seatbelt' to 'O_F41F88FA'.
[ClassObfuscationRewriter] 2025-12-01T19:46:14.5374456Z Renaming identifier 'Seatbelt' to 'O_F41F88FA'.
[ClassObfuscationRewriter] 2025-12-01T19:46:14.5382251Z Renaming identifier 'CommandBase' to 'O_2183A68D'.
[ClassObfuscationRewriter] 2025-12-01T19:46:14.5407824Z Renaming identifier 'CommandDTOBase' to 'O_4AED570F'.
[ClassObfuscationRewriter] 2025-12-01T19:46:14.5417998Z Visiting object creation for type 'PowerShellDTO' => 'O_83287682'. Arguments visited: True.
[ClassObfuscationRewriter] 2025-12-01T19:46:14.5436830Z Renaming identifier 'CommandDTOBase' to 'O_4AED570F'.
[ClassObfuscationRewriter] 2025-12-01T19:46:14.5462458Z Visiting object creation for type 'PowerShellDTO' => 'O_83287682'. Arguments visited: True.
[ClassObfuscationRewriter] 2025-12-01T19:46:14.5749772Z Renaming identifier 'CommandDTOBase' to 'O_4AED570F'.
[ClassObfuscationRewriter] 2025-12-01T19:46:14.5780436Z Renaming identifier 'PowerShellDTO' to 'O_83287682'.
[ClassObfuscationRewriter] 2025-12-01T19:46:14.5813693Z Visiting object creation for type 'Version' => 'Version'. Arguments visited: True.
[ClassObfuscationRewriter] 2025-12-01T19:46:14.5853942Z Visiting object creation for type 'Version' => 'Version'. Arguments visited: True.
[ClassObfuscationRewriter] 2025-12-01T19:46:14.7772464Z Renaming identifier 'Seatbelt' to 'O_F41F88FA'.
[ClassObfuscationRewriter] 2025-12-01T19:46:14.7792038Z Renaming identifier 'Seatbelt' to 'O_F41F88FA'.
[ClassObfuscationRewriter] 2025-12-01T19:46:14.7810654Z Renaming identifier 'Seatbelt' to 'O_F41F88FA'.
[ClassObfuscationRewriter] 2025-12-01T19:46:14.7824653Z Renaming identifier 'Seatbelt' to 'O_F41F88FA'.
[ClassObfuscationRewriter] 2025-12-01T19:46:14.7838268Z Renaming identifier 'CommandBase' to 'O_2183A68D'.
[ClassObfuscationRewriter] 2025-12-01T19:46:14.7849801Z Renaming identifier 'CommandDTOBase' to 'O_4AED570F'.
[ClassObfuscationRewriter] 2025-12-01T19:46:14.7873163Z Visiting object creation for type 'InterestingProcessesDTO' => 'O_EF48CE8E'. Arguments visited: True.
[ClassObfuscationRewriter] 2025-12-01T19:46:14.7879119Z Renaming identifier 'CommandDTOBase' to 'O_4AED570F'.
[ClassObfuscationRewriter] 2025-12-01T19:46:14.7906028Z Renaming identifier 'InterestingProcessesDTO' to 'O_EF48CE8E'.
[ClassObfuscationRewriter] 2025-12-01T19:46:14.7921861Z Visiting object creation for type 'System.DateTime' => 'System.DateTime'. Arguments visited: True.
[ClassObfuscationRewriter] 2025-12-01T19:46:14.8056837Z Renaming identifier 'CommandDTOBase' to 'O_4AED570F'.
[ClassObfuscationRewriter] 2025-12-01T19:46:14.8073225Z Visiting object creation for type 'System.DateTime' => 'System.DateTime'. Arguments visited: True.
[ClassObfuscationRewriter] 2025-12-01T19:46:14.8109096Z Visiting object creation for type 'InterestingProcessesDTO' => 'O_EF48CE8E'. Arguments visited: True.
[ClassObfuscationRewriter] 2025-12-01T19:46:16.2168433Z Renaming identifier 'Seatbelt' to 'O_F41F88FA'.
[ClassObfuscationRewriter] 2025-12-01T19:46:16.2182924Z Renaming identifier 'Seatbelt' to 'O_F41F88FA'.
[ClassObfuscationRewriter] 2025-12-01T19:46:16.2197165Z Renaming identifier 'Seatbelt' to 'O_F41F88FA'.
[ClassObfuscationRewriter] 2025-12-01T19:46:16.2207053Z Renaming identifier 'Seatbelt' to 'O_F41F88FA'.
[ClassObfuscationRewriter] 2025-12-01T19:46:16.2212180Z Renaming identifier 'CommandBase' to 'O_2183A68D'.
[ClassObfuscationRewriter] 2025-12-01T19:46:16.2226716Z Renaming identifier 'CommandDTOBase' to 'O_4AED570F'.
[ClassObfuscationRewriter] 2025-12-01T19:46:16.2257523Z Visiting object creation for type 'RDPClientSettings' => 'O_3F770CB1'. Arguments visited: True.
[ClassObfuscationRewriter] 2025-12-01T19:46:16.2276462Z Visiting object creation for type 'RDPServerSettings' => 'O_B029DD04'. Arguments visited: True.
[ClassObfuscationRewriter] 2025-12-01T19:46:16.2292826Z Visiting object creation for type 'RDPSettingsDTO' => 'O_28B2DDC6'. Arguments visited: True.
[ClassObfuscationRewriter] 2025-12-01T19:46:16.2302985Z Renaming identifier 'CommandDTOBase' to 'O_4AED570F'.
[ClassObfuscationRewriter] 2025-12-01T19:46:16.2713339Z Visiting object creation for type 'RDPClientSettings' => 'O_3F770CB1'. Arguments visited: True.
[ClassObfuscationRewriter] 2025-12-01T19:46:16.2726629Z Visiting object creation for type 'RDPServerSettings' => 'O_B029DD04'. Arguments visited: True.
[ClassObfuscationRewriter] 2025-12-01T19:46:16.2738446Z Visiting object creation for type 'RDPSettingsDTO' => 'O_28B2DDC6'. Arguments visited: True.
[ClassObfuscationRewriter] 2025-12-01T19:46:16.2894748Z Renaming identifier 'CommandDTOBase' to 'O_4AED570F'.
[ClassObfuscationRewriter] 2025-12-01T19:46:16.2907747Z Renaming identifier 'RDPClientSettings' to 'O_3F770CB1'.
[ClassObfuscationRewriter] 2025-12-01T19:46:16.2918758Z Renaming identifier 'RDPServerSettings' to 'O_B029DD04'.
[ClassObfuscationRewriter] 2025-12-01T19:46:16.2936755Z Renaming identifier 'RDPSettingsDTO' to 'O_28B2DDC6'.
[ClassObfuscationRewriter] 2025-12-01T19:46:16.3091757Z Renaming identifier 'Seatbelt' to 'O_F41F88FA'.
[ClassObfuscationRewriter] 2025-12-01T19:46:16.3111928Z Renaming identifier 'Seatbelt' to 'O_F41F88FA'.
[ClassObfuscationRewriter] 2025-12-01T19:46:16.3122093Z Renaming identifier 'Seatbelt' to 'O_F41F88FA'.
[ClassObfuscationRewriter] 2025-12-01T19:46:16.3122093Z Renaming identifier 'CommandBase' to 'O_2183A68D'.
[ClassObfuscationRewriter] 2025-12-01T19:46:16.3122093Z Renaming identifier 'CommandDTOBase' to 'O_4AED570F'.
[ClassObfuscationRewriter] 2025-12-01T19:46:16.3149991Z Visiting object creation for type 'PoweredOnEventsDTO' => 'O_170053FD'. Arguments visited: True.
[ClassObfuscationRewriter] 2025-12-01T19:46:16.3180445Z Renaming identifier 'CommandDTOBase' to 'O_4AED570F'.
[ClassObfuscationRewriter] 2025-12-01T19:46:16.3202508Z Visiting object creation for type 'PoweredOnEventsDTO' => 'O_170053FD'. Arguments visited: True.
[ClassObfuscationRewriter] 2025-12-01T19:46:16.3346866Z Renaming identifier 'CommandDTOBase' to 'O_4AED570F'.
[ClassObfuscationRewriter] 2025-12-01T19:46:16.3346866Z Renaming identifier 'PoweredOnEventsDTO' to 'O_170053FD'.
[ClassObfuscationRewriter] 2025-12-01T19:46:16.3493449Z Renaming identifier 'Seatbelt' to 'O_F41F88FA'.
[ClassObfuscationRewriter] 2025-12-01T19:46:16.3493449Z Renaming identifier 'CommandBase' to 'O_2183A68D'.
[ClassObfuscationRewriter] 2025-12-01T19:46:16.3514477Z Renaming identifier 'CommandDTOBase' to 'O_4AED570F'.
[ClassObfuscationRewriter] 2025-12-01T19:46:16.3534672Z Visiting object creation for type 'RecycleBinDTO' => 'O_BBAEDF59'. Arguments visited: True.
[ClassObfuscationRewriter] 2025-12-01T19:46:16.3534672Z Renaming identifier 'CommandDTOBase' to 'O_4AED570F'.
[ClassObfuscationRewriter] 2025-12-01T19:46:16.3554830Z Renaming identifier 'CommandDTOBase' to 'O_4AED570F'.
[ClassObfuscationRewriter] 2025-12-01T19:46:16.3575044Z Visiting object creation for type 'RecycleBinDTO' => 'O_BBAEDF59'. Arguments visited: True.
[ClassObfuscationRewriter] 2025-12-01T19:46:16.3804974Z Renaming identifier 'Seatbelt' to 'O_F41F88FA'.
[ClassObfuscationRewriter] 2025-12-01T19:46:16.3817474Z Renaming identifier 'Seatbelt' to 'O_F41F88FA'.
[ClassObfuscationRewriter] 2025-12-01T19:46:16.3829002Z Renaming identifier 'Seatbelt' to 'O_F41F88FA'.
[ClassObfuscationRewriter] 2025-12-01T19:46:16.3836325Z Renaming identifier 'CommandBase' to 'O_2183A68D'.
[ClassObfuscationRewriter] 2025-12-01T19:46:16.3848131Z Renaming identifier 'CommandDTOBase' to 'O_4AED570F'.
[ClassObfuscationRewriter] 2025-12-01T19:46:16.3873305Z Visiting object creation for type 'RemoteDesktopConnectionManagerDTO' => 'O_AA34FF77'. Arguments visited: True.
[ClassObfuscationRewriter] 2025-12-01T19:46:16.3884377Z Renaming identifier 'CommandDTOBase' to 'O_4AED570F'.
[ClassObfuscationRewriter] 2025-12-01T19:46:16.3898029Z Renaming identifier 'RemoteDesktopConnectionManagerDTO' to 'O_AA34FF77'.
[ClassObfuscationRewriter] 2025-12-01T19:46:16.3964321Z Renaming identifier 'CommandDTOBase' to 'O_4AED570F'.
[ClassObfuscationRewriter] 2025-12-01T19:46:16.3986130Z Visiting object creation for type 'RemoteDesktopConnectionManagerDTO' => 'O_AA34FF77'. Arguments visited: True.
[ClassObfuscationRewriter] 2025-12-01T19:46:16.4175470Z Renaming identifier 'Seatbelt' to 'O_F41F88FA'.
[ClassObfuscationRewriter] 2025-12-01T19:46:16.4186705Z Renaming identifier 'Seatbelt' to 'O_F41F88FA'.
[ClassObfuscationRewriter] 2025-12-01T19:46:16.4192234Z Renaming identifier 'Seatbelt' to 'O_F41F88FA'.
[ClassObfuscationRewriter] 2025-12-01T19:46:16.4209576Z Renaming identifier 'CommandBase' to 'O_2183A68D'.
[ClassObfuscationRewriter] 2025-12-01T19:46:16.4226315Z Renaming identifier 'CommandDTOBase' to 'O_4AED570F'.
[ClassObfuscationRewriter] 2025-12-01T19:46:16.4237821Z Visiting object creation for type 'ExplorerRunCommandDTO' => 'O_354F7537'. Arguments visited: True.
[ClassObfuscationRewriter] 2025-12-01T19:46:16.4244555Z Renaming identifier 'CommandDTOBase' to 'O_4AED570F'.
[ClassObfuscationRewriter] 2025-12-01T19:46:16.4263936Z Renaming identifier 'ExplorerRunCommand' to 'O_B635FF20'.
[ClassObfuscationRewriter] 2025-12-01T19:46:16.4280554Z Visited generic 'List' with updated type arguments: <O_B635FF20>.
[ClassObfuscationRewriter] 2025-12-01T19:46:16.4291792Z Renaming identifier 'ExplorerRunCommandDTO' to 'O_354F7537'.
[ClassObfuscationRewriter] 2025-12-01T19:46:16.4339945Z Renaming identifier 'CommandDTOBase' to 'O_4AED570F'.
[ClassObfuscationRewriter] 2025-12-01T19:46:16.4351645Z Visiting object creation for type 'ExplorerRunCommandDTO' => 'O_354F7537'. Arguments visited: True.
[ClassObfuscationRewriter] 2025-12-01T19:46:16.4530470Z Renaming identifier 'Seatbelt' to 'O_F41F88FA'.
[ClassObfuscationRewriter] 2025-12-01T19:46:16.4549094Z Renaming identifier 'Seatbelt' to 'O_F41F88FA'.
[ClassObfuscationRewriter] 2025-12-01T19:46:16.4554614Z Renaming identifier 'Seatbelt' to 'O_F41F88FA'.
[ClassObfuscationRewriter] 2025-12-01T19:46:16.4566025Z Renaming identifier 'CommandBase' to 'O_2183A68D'.
[ClassObfuscationRewriter] 2025-12-01T19:46:16.4572539Z Renaming identifier 'CommandDTOBase' to 'O_4AED570F'.
[ClassObfuscationRewriter] 2025-12-01T19:46:16.4589101Z Visiting object creation for type 'RDPSavedConnectionDTO' => 'O_98DD29C3'. Arguments visited: True.
[ClassObfuscationRewriter] 2025-12-01T19:46:16.4599066Z Renaming identifier 'CommandDTOBase' to 'O_4AED570F'.
[ClassObfuscationRewriter] 2025-12-01T19:46:16.4609595Z Renaming identifier 'RDPConnection' to 'O_F2734054'.
[ClassObfuscationRewriter] 2025-12-01T19:46:16.4615294Z Visited generic 'List' with updated type arguments: <O_F2734054>.
[ClassObfuscationRewriter] 2025-12-01T19:46:16.4627622Z Renaming identifier 'RDPSavedConnectionDTO' to 'O_98DD29C3'.
[ClassObfuscationRewriter] 2025-12-01T19:46:16.4639260Z Visiting object creation for type 'System.DayOfWeek' => 'System.DayOfWeek'. Arguments visited: True.
[ClassObfuscationRewriter] 2025-12-01T19:46:16.4684721Z Renaming identifier 'CommandDTOBase' to 'O_4AED570F'.
[ClassObfuscationRewriter] 2025-12-01T19:46:16.4695605Z Visiting object creation for type 'System.DayOfWeek' => 'System.DayOfWeek'. Arguments visited: True.
[ClassObfuscationRewriter] 2025-12-01T19:46:16.4706546Z Visiting object creation for type 'RDPSavedConnectionDTO' => 'O_98DD29C3'. Arguments visited: True.
[ClassObfuscationRewriter] 2025-12-01T19:46:16.5176170Z Renaming identifier 'Seatbelt' to 'O_F41F88FA'.
[ClassObfuscationRewriter] 2025-12-01T19:46:16.5192890Z Renaming identifier 'Seatbelt' to 'O_F41F88FA'.
[ClassObfuscationRewriter] 2025-12-01T19:46:16.5199529Z Renaming identifier 'Seatbelt' to 'O_F41F88FA'.
[ClassObfuscationRewriter] 2025-12-01T19:46:16.5212353Z Renaming identifier 'Seatbelt' to 'O_F41F88FA'.
[ClassObfuscationRewriter] 2025-12-01T19:46:16.5218548Z Renaming identifier 'Seatbelt' to 'O_F41F88FA'.
[ClassObfuscationRewriter] 2025-12-01T19:46:16.5223891Z Renaming identifier 'CommandBase' to 'O_2183A68D'.
[ClassObfuscationRewriter] 2025-12-01T19:46:16.5235120Z Renaming identifier 'CommandDTOBase' to 'O_4AED570F'.
[ClassObfuscationRewriter] 2025-12-01T19:46:16.5257806Z Visiting object creation for type 'SysmonDTO' => 'O_B59DFEF1'. Arguments visited: True.
[ClassObfuscationRewriter] 2025-12-01T19:46:16.5263396Z Renaming identifier 'CommandDTOBase' to 'O_4AED570F'.
[ClassObfuscationRewriter] 2025-12-01T19:46:16.5282099Z Renaming identifier 'SysmonDTO' to 'O_B59DFEF1'.
[ClassObfuscationRewriter] 2025-12-01T19:46:16.5346907Z Renaming identifier 'CommandDTOBase' to 'O_4AED570F'.
[ClassObfuscationRewriter] 2025-12-01T19:46:16.5370736Z Visiting object creation for type 'SysmonDTO' => 'O_B59DFEF1'. Arguments visited: True.
[ClassObfuscationRewriter] 2025-12-01T19:46:16.5564149Z Renaming identifier 'Seatbelt' to 'O_F41F88FA'.
[ClassObfuscationRewriter] 2025-12-01T19:46:16.5569490Z Renaming identifier 'Seatbelt' to 'O_F41F88FA'.
[ClassObfuscationRewriter] 2025-12-01T19:46:16.5580311Z Renaming identifier 'Seatbelt' to 'O_F41F88FA'.
[ClassObfuscationRewriter] 2025-12-01T19:46:16.5591268Z Renaming identifier 'Seatbelt' to 'O_F41F88FA'.
[ClassObfuscationRewriter] 2025-12-01T19:46:16.5596590Z Renaming identifier 'Seatbelt' to 'O_F41F88FA'.
[ClassObfuscationRewriter] 2025-12-01T19:46:16.5608270Z Renaming identifier 'CommandBase' to 'O_2183A68D'.
[ClassObfuscationRewriter] 2025-12-01T19:46:16.5619131Z Renaming identifier 'CommandDTOBase' to 'O_4AED570F'.
[ClassObfuscationRewriter] 2025-12-01T19:46:16.5636864Z Renaming identifier 'Win32Error' to 'O_3BB7B919'.
[ClassObfuscationRewriter] 2025-12-01T19:46:16.5642444Z Renaming identifier 'Win32Error' to 'O_3BB7B919'.
[ClassObfuscationRewriter] 2025-12-01T19:46:16.5647819Z Renaming identifier 'Win32Error' to 'O_3BB7B919'.
[ClassObfuscationRewriter] 2025-12-01T19:46:16.5664739Z Visiting object creation for type 'TcpConnectionsDTO' => 'O_E0AA4B35'. Arguments visited: True.
[ClassObfuscationRewriter] 2025-12-01T19:46:16.5670194Z Renaming identifier 'CommandDTOBase' to 'O_4AED570F'.
[ClassObfuscationRewriter] 2025-12-01T19:46:16.5687693Z Renaming identifier 'Win32Error' to 'O_3BB7B919'.
[ClassObfuscationRewriter] 2025-12-01T19:46:16.5700937Z Renaming identifier 'Win32Error' to 'O_3BB7B919'.
[ClassObfuscationRewriter] 2025-12-01T19:46:16.5712770Z Renaming identifier 'Win32Error' to 'O_3BB7B919'.
[ClassObfuscationRewriter] 2025-12-01T19:46:16.5751301Z Visiting object creation for type 'TcpConnectionsDTO' => 'O_E0AA4B35'. Arguments visited: True.
[ClassObfuscationRewriter] 2025-12-01T19:46:16.5893035Z Renaming identifier 'CommandDTOBase' to 'O_4AED570F'.
[ClassObfuscationRewriter] 2025-12-01T19:46:16.5918090Z Renaming identifier 'TcpConnectionsDTO' to 'O_E0AA4B35'.
[ClassObfuscationRewriter] 2025-12-01T19:46:16.6059969Z Renaming identifier 'Seatbelt' to 'O_F41F88FA'.
[ClassObfuscationRewriter] 2025-12-01T19:46:16.6068627Z Renaming identifier 'Seatbelt' to 'O_F41F88FA'.
[ClassObfuscationRewriter] 2025-12-01T19:46:16.6075771Z Renaming identifier 'Seatbelt' to 'O_F41F88FA'.
[ClassObfuscationRewriter] 2025-12-01T19:46:16.6082148Z Renaming identifier 'Seatbelt' to 'O_F41F88FA'.
[ClassObfuscationRewriter] 2025-12-01T19:46:16.6094719Z Renaming identifier 'Seatbelt' to 'O_F41F88FA'.
[ClassObfuscationRewriter] 2025-12-01T19:46:16.6100135Z Renaming identifier 'CommandBase' to 'O_2183A68D'.
[ClassObfuscationRewriter] 2025-12-01T19:46:16.6106775Z Renaming identifier 'CommandDTOBase' to 'O_4AED570F'.
[ClassObfuscationRewriter] 2025-12-01T19:46:16.6117503Z Visiting object creation for type 'TokenPrivilegesDTO' => 'O_66C1A868'. Arguments visited: True.
[ClassObfuscationRewriter] 2025-12-01T19:46:16.6124447Z Renaming identifier 'CommandDTOBase' to 'O_4AED570F'.
[ClassObfuscationRewriter] 2025-12-01T19:46:16.6136282Z Visiting object creation for type 'System.DateTime' => 'System.DateTime'. Arguments visited: True.
[ClassObfuscationRewriter] 2025-12-01T19:46:16.6149084Z Visiting object creation for type 'TokenPrivilegesDTO' => 'O_66C1A868'. Arguments visited: True.
[ClassObfuscationRewriter] 2025-12-01T19:46:16.6216549Z Renaming identifier 'CommandDTOBase' to 'O_4AED570F'.
[ClassObfuscationRewriter] 2025-12-01T19:46:16.6227543Z Renaming identifier 'TokenPrivilegesDTO' to 'O_66C1A868'.
[ClassObfuscationRewriter] 2025-12-01T19:46:16.6244634Z Visiting object creation for type 'System.DateTime' => 'System.DateTime'. Arguments visited: True.
[ClassObfuscationRewriter] 2025-12-01T19:46:16.6319345Z Renaming identifier 'Seatbelt' to 'O_F41F88FA'.
[ClassObfuscationRewriter] 2025-12-01T19:46:16.6331384Z Renaming identifier 'Seatbelt' to 'O_F41F88FA'.
[ClassObfuscationRewriter] 2025-12-01T19:46:16.6339419Z Renaming identifier 'Seatbelt' to 'O_F41F88FA'.
[ClassObfuscationRewriter] 2025-12-01T19:46:16.6356087Z Renaming identifier 'CommandBase' to 'O_2183A68D'.
[ClassObfuscationRewriter] 2025-12-01T19:46:16.6369761Z Renaming identifier 'CommandDTOBase' to 'O_4AED570F'.
[ClassObfuscationRewriter] 2025-12-01T19:46:16.6382248Z Visiting object creation for type 'UserAccountControlDTO' => 'O_A8F30596'. Arguments visited: True.
[ClassObfuscationRewriter] 2025-12-01T19:46:16.6382248Z Renaming identifier 'CommandDTOBase' to 'O_4AED570F'.
[ClassObfuscationRewriter] 2025-12-01T19:46:16.6401603Z Renaming identifier 'UserAccountControlDTO' to 'O_A8F30596'.
[ClassObfuscationRewriter] 2025-12-01T19:46:16.6689485Z Renaming identifier 'CommandDTOBase' to 'O_4AED570F'.
[ClassObfuscationRewriter] 2025-12-01T19:46:16.6704812Z Visiting object creation for type 'UserAccountControlDTO' => 'O_A8F30596'. Arguments visited: True.
[ClassObfuscationRewriter] 2025-12-01T19:46:16.7238560Z Renaming identifier 'Seatbelt' to 'O_F41F88FA'.
[ClassObfuscationRewriter] 2025-12-01T19:46:16.7249334Z Renaming identifier 'Seatbelt' to 'O_F41F88FA'.
[ClassObfuscationRewriter] 2025-12-01T19:46:16.7261734Z Renaming identifier 'Seatbelt' to 'O_F41F88FA'.
[ClassObfuscationRewriter] 2025-12-01T19:46:16.7268674Z Renaming identifier 'Seatbelt' to 'O_F41F88FA'.
[ClassObfuscationRewriter] 2025-12-01T19:46:16.7274072Z Renaming identifier 'Seatbelt' to 'O_F41F88FA'.
[ClassObfuscationRewriter] 2025-12-01T19:46:16.7279948Z Renaming identifier 'CommandBase' to 'O_2183A68D'.
[ClassObfuscationRewriter] 2025-12-01T19:46:16.7292494Z Renaming identifier 'CommandDTOBase' to 'O_4AED570F'.
[ClassObfuscationRewriter] 2025-12-01T19:46:16.7314092Z Renaming identifier 'Win32Error' to 'O_3BB7B919'.
[ClassObfuscationRewriter] 2025-12-01T19:46:16.7319861Z Renaming identifier 'Win32Error' to 'O_3BB7B919'.
[ClassObfuscationRewriter] 2025-12-01T19:46:16.7333081Z Renaming identifier 'Win32Error' to 'O_3BB7B919'.
[ClassObfuscationRewriter] 2025-12-01T19:46:16.7344114Z Visiting object creation for type 'UdpConnectionsDTO' => 'O_C1EB2ACA'. Arguments visited: True.
[ClassObfuscationRewriter] 2025-12-01T19:46:16.7355589Z Renaming identifier 'CommandDTOBase' to 'O_4AED570F'.
[ClassObfuscationRewriter] 2025-12-01T19:46:16.7367393Z Visiting object creation for type 'System.DateTime' => 'System.DateTime'. Arguments visited: True.
[ClassObfuscationRewriter] 2025-12-01T19:46:16.7379647Z Renaming identifier 'Win32Error' to 'O_3BB7B919'.
[ClassObfuscationRewriter] 2025-12-01T19:46:16.7391552Z Renaming identifier 'Win32Error' to 'O_3BB7B919'.
[ClassObfuscationRewriter] 2025-12-01T19:46:16.7397036Z Renaming identifier 'Win32Error' to 'O_3BB7B919'.
[ClassObfuscationRewriter] 2025-12-01T19:46:16.7407716Z Visiting object creation for type 'UdpConnectionsDTO' => 'O_C1EB2ACA'. Arguments visited: True.
[ClassObfuscationRewriter] 2025-12-01T19:46:16.7539571Z Renaming identifier 'CommandDTOBase' to 'O_4AED570F'.
[ClassObfuscationRewriter] 2025-12-01T19:46:16.7556442Z Renaming identifier 'UdpConnectionsDTO' to 'O_C1EB2ACA'.
[ClassObfuscationRewriter] 2025-12-01T19:46:16.7632747Z Visiting object creation for type 'System.DateTime' => 'System.DateTime'. Arguments visited: True.
[ClassObfuscationRewriter] 2025-12-01T19:46:16.7827860Z Renaming identifier 'Seatbelt' to 'O_F41F88FA'.
[ClassObfuscationRewriter] 2025-12-01T19:46:16.7838815Z Renaming identifier 'Seatbelt' to 'O_F41F88FA'.
[ClassObfuscationRewriter] 2025-12-01T19:46:16.7844393Z Renaming identifier 'Seatbelt' to 'O_F41F88FA'.
[ClassObfuscationRewriter] 2025-12-01T19:46:16.7856079Z Renaming identifier 'CommandBase' to 'O_2183A68D'.
[ClassObfuscationRewriter] 2025-12-01T19:46:16.7959843Z Renaming identifier 'CommandDTOBase' to 'O_4AED570F'.
[ClassObfuscationRewriter] 2025-12-01T19:46:16.7982790Z Visiting object creation for type 'Regex' => 'Regex'. Arguments visited: True.
[ClassObfuscationRewriter] 2025-12-01T19:46:16.7988213Z Visiting object creation for type 'Regex' => 'Regex'. Arguments visited: True.
[ClassObfuscationRewriter] 2025-12-01T19:46:16.7998716Z Visiting object creation for type 'Regex' => 'Regex'. Arguments visited: True.
[ClassObfuscationRewriter] 2025-12-01T19:46:16.8005069Z Visiting object creation for type 'DirectoryQuery' => 'O_8BB37900'. Arguments visited: True.
[ClassObfuscationRewriter] 2025-12-01T19:46:16.8010779Z Renaming identifier 'DirectoryListDTO' to 'O_3F60E36C'.
[ClassObfuscationRewriter] 2025-12-01T19:46:16.8021743Z Visited generic 'IEnumerable' with updated type arguments: <O_3F60E36C>.
[ClassObfuscationRewriter] 2025-12-01T19:46:16.8028358Z Renaming identifier 'DirectoryListDTO' to 'O_3F60E36C'.
[ClassObfuscationRewriter] 2025-12-01T19:46:16.8040820Z Visited generic 'IEnumerable' with updated type arguments: <O_3F60E36C>.
[ClassObfuscationRewriter] 2025-12-01T19:46:16.8051914Z Visiting object creation for type 'DirectoryQuery' => 'O_8BB37900'. Arguments visited: True.
[ClassObfuscationRewriter] 2025-12-01T19:46:16.8067877Z Renaming identifier 'DirectoryListDTO' to 'O_3F60E36C'.
[ClassObfuscationRewriter] 2025-12-01T19:46:16.8073286Z Visiting object creation for type 'DirectoryListDTO' => 'O_3F60E36C'. Arguments visited: True.
[ClassObfuscationRewriter] 2025-12-01T19:46:16.8083987Z Renaming identifier 'CommandDTOBase' to 'O_4AED570F'.
[ClassObfuscationRewriter] 2025-12-01T19:46:16.8102064Z Visiting object creation for type 'Regex' => 'Regex'. Arguments visited: True.
[ClassObfuscationRewriter] 2025-12-01T19:46:16.8112830Z Visiting object creation for type 'Regex' => 'Regex'. Arguments visited: True.
[ClassObfuscationRewriter] 2025-12-01T19:46:16.8123371Z Visiting object creation for type 'Regex' => 'Regex'. Arguments visited: True.
[ClassObfuscationRewriter] 2025-12-01T19:46:16.8134316Z Visiting object creation for type 'DirectoryQuery' => 'O_8BB37900'. Arguments visited: True.
[ClassObfuscationRewriter] 2025-12-01T19:46:16.8145432Z Renaming identifier 'DirectoryListDTO' to 'O_3F60E36C'.
[ClassObfuscationRewriter] 2025-12-01T19:46:16.8150902Z Visited generic 'IEnumerable' with updated type arguments: <O_3F60E36C>.
[ClassObfuscationRewriter] 2025-12-01T19:46:16.8161811Z Renaming identifier 'DirectoryListDTO' to 'O_3F60E36C'.
[ClassObfuscationRewriter] 2025-12-01T19:46:16.8167123Z Visited generic 'IEnumerable' with updated type arguments: <O_3F60E36C>.
[ClassObfuscationRewriter] 2025-12-01T19:46:16.8177840Z Visiting object creation for type 'DirectoryQuery' => 'O_8BB37900'. Arguments visited: True.
[ClassObfuscationRewriter] 2025-12-01T19:46:16.8183262Z Renaming identifier 'DirectoryListDTO' to 'O_3F60E36C'.
[ClassObfuscationRewriter] 2025-12-01T19:46:16.8193465Z Visiting object creation for type 'DirectoryListDTO' => 'O_3F60E36C'. Arguments visited: True.
[ClassObfuscationRewriter] 2025-12-01T19:46:16.8375481Z Renaming identifier 'CommandDTOBase' to 'O_4AED570F'.
[ClassObfuscationRewriter] 2025-12-01T19:46:16.8391371Z Renaming identifier 'DirectoryListDTO' to 'O_3F60E36C'.
[ClassObfuscationRewriter] 2025-12-01T19:46:16.8641507Z Renaming identifier 'Seatbelt' to 'O_F41F88FA'.
[ClassObfuscationRewriter] 2025-12-01T19:46:16.8656654Z Renaming identifier 'Seatbelt' to 'O_F41F88FA'.
[ClassObfuscationRewriter] 2025-12-01T19:46:16.8666869Z Renaming identifier 'Seatbelt' to 'O_F41F88FA'.
[ClassObfuscationRewriter] 2025-12-01T19:46:16.8666869Z Renaming identifier 'Seatbelt' to 'O_F41F88FA'.
[ClassObfuscationRewriter] 2025-12-01T19:46:16.8683773Z Renaming identifier 'CommandBase' to 'O_2183A68D'.
[ClassObfuscationRewriter] 2025-12-01T19:46:16.8696247Z Renaming identifier 'CommandDTOBase' to 'O_4AED570F'.
[ClassObfuscationRewriter] 2025-12-01T19:46:16.8718921Z Visiting object creation for type 'WindowsDefenderSettings' => 'WindowsDefenderSettings'. Arguments visited: True.
[ClassObfuscationRewriter] 2025-12-01T19:46:16.8734169Z Visiting object creation for type 'WindowsDefenderSettings' => 'WindowsDefenderSettings'. Arguments visited: True.
[ClassObfuscationRewriter] 2025-12-01T19:46:16.8739287Z Visiting object creation for type 'WindowsDefenderDTO' => 'O_E409597E'. Arguments visited: True.
[ClassObfuscationRewriter] 2025-12-01T19:46:16.8749451Z Renaming identifier 'CommandDTOBase' to 'O_4AED570F'.
[ClassObfuscationRewriter] 2025-12-01T19:46:16.8764579Z Visiting object creation for type 'WindowsDefenderSettings' => 'WindowsDefenderSettings'. Arguments visited: True.
[ClassObfuscationRewriter] 2025-12-01T19:46:16.8774760Z Visiting object creation for type 'WindowsDefenderSettings' => 'WindowsDefenderSettings'. Arguments visited: True.
[ClassObfuscationRewriter] 2025-12-01T19:46:16.8784747Z Visiting object creation for type 'WindowsDefenderDTO' => 'O_E409597E'. Arguments visited: True.
[ClassObfuscationRewriter] 2025-12-01T19:46:16.8824692Z Visiting object creation for type 'List<AsrRule>' => 'List<AsrRule>'. Arguments visited: True.
[ClassObfuscationRewriter] 2025-12-01T19:46:16.8834686Z Updated generic object creation type arguments: <AsrRule> for 'List<AsrRule>'.
[ClassObfuscationRewriter] 2025-12-01T19:46:16.8844746Z Visiting object creation for type 'List<string>' => 'List<string>'. Arguments visited: True.
[ClassObfuscationRewriter] 2025-12-01T19:46:16.8854738Z Updated generic object creation type arguments: <string> for 'List<string>'.
[ClassObfuscationRewriter] 2025-12-01T19:46:16.8873611Z Renaming identifier 'CommandDTOBase' to 'O_4AED570F'.
[ClassObfuscationRewriter] 2025-12-01T19:46:16.8883732Z Visiting object creation for type 'List<string>' => 'List<string>'. Arguments visited: True.
[ClassObfuscationRewriter] 2025-12-01T19:46:16.8883732Z Updated generic object creation type arguments: <string> for 'List<string>'.
[ClassObfuscationRewriter] 2025-12-01T19:46:16.8897355Z Visiting object creation for type 'List<string>' => 'List<string>'. Arguments visited: True.
[ClassObfuscationRewriter] 2025-12-01T19:46:16.8909333Z Updated generic object creation type arguments: <string> for 'List<string>'.
[ClassObfuscationRewriter] 2025-12-01T19:46:16.8909333Z Visiting object creation for type 'List<string>' => 'List<string>'. Arguments visited: True.
[ClassObfuscationRewriter] 2025-12-01T19:46:16.8923134Z Updated generic object creation type arguments: <string> for 'List<string>'.
[ClassObfuscationRewriter] 2025-12-01T19:46:16.8928214Z Visiting object creation for type 'List<string>' => 'List<string>'. Arguments visited: True.
[ClassObfuscationRewriter] 2025-12-01T19:46:16.8938334Z Updated generic object creation type arguments: <string> for 'List<string>'.
[ClassObfuscationRewriter] 2025-12-01T19:46:16.8938334Z Visiting object creation for type 'AsrSettings' => 'AsrSettings'. Arguments visited: True.
[ClassObfuscationRewriter] 2025-12-01T19:46:16.8948422Z Visiting object creation for type 'Guid' => 'Guid'. Arguments visited: True.
[ClassObfuscationRewriter] 2025-12-01T19:46:16.8948422Z Visiting object creation for type 'AsrRule' => 'AsrRule'. Arguments visited: True.
[ClassObfuscationRewriter] 2025-12-01T19:46:16.9015735Z Renaming identifier 'WindowsDefenderDTO' to 'O_E409597E'.
[ClassObfuscationRewriter] 2025-12-01T19:46:16.9382774Z Renaming identifier 'Seatbelt' to 'O_F41F88FA'.
[ClassObfuscationRewriter] 2025-12-01T19:46:16.9393923Z Renaming identifier 'Seatbelt' to 'O_F41F88FA'.
[ClassObfuscationRewriter] 2025-12-01T19:46:16.9399395Z Renaming identifier 'Seatbelt' to 'O_F41F88FA'.
[ClassObfuscationRewriter] 2025-12-01T19:46:16.9411281Z Renaming identifier 'CommandBase' to 'O_2183A68D'.
[ClassObfuscationRewriter] 2025-12-01T19:46:16.9422089Z Renaming identifier 'CommandDTOBase' to 'O_4AED570F'.
[ClassObfuscationRewriter] 2025-12-01T19:46:16.9676937Z Visiting object creation for type 'WindowsEventForwardingDTO' => 'O_245B3EFA'. Arguments visited: True.
[ClassObfuscationRewriter] 2025-12-01T19:46:16.9694664Z Visiting object creation for type 'WindowsEventForwardingDTO' => 'O_245B3EFA'. Arguments visited: True.
[ClassObfuscationRewriter] 2025-12-01T19:46:16.9700169Z Renaming identifier 'CommandDTOBase' to 'O_4AED570F'.
[ClassObfuscationRewriter] 2025-12-01T19:46:16.9711160Z Renaming identifier 'WindowsEventForwardingDTO' to 'O_245B3EFA'.
[ClassObfuscationRewriter] 2025-12-01T19:46:16.9751724Z Renaming identifier 'CommandDTOBase' to 'O_4AED570F'.
[ClassObfuscationRewriter] 2025-12-01T19:46:16.9768407Z Visiting object creation for type 'WindowsEventForwardingDTO' => 'O_245B3EFA'. Arguments visited: True.
[ClassObfuscationRewriter] 2025-12-01T19:46:16.9779640Z Visiting object creation for type 'WindowsEventForwardingDTO' => 'O_245B3EFA'. Arguments visited: True.
[ClassObfuscationRewriter] 2025-12-01T19:46:16.9968367Z Renaming identifier 'Seatbelt' to 'O_F41F88FA'.
[ClassObfuscationRewriter] 2025-12-01T19:46:16.9986300Z Renaming identifier 'CommandBase' to 'O_2183A68D'.
[ClassObfuscationRewriter] 2025-12-01T19:46:17.0003046Z Renaming identifier 'CommandDTOBase' to 'O_4AED570F'.
[ClassObfuscationRewriter] 2025-12-01T19:46:17.0027797Z Visiting object creation for type 'MappedDrivesDTO' => 'O_52290D54'. Arguments visited: True.
[ClassObfuscationRewriter] 2025-12-01T19:46:17.0032916Z Renaming identifier 'CommandDTOBase' to 'O_4AED570F'.
[ClassObfuscationRewriter] 2025-12-01T19:46:17.0052417Z Visiting object creation for type 'MappedDrivesDTO' => 'O_52290D54'. Arguments visited: True.
[ClassObfuscationRewriter] 2025-12-01T19:46:17.0156059Z Renaming identifier 'CommandDTOBase' to 'O_4AED570F'.
[ClassObfuscationRewriter] 2025-12-01T19:46:17.0579182Z Renaming identifier 'Seatbelt' to 'O_F41F88FA'.
[ClassObfuscationRewriter] 2025-12-01T19:46:17.0592301Z Renaming identifier 'Seatbelt' to 'O_F41F88FA'.
[ClassObfuscationRewriter] 2025-12-01T19:46:17.0604428Z Renaming identifier 'Seatbelt' to 'O_F41F88FA'.
[ClassObfuscationRewriter] 2025-12-01T19:46:17.0615714Z Renaming identifier 'CommandBase' to 'O_2183A68D'.
[ClassObfuscationRewriter] 2025-12-01T19:46:17.0627038Z Renaming identifier 'CommandDTOBase' to 'O_4AED570F'.
[ClassObfuscationRewriter] 2025-12-01T19:46:17.0704885Z Renaming identifier 'CommandDTOBase' to 'O_4AED570F'.
[ClassObfuscationRewriter] 2025-12-01T19:46:17.0716022Z Visiting object creation for type 'WindowsFirewallProfileSettings' => 'WindowsFirewallProfileSettings'. Arguments visited: True.
[ClassObfuscationRewriter] 2025-12-01T19:46:17.0723628Z Visiting object creation for type 'WindowsFirewallProfileSettings' => 'WindowsFirewallProfileSettings'. Arguments visited: True.
[ClassObfuscationRewriter] 2025-12-01T19:46:17.0729155Z Visiting object creation for type 'WindowsFirewallProfileSettings' => 'WindowsFirewallProfileSettings'. Arguments visited: True.
[ClassObfuscationRewriter] 2025-12-01T19:46:17.0734684Z Visiting object creation for type 'WindowsFirewallProfileSettings' => 'WindowsFirewallProfileSettings'. Arguments visited: True.
[ClassObfuscationRewriter] 2025-12-01T19:46:17.0745880Z Visiting object creation for type 'List<WindowsFirewallRule>' => 'List<O_72452439>'. Arguments visited: True.
[ClassObfuscationRewriter] 2025-12-01T19:46:17.0752040Z Updated generic object creation type arguments: <O_72452439> for 'List<O_72452439>'.
[ClassObfuscationRewriter] 2025-12-01T19:46:17.0767869Z Renaming identifier 'WindowsFirewallRule' to 'O_72452439'.
[ClassObfuscationRewriter] 2025-12-01T19:46:17.0776062Z Visited generic 'List' with updated type arguments: <O_72452439>.
[ClassObfuscationRewriter] 2025-12-01T19:46:17.0791220Z Renaming identifier 'WindowsFirewallDTO' to 'O_CA646800'.
[ClassObfuscationRewriter] 2025-12-01T19:46:17.1170080Z Renaming identifier 'CommandDTOBase' to 'O_4AED570F'.
[ClassObfuscationRewriter] 2025-12-01T19:46:17.5768186Z Renaming identifier 'Seatbelt' to 'O_F41F88FA'.
[ClassObfuscationRewriter] 2025-12-01T19:46:17.5782103Z Renaming identifier 'Seatbelt' to 'O_F41F88FA'.
[ClassObfuscationRewriter] 2025-12-01T19:46:17.5790191Z Renaming identifier 'Seatbelt' to 'O_F41F88FA'.
[ClassObfuscationRewriter] 2025-12-01T19:46:17.5796044Z Renaming identifier 'VaultCli' to 'O_7A5E6AD0'.
[ClassObfuscationRewriter] 2025-12-01T19:46:17.5817278Z Renaming qualified name 'Seatbelt.VaultCli' to 'O_F41F88FA.O_7A5E6AD0'.
[ClassObfuscationRewriter] 2025-12-01T19:46:17.5836042Z Renaming identifier 'Seatbelt' to 'O_F41F88FA'.
[ClassObfuscationRewriter] 2025-12-01T19:46:17.5847144Z Renaming identifier 'VaultItemValue' to 'O_195F078A'.
[ClassObfuscationRewriter] 2025-12-01T19:46:17.5852288Z Renaming identifier 'VaultItemValue' to 'O_195F078A'.
[ClassObfuscationRewriter] 2025-12-01T19:46:17.5863415Z Renaming identifier 'VaultItemValue' to 'O_195F078A'.
[ClassObfuscationRewriter] 2025-12-01T19:46:17.5869380Z Renaming identifier 'VaultItemValue' to 'O_195F078A'.
[ClassObfuscationRewriter] 2025-12-01T19:46:17.5880463Z Renaming identifier 'CommandBase' to 'O_2183A68D'.
[ClassObfuscationRewriter] 2025-12-01T19:46:17.5893001Z Renaming identifier 'CommandDTOBase' to 'O_4AED570F'.
[ClassObfuscationRewriter] 2025-12-01T19:46:17.5910496Z Visiting object creation for type 'WindowsVaultDTO' => 'O_70BC9C8D'. Arguments visited: True.
[ClassObfuscationRewriter] 2025-12-01T19:46:17.5926627Z Visiting object creation for type 'Exception' => 'Exception'. Arguments visited: True.
[ClassObfuscationRewriter] 2025-12-01T19:46:17.5932903Z Renaming identifier 'VaultEntry' to 'O_19270373'.
[ClassObfuscationRewriter] 2025-12-01T19:46:17.5947328Z Visiting object creation for type 'VaultEntry' => 'O_19270373'. Arguments visited: False.
[ClassObfuscationRewriter] 2025-12-01T19:46:17.5959083Z Renaming identifier 'VaultItemValue' to 'O_195F078A'.
[ClassObfuscationRewriter] 2025-12-01T19:46:17.5964610Z Visiting object creation for type 'NotImplementedException' => 'NotImplementedException'. Arguments visited: True.
[ClassObfuscationRewriter] 2025-12-01T19:46:17.5983582Z Visiting object creation for type 'VaultItemValue' => 'O_195F078A'. Arguments visited: True.
[ClassObfuscationRewriter] 2025-12-01T19:46:17.5989184Z Renaming identifier 'CommandDTOBase' to 'O_4AED570F'.
[ClassObfuscationRewriter] 2025-12-01T19:46:17.6000137Z Renaming identifier 'VaultEntry' to 'O_19270373'.
[ClassObfuscationRewriter] 2025-12-01T19:46:17.6005552Z Visited generic 'List' with updated type arguments: <O_19270373>.
[ClassObfuscationRewriter] 2025-12-01T19:46:17.6022004Z Renaming identifier 'WindowsVaultDTO' to 'O_70BC9C8D'.
[ClassObfuscationRewriter] 2025-12-01T19:46:17.6152517Z Renaming identifier 'CommandDTOBase' to 'O_4AED570F'.
[ClassObfuscationRewriter] 2025-12-01T19:46:17.6167990Z Visiting object creation for type 'WindowsVaultDTO' => 'O_70BC9C8D'. Arguments visited: True.
[ClassObfuscationRewriter] 2025-12-01T19:46:17.6187450Z Visiting object creation for type 'Exception' => 'Exception'. Arguments visited: True.
[ClassObfuscationRewriter] 2025-12-01T19:46:17.6197593Z Renaming identifier 'VaultEntry' to 'O_19270373'.
[ClassObfuscationRewriter] 2025-12-01T19:46:17.6222723Z Visiting object creation for type 'VaultEntry' => 'O_19270373'. Arguments visited: False.
[ClassObfuscationRewriter] 2025-12-01T19:46:17.6230089Z Renaming identifier 'VaultItemValue' to 'O_195F078A'.
[ClassObfuscationRewriter] 2025-12-01T19:46:17.6230089Z Visiting object creation for type 'NotImplementedException' => 'NotImplementedException'. Arguments visited: True.
[ClassObfuscationRewriter] 2025-12-01T19:46:17.6260564Z Visiting object creation for type 'VaultItemValue' => 'O_195F078A'. Arguments visited: True.
[ClassObfuscationRewriter] 2025-12-01T19:46:17.7205650Z Renaming identifier 'Seatbelt' to 'O_F41F88FA'.
[ClassObfuscationRewriter] 2025-12-01T19:46:17.7231154Z Renaming identifier 'Seatbelt' to 'O_F41F88FA'.
[ClassObfuscationRewriter] 2025-12-01T19:46:17.7246433Z Renaming identifier 'Seatbelt' to 'O_F41F88FA'.
[ClassObfuscationRewriter] 2025-12-01T19:46:17.7262942Z Renaming identifier 'CommandBase' to 'O_2183A68D'.
[ClassObfuscationRewriter] 2025-12-01T19:46:17.7285929Z Renaming identifier 'CommandDTOBase' to 'O_4AED570F'.
[ClassObfuscationRewriter] 2025-12-01T19:46:17.7302575Z Visiting object creation for type 'WMIEventConsumerDTO' => 'O_0D1C2316'. Arguments visited: True.
[ClassObfuscationRewriter] 2025-12-01T19:46:17.7315900Z Renaming identifier 'CommandDTOBase' to 'O_4AED570F'.
[ClassObfuscationRewriter] 2025-12-01T19:46:17.7327875Z Visiting object creation for type 'System.DateTime' => 'System.DateTime'. Arguments visited: True.
[ClassObfuscationRewriter] 2025-12-01T19:46:17.7340027Z Visiting object creation for type 'WMIEventConsumerDTO' => 'O_0D1C2316'. Arguments visited: True.
[ClassObfuscationRewriter] 2025-12-01T19:46:17.7416983Z Renaming identifier 'CommandDTOBase' to 'O_4AED570F'.
[ClassObfuscationRewriter] 2025-12-01T19:46:17.7440221Z Renaming identifier 'WMIEventConsumerDTO' to 'O_0D1C2316'.
[ClassObfuscationRewriter] 2025-12-01T19:46:17.7572860Z Renaming identifier 'Seatbelt' to 'O_F41F88FA'.
[ClassObfuscationRewriter] 2025-12-01T19:46:17.7579277Z Renaming identifier 'CommandBase' to 'O_2183A68D'.
[ClassObfuscationRewriter] 2025-12-01T19:46:17.7591783Z Renaming identifier 'CommandDTOBase' to 'O_4AED570F'.
[ClassObfuscationRewriter] 2025-12-01T19:46:17.7614497Z Visiting object creation for type 'WmiEventFilterDTO' => 'O_205563B5'. Arguments visited: True.
[ClassObfuscationRewriter] 2025-12-01T19:46:17.7620573Z Renaming identifier 'CommandDTOBase' to 'O_4AED570F'.
[ClassObfuscationRewriter] 2025-12-01T19:46:17.7633206Z Visiting object creation for type 'System.DateTime' => 'System.DateTime'. Arguments visited: True.
[ClassObfuscationRewriter] 2025-12-01T19:46:17.7647707Z Visiting object creation for type 'WmiEventFilterDTO' => 'O_205563B5'. Arguments visited: True.
[ClassObfuscationRewriter] 2025-12-01T19:46:17.7732443Z Renaming identifier 'CommandDTOBase' to 'O_4AED570F'.
[ClassObfuscationRewriter] 2025-12-01T19:46:17.7782586Z Renaming identifier 'Seatbelt' to 'O_F41F88FA'.
[ClassObfuscationRewriter] 2025-12-01T19:46:17.7793340Z Renaming identifier 'CommandBase' to 'O_2183A68D'.
[ClassObfuscationRewriter] 2025-12-01T19:46:17.7800555Z Renaming identifier 'CommandDTOBase' to 'O_4AED570F'.
[ClassObfuscationRewriter] 2025-12-01T19:46:17.7811502Z Visiting object creation for type 'WMIFilterToConsumerBindingDTO' => 'O_E54BD80E'. Arguments visited: True.
[ClassObfuscationRewriter] 2025-12-01T19:46:17.7818748Z Renaming identifier 'CommandDTOBase' to 'O_4AED570F'.
[ClassObfuscationRewriter] 2025-12-01T19:46:17.7837190Z Visiting object creation for type 'WMIFilterToConsumerBindingDTO' => 'O_E54BD80E'. Arguments visited: True.
[ClassObfuscationRewriter] 2025-12-01T19:46:17.7901639Z Renaming identifier 'CommandDTOBase' to 'O_4AED570F'.
[ClassObfuscationRewriter] 2025-12-01T19:46:17.7951161Z Renaming identifier 'Seatbelt' to 'O_F41F88FA'.
[ClassObfuscationRewriter] 2025-12-01T19:46:17.7967725Z Renaming identifier 'Rpcrt4' to 'O_F8D7398B'.
[ClassObfuscationRewriter] 2025-12-01T19:46:17.7978502Z Visiting object creation for type 'System.Security.Cryptography.HashAlgorithmName' => 'System.Security.Cryptography.HashAlgorithmName'. Arguments visited: True.
[ClassObfuscationRewriter] 2025-12-01T19:46:17.7983918Z Renaming identifier 'Rpcrt4' to 'O_F8D7398B'.
[ClassObfuscationRewriter] 2025-12-01T19:46:17.8006982Z Renaming identifier 'Rpcrt4' to 'O_F8D7398B'.
[ClassObfuscationRewriter] 2025-12-01T19:46:17.8012472Z Visiting object creation for type 'System.Security.Cryptography.HashAlgorithmName' => 'System.Security.Cryptography.HashAlgorithmName'. Arguments visited: True.
[ClassObfuscationRewriter] 2025-12-01T19:46:17.8024138Z Renaming identifier 'Rpcrt4' to 'O_F8D7398B'.
[ClassObfuscationRewriter] 2025-12-01T19:46:17.8035298Z Visiting object creation for type 'System.Security.Cryptography.HashAlgorithmName' => 'System.Security.Cryptography.HashAlgorithmName'. Arguments visited: True.
[ClassObfuscationRewriter] 2025-12-01T19:46:17.8065302Z Renaming identifier 'Rpcrt4' to 'O_F8D7398B'.
[ClassObfuscationRewriter] 2025-12-01T19:46:17.8076588Z Renaming identifier 'Rpcrt4' to 'O_F8D7398B'.
[ClassObfuscationRewriter] 2025-12-01T19:46:17.8082077Z Renaming identifier 'SafeRpcStringHandle' to 'O_60ABF106'.
[ClassObfuscationRewriter] 2025-12-01T19:46:17.8093271Z Renaming identifier 'SafeRpcBindingHandle' to 'O_A6C1BE4C'.
[ClassObfuscationRewriter] 2025-12-01T19:46:17.8099413Z Visiting object creation for type 'SafeRpcBindingHandle' => 'O_A6C1BE4C'. Arguments visited: True.
[ClassObfuscationRewriter] 2025-12-01T19:46:17.8106249Z Visiting object creation for type 'System.Security.Cryptography.HashAlgorithmName' => 'System.Security.Cryptography.HashAlgorithmName'. Arguments visited: True.
[ClassObfuscationRewriter] 2025-12-01T19:46:17.8113018Z Renaming identifier 'Rpcrt4' to 'O_F8D7398B'.
[ClassObfuscationRewriter] 2025-12-01T19:46:17.8124893Z Visiting object creation for type 'System.Security.Cryptography.HashAlgorithmName' => 'System.Security.Cryptography.HashAlgorithmName'. Arguments visited: True.
[ClassObfuscationRewriter] 2025-12-01T19:46:17.8130948Z Renaming identifier 'Rpcrt4' to 'O_F8D7398B'.
[ClassObfuscationRewriter] 2025-12-01T19:46:17.8136661Z Renaming identifier 'SafeRpcStringHandle' to 'O_60ABF106'.
[ClassObfuscationRewriter] 2025-12-01T19:46:17.8257526Z Renaming identifier 'Seatbelt' to 'O_F41F88FA'.
[ClassObfuscationRewriter] 2025-12-01T19:46:17.8264771Z Renaming identifier 'Seatbelt' to 'O_F41F88FA'.
[ClassObfuscationRewriter] 2025-12-01T19:46:17.8287122Z Renaming identifier 'ErrorDTO' to 'O_DDA13DE3'.
[ClassObfuscationRewriter] 2025-12-01T19:46:17.8303700Z Visiting object creation for type 'ErrorDTO' => 'O_DDA13DE3'. Arguments visited: True.
[ClassObfuscationRewriter] 2025-12-01T19:46:17.8318150Z Visiting object creation for type 'VerboseDTO' => 'O_77AFBCF7'. Arguments visited: True.
[ClassObfuscationRewriter] 2025-12-01T19:46:17.8342176Z Visiting object creation for type 'WarningDTO' => 'O_56497D89'. Arguments visited: True.
[ClassObfuscationRewriter] 2025-12-01T19:46:17.8354323Z Visiting object creation for type 'ErrorDTO' => 'O_DDA13DE3'. Arguments visited: True.
[ClassObfuscationRewriter] 2025-12-01T19:46:17.8366262Z Visiting object creation for type 'HostDTO' => 'O_75A28A1C'. Arguments visited: True.
[ClassObfuscationRewriter] 2025-12-01T19:46:17.8379368Z Visiting object creation for type 'System.TimeSpan' => 'System.TimeSpan'. Arguments visited: True.
[ClassObfuscationRewriter] 2025-12-01T19:46:17.8390969Z Renaming identifier 'ErrorDTO' to 'O_DDA13DE3'.
[ClassObfuscationRewriter] 2025-12-01T19:46:17.8402979Z Visiting object creation for type 'ErrorDTO' => 'O_DDA13DE3'. Arguments visited: True.
[ClassObfuscationRewriter] 2025-12-01T19:46:17.8416789Z Visiting object creation for type 'System.TimeSpan' => 'System.TimeSpan'. Arguments visited: True.
[ClassObfuscationRewriter] 2025-12-01T19:46:17.8434398Z Visiting object creation for type 'System.TimeSpan' => 'System.TimeSpan'. Arguments visited: True.
[ClassObfuscationRewriter] 2025-12-01T19:46:17.8538060Z Renaming identifier 'Seatbelt' to 'O_F41F88FA'.
[ClassObfuscationRewriter] 2025-12-01T19:46:17.8589044Z Renaming identifier 'Seatbelt' to 'O_F41F88FA'.
[ClassObfuscationRewriter] 2025-12-01T19:46:17.8601629Z Visiting object creation for type 'ArgumentNullException' => 'ArgumentNullException'. Arguments visited: True.
[ClassObfuscationRewriter] 2025-12-01T19:46:17.8622553Z Visiting object creation for type 'ArgumentException' => 'ArgumentException'. Arguments visited: True.
[ClassObfuscationRewriter] 2025-12-01T19:46:17.8634794Z Visiting object creation for type 'ArgumentNullException' => 'ArgumentNullException'. Arguments visited: True.
[ClassObfuscationRewriter] 2025-12-01T19:46:17.8645742Z Visiting object creation for type 'ArgumentException' => 'ArgumentException'. Arguments visited: True.
[ClassObfuscationRewriter] 2025-12-01T19:46:17.8725987Z Renaming identifier 'Seatbelt' to 'O_F41F88FA'.
[ClassObfuscationRewriter] 2025-12-01T19:46:17.8800064Z Visiting object creation for type 'System.DateTime' => 'System.DateTime'. Arguments visited: True.
[ClassObfuscationRewriter] 2025-12-01T19:46:17.8810095Z Visiting object creation for type 'System.DateTime' => 'System.DateTime'. Arguments visited: True.
[ClassObfuscationRewriter] 2025-12-01T19:46:17.8950715Z Renaming identifier 'Seatbelt' to 'O_F41F88FA'.
[ClassObfuscationRewriter] 2025-12-01T19:46:17.9584555Z Renaming identifier 'Seatbelt' to 'O_F41F88FA'.
[ClassObfuscationRewriter] 2025-12-01T19:46:17.9596100Z Renaming identifier 'Seatbelt' to 'O_F41F88FA'.
[ClassObfuscationRewriter] 2025-12-01T19:46:17.9601713Z Renaming identifier 'Seatbelt' to 'O_F41F88FA'.
[ClassObfuscationRewriter] 2025-12-01T19:46:17.9609054Z Renaming identifier 'Seatbelt' to 'O_F41F88FA'.
[ClassObfuscationRewriter] 2025-12-01T19:46:17.9615397Z Visiting object creation for type 'Exception' => 'Exception'. Arguments visited: True.
[ClassObfuscationRewriter] 2025-12-01T19:46:17.9639507Z Visiting object creation for type 'System.Threading.CancellationToken' => 'System.Threading.CancellationToken'. Arguments visited: True.
[ClassObfuscationRewriter] 2025-12-01T19:46:17.9650660Z Visiting object creation for type 'System.Threading.CancellationToken' => 'System.Threading.CancellationToken'. Arguments visited: True.
[ClassObfuscationRewriter] 2025-12-01T19:46:17.9662089Z Visiting object creation for type 'Exception' => 'Exception'. Arguments visited: True.
[ClassObfuscationRewriter] 2025-12-01T19:46:17.9672918Z Visiting object creation for type 'System.Threading.CancellationToken' => 'System.Threading.CancellationToken'. Arguments visited: True.
[ClassObfuscationRewriter] 2025-12-01T19:46:17.9683843Z Visiting object creation for type 'System.Threading.CancellationToken' => 'System.Threading.CancellationToken'. Arguments visited: True.
[ClassObfuscationRewriter] 2025-12-01T19:46:18.0137666Z Renaming identifier 'Seatbelt' to 'O_F41F88FA'.
[ClassObfuscationRewriter] 2025-12-01T19:46:18.0143059Z Renaming identifier 'Seatbelt' to 'O_F41F88FA'.
[ClassObfuscationRewriter] 2025-12-01T19:46:18.0154355Z Renaming identifier 'Netapi32' to 'O_B81255AD'.
[ClassObfuscationRewriter] 2025-12-01T19:46:18.0154355Z Renaming qualified name 'Seatbelt.Interop.Netapi32' to 'O_F41F88FA.Interop.O_B81255AD'.
[ClassObfuscationRewriter] 2025-12-01T19:46:18.0170796Z Renaming identifier 'Seatbelt' to 'O_F41F88FA'.
[ClassObfuscationRewriter] 2025-12-01T19:46:18.0197095Z Visiting object creation for type 'Principal' => 'Principal'. Arguments visited: True.
[ClassObfuscationRewriter] 2025-12-01T19:46:18.0202438Z Visiting object creation for type 'UnauthorizedAccessException' => 'UnauthorizedAccessException'. Arguments visited: True.
[ClassObfuscationRewriter] 2025-12-01T19:46:18.0202438Z Visiting object creation for type 'OutOfMemoryException' => 'OutOfMemoryException'. Arguments visited: True.
[ClassObfuscationRewriter] 2025-12-01T19:46:18.0202438Z Visiting object creation for type 'Win32Exception' => 'Win32Exception'. Arguments visited: True.
[ClassObfuscationRewriter] 2025-12-01T19:46:18.0202438Z Visiting object creation for type 'ArgumentException' => 'ArgumentException'. Arguments visited: True.
[ClassObfuscationRewriter] 2025-12-01T19:46:18.0253489Z Visiting object creation for type 'Principal' => 'Principal'. Arguments visited: True.
[ClassObfuscationRewriter] 2025-12-01T19:46:18.0273154Z Visiting object creation for type 'UnauthorizedAccessException' => 'UnauthorizedAccessException'. Arguments visited: True.
[ClassObfuscationRewriter] 2025-12-01T19:46:18.0283302Z Visiting object creation for type 'OutOfMemoryException' => 'OutOfMemoryException'. Arguments visited: True.
[ClassObfuscationRewriter] 2025-12-01T19:46:18.0283302Z Visiting object creation for type 'Win32Exception' => 'Win32Exception'. Arguments visited: True.
[ClassObfuscationRewriter] 2025-12-01T19:46:18.0294673Z Visiting object creation for type 'ArgumentException' => 'ArgumentException'. Arguments visited: True.
[ClassObfuscationRewriter] 2025-12-01T19:46:18.0473318Z Renaming identifier 'Seatbelt' to 'O_F41F88FA'.
[ClassObfuscationRewriter] 2025-12-01T19:46:18.0484689Z Visiting object creation for type 'System.DateTime' => 'System.DateTime'. Arguments visited: True.
[ClassObfuscationRewriter] 2025-12-01T19:46:18.0518491Z Renaming identifier 'Seatbelt' to 'O_F41F88FA'.
[ClassObfuscationRewriter] 2025-12-01T19:46:18.0614661Z Renaming identifier 'Seatbelt' to 'O_F41F88FA'.
[ClassObfuscationRewriter] 2025-12-01T19:46:18.0626132Z Renaming identifier 'Seatbelt' to 'O_F41F88FA'.
[ClassObfuscationRewriter] 2025-12-01T19:46:18.0632989Z Renaming identifier 'Seatbelt' to 'O_F41F88FA'.
[ClassObfuscationRewriter] 2025-12-01T19:46:18.0645828Z Renaming identifier 'Seatbelt' to 'O_F41F88FA'.
[ClassObfuscationRewriter] 2025-12-01T19:46:18.0656706Z Renaming identifier 'Seatbelt' to 'O_F41F88FA'.
[ClassObfuscationRewriter] 2025-12-01T19:46:18.0662183Z Renaming identifier 'CommandBase' to 'O_2183A68D'.
[ClassObfuscationRewriter] 2025-12-01T19:46:18.0673755Z Visited generic 'List' with updated type arguments: <O_2183A68D>.
[ClassObfuscationRewriter] 2025-12-01T19:46:18.0684805Z Visiting object creation for type 'List<CommandBase>' => 'List<O_2183A68D>'. Arguments visited: True.
[ClassObfuscationRewriter] 2025-12-01T19:46:18.0690485Z Updated generic object creation type arguments: <O_2183A68D> for 'List<O_2183A68D>'.
[ClassObfuscationRewriter] 2025-12-01T19:46:18.0731479Z Renaming identifier 'WMIUtil' to 'O_88B64416'.
[ClassObfuscationRewriter] 2025-12-01T19:46:18.0794413Z Visiting object creation for type 'ManagementObjectSearcher' => 'ManagementObjectSearcher'. Arguments visited: True.
[ClassObfuscationRewriter] 2025-12-01T19:46:18.0813013Z Visiting object creation for type 'ManagementObjectSearcher' => 'ManagementObjectSearcher'. Arguments visited: True.
[ClassObfuscationRewriter] 2025-12-01T19:46:18.0829455Z Visiting object creation for type 'ManagementObjectSearcher' => 'ManagementObjectSearcher'. Arguments visited: True.
[ClassObfuscationRewriter] 2025-12-01T19:46:18.0835431Z Visiting object creation for type 'Exception' => 'Exception'. Arguments visited: True.
[ClassObfuscationRewriter] 2025-12-01T19:46:18.0858002Z Renaming identifier 'CommandBase' to 'O_2183A68D'.
[ClassObfuscationRewriter] 2025-12-01T19:46:18.0882874Z Visiting object creation for type 'HostDTO' => 'O_75A28A1C'. Arguments visited: True.
[ClassObfuscationRewriter] 2025-12-01T19:46:18.0920582Z Visiting object creation for type 'System.Security.Cryptography.HashAlgorithmName' => 'System.Security.Cryptography.HashAlgorithmName'. Arguments visited: True.
[ClassObfuscationRewriter] 2025-12-01T19:46:18.0938459Z Visiting object creation for type 'ManagementObjectSearcher' => 'ManagementObjectSearcher'. Arguments visited: True.
[ClassObfuscationRewriter] 2025-12-01T19:46:18.0963743Z Visiting object creation for type 'ManagementObjectSearcher' => 'ManagementObjectSearcher'. Arguments visited: True.
[ClassObfuscationRewriter] 2025-12-01T19:46:18.0977049Z Visiting object creation for type 'ManagementObjectSearcher' => 'ManagementObjectSearcher'. Arguments visited: True.
[ClassObfuscationRewriter] 2025-12-01T19:46:18.0987922Z Visiting object creation for type 'Exception' => 'Exception'. Arguments visited: True.
[ClassObfuscationRewriter] 2025-12-01T19:46:18.1006425Z Visiting object creation for type 'System.Security.Cryptography.HashAlgorithmName' => 'System.Security.Cryptography.HashAlgorithmName'. Arguments visited: True.
[ClassObfuscationRewriter] 2025-12-01T19:46:18.1017219Z Visiting object creation for type 'System.Security.Cryptography.HashAlgorithmName' => 'System.Security.Cryptography.HashAlgorithmName'. Arguments visited: True.
[ClassObfuscationRewriter] 2025-12-01T19:46:18.1027875Z Visiting object creation for type 'System.Security.Cryptography.HashAlgorithmName' => 'System.Security.Cryptography.HashAlgorithmName'. Arguments visited: True.
[ClassObfuscationRewriter] 2025-12-01T19:46:18.1038723Z Visiting object creation for type 'System.Security.Cryptography.HashAlgorithmName' => 'System.Security.Cryptography.HashAlgorithmName'. Arguments visited: True.
[ClassObfuscationRewriter] 2025-12-01T19:46:18.1049773Z Visiting object creation for type 'System.Security.Cryptography.HashAlgorithmName' => 'System.Security.Cryptography.HashAlgorithmName'. Arguments visited: True.
[ClassObfuscationRewriter] 2025-12-01T19:46:18.1061408Z Visiting object creation for type 'System.Security.Cryptography.HashAlgorithmName' => 'System.Security.Cryptography.HashAlgorithmName'. Arguments visited: True.
[ClassObfuscationRewriter] 2025-12-01T19:46:18.1072819Z Visiting object creation for type 'System.Security.Cryptography.HashAlgorithmName' => 'System.Security.Cryptography.HashAlgorithmName'. Arguments visited: True.
[ClassObfuscationRewriter] 2025-12-01T19:46:18.1089035Z Visiting object creation for type 'System.Security.Cryptography.HashAlgorithmName' => 'System.Security.Cryptography.HashAlgorithmName'. Arguments visited: True.
[ClassObfuscationRewriter] 2025-12-01T19:46:18.1117099Z Renaming identifier 'CommandBase' to 'O_2183A68D'.
[ClassObfuscationRewriter] 2025-12-01T19:46:18.1168420Z Visiting object creation for type 'HostDTO' => 'O_75A28A1C'. Arguments visited: True.
[ClassObfuscationRewriter] 2025-12-01T19:46:18.1623223Z Renaming identifier 'Seatbelt' to 'O_F41F88FA'.
[ClassObfuscationRewriter] 2025-12-01T19:46:18.1628745Z Renaming identifier 'Seatbelt' to 'O_F41F88FA'.
[ClassObfuscationRewriter] 2025-12-01T19:46:18.1662126Z Renaming identifier 'Seatbelt' to 'O_F41F88FA'.
[ClassObfuscationRewriter] 2025-12-01T19:46:18.1724605Z Renaming identifier 'Seatbelt' to 'O_F41F88FA'.
[ClassObfuscationRewriter] 2025-12-01T19:46:18.1736395Z Renaming identifier 'Seatbelt' to 'O_F41F88FA'.
[ClassObfuscationRewriter] 2025-12-01T19:46:18.1747022Z Renaming identifier 'Seatbelt' to 'O_F41F88FA'.
[ClassObfuscationRewriter] 2025-12-01T19:46:18.1844035Z Renaming identifier 'Seatbelt' to 'O_F41F88FA'.
[ClassObfuscationRewriter] 2025-12-01T19:46:18.1863618Z Renaming identifier 'Seatbelt' to 'O_F41F88FA'.
[ClassObfuscationRewriter] 2025-12-01T19:46:18.2247860Z Renaming identifier 'Seatbelt' to 'O_F41F88FA'.
[ClassObfuscationRewriter] 2025-12-01T19:46:18.2273538Z Renaming identifier 'Seatbelt' to 'O_F41F88FA'.
[ClassObfuscationRewriter] 2025-12-01T19:46:18.2273538Z Renaming identifier 'Seatbelt' to 'O_F41F88FA'.
[ClassObfuscationRewriter] 2025-12-01T19:46:18.2325401Z Renaming identifier 'Seatbelt' to 'O_F41F88FA'.
[ClassObfuscationRewriter] 2025-12-01T19:46:18.2340772Z Renaming identifier 'Seatbelt' to 'O_F41F88FA'.
[ClassObfuscationRewriter] 2025-12-01T19:46:18.2361281Z Renaming identifier 'Win32Error' to 'O_3BB7B919'.
[ClassObfuscationRewriter] 2025-12-01T19:46:18.2411231Z Renaming identifier 'Win32Error' to 'O_3BB7B919'.
[ClassObfuscationRewriter] 2025-12-01T19:46:18.2432570Z Renaming identifier 'Win32Error' to 'O_3BB7B919'.
[ClassObfuscationRewriter] 2025-12-01T19:46:18.2444292Z Renaming identifier 'Win32Error' to 'O_3BB7B919'.
[ClassObfuscationRewriter] 2025-12-01T19:46:18.2618517Z Renaming identifier 'Seatbelt' to 'O_F41F88FA'.
[ClassObfuscationRewriter] 2025-12-01T19:46:18.2655069Z Renaming identifier 'Seatbelt' to 'O_F41F88FA'.
[ClassObfuscationRewriter] 2025-12-01T19:46:18.2666454Z Visiting object creation for type 'System.ComponentModel.Win32Exception' => 'System.ComponentModel.Win32Exception'. Arguments visited: True.
[ClassObfuscationRewriter] 2025-12-01T19:46:18.2677321Z Visiting object creation for type 'System.ComponentModel.Win32Exception' => 'System.ComponentModel.Win32Exception'. Arguments visited: True.
[ClassObfuscationRewriter] 2025-12-01T19:46:18.2753671Z Renaming identifier 'Seatbelt' to 'O_F41F88FA'.
[ClassObfuscationRewriter] 2025-12-01T19:46:18.2815518Z Renaming identifier 'Seatbelt' to 'O_F41F88FA'.
[ClassObfuscationRewriter] 2025-12-01T19:46:18.2840827Z Visiting object creation for type 'IPAddress' => 'IPAddress'. Arguments visited: True.
[ClassObfuscationRewriter] 2025-12-01T19:46:18.2860568Z Visiting object creation for type 'IPAddress' => 'IPAddress'. Arguments visited: True.
[ClassObfuscationRewriter] 2025-12-01T19:46:18.2878960Z Visiting object creation for type 'IPAddress' => 'IPAddress'. Arguments visited: True.
[ClassObfuscationRewriter] 2025-12-01T19:46:18.2960416Z Renaming identifier 'Seatbelt' to 'O_F41F88FA'.
[ClassObfuscationRewriter] 2025-12-01T19:46:18.3058751Z Renaming identifier 'Seatbelt' to 'O_F41F88FA'.
[ClassObfuscationRewriter] 2025-12-01T19:46:18.3130132Z Renaming identifier 'Seatbelt' to 'O_F41F88FA'.
[ClassObfuscationRewriter] 2025-12-01T19:46:18.3254885Z Visiting object creation for type 'Exception' => 'Exception'. Arguments visited: True.
[ClassObfuscationRewriter] 2025-12-01T19:46:18.3260309Z Visiting object creation for type 'IntPtr' => 'IntPtr'. Arguments visited: True.
[ClassObfuscationRewriter] 2025-12-01T19:46:18.3312459Z Visiting object creation for type 'Principal' => 'Principal'. Arguments visited: True.
[ClassObfuscationRewriter] 2025-12-01T19:46:18.3356394Z Visiting object creation for type 'Exception' => 'Exception'. Arguments visited: True.
[ClassObfuscationRewriter] 2025-12-01T19:46:18.3383337Z Visiting object creation for type 'IntPtr' => 'IntPtr'. Arguments visited: True.
[ClassObfuscationRewriter] 2025-12-01T19:46:18.3400149Z Visiting object creation for type 'Exception' => 'Exception'. Arguments visited: True.
[ClassObfuscationRewriter] 2025-12-01T19:46:18.3407780Z Visiting object creation for type 'IntPtr' => 'IntPtr'. Arguments visited: True.
[ClassObfuscationRewriter] 2025-12-01T19:46:18.3429236Z Visiting object creation for type 'System.DateTime' => 'System.DateTime'. Arguments visited: True.
[ClassObfuscationRewriter] 2025-12-01T19:46:18.3438523Z Visiting object creation for type 'Exception' => 'Exception'. Arguments visited: True.
[ClassObfuscationRewriter] 2025-12-01T19:46:18.3468577Z Visiting object creation for type 'IntPtr' => 'IntPtr'. Arguments visited: True.
[ClassObfuscationRewriter] 2025-12-01T19:46:18.3480740Z Visiting object creation for type 'Principal' => 'Principal'. Arguments visited: True.
[ClassObfuscationRewriter] 2025-12-01T19:46:18.3493582Z Visiting object creation for type 'System.DateTime' => 'System.DateTime'. Arguments visited: True.
[ClassObfuscationRewriter] 2025-12-01T19:46:18.3517852Z Visiting object creation for type 'Exception' => 'Exception'. Arguments visited: True.
[ClassObfuscationRewriter] 2025-12-01T19:46:18.3531627Z Visiting object creation for type 'IntPtr' => 'IntPtr'. Arguments visited: True.
[ClassObfuscationRewriter] 2025-12-01T19:46:18.3549298Z Visiting object creation for type 'Exception' => 'Exception'. Arguments visited: True.
[ClassObfuscationRewriter] 2025-12-01T19:46:18.3587799Z Visiting object creation for type 'IntPtr' => 'IntPtr'. Arguments visited: True.
[ClassObfuscationRewriter] 2025-12-01T19:46:18.4043154Z Renaming identifier 'Seatbelt' to 'O_F41F88FA'.
[ClassObfuscationRewriter] 2025-12-01T19:46:18.4352048Z Renaming identifier 'Seatbelt' to 'O_F41F88FA'.
[ClassObfuscationRewriter] 2025-12-01T19:46:18.4513245Z Renaming identifier 'Seatbelt' to 'O_F41F88FA'.
[ClassObfuscationRewriter] 2025-12-01T19:46:18.4525639Z Visiting object creation for type 'System.Runtime.Serialization.StreamingContext' => 'System.Runtime.Serialization.StreamingContext'. Arguments visited: True.
[ClassObfuscationRewriter] 2025-12-01T19:46:18.5042429Z Renaming identifier 'Seatbelt' to 'O_F41F88FA'.
[ClassObfuscationRewriter] 2025-12-01T19:46:18.5055796Z Renaming identifier 'Seatbelt' to 'O_F41F88FA'.
[ClassObfuscationRewriter] 2025-12-01T19:46:18.5073492Z Visiting object creation for type 'PlatformNotSupportedException' => 'PlatformNotSupportedException'. Arguments visited: True.
[ClassObfuscationRewriter] 2025-12-01T19:46:18.5086868Z Visiting object creation for type 'Win32Exception' => 'Win32Exception'. Arguments visited: True.
[ClassObfuscationRewriter] 2025-12-01T19:46:18.5113699Z Renaming identifier 'RegistryKeyValue' to 'O_D9B753E7'.
[ClassObfuscationRewriter] 2025-12-01T19:46:18.5126710Z Visiting object creation for type 'RegistryKeyValue' => 'O_D9B753E7'. Arguments visited: True.
[ClassObfuscationRewriter] 2025-12-01T19:46:18.5193537Z Visiting object creation for type 'Exception' => 'Exception'. Arguments visited: True.
[ClassObfuscationRewriter] 2025-12-01T19:46:18.5219410Z Visiting object creation for type 'Dictionary<string, object>' => 'Dictionary<string,object>'. Arguments visited: True.
[ClassObfuscationRewriter] 2025-12-01T19:46:18.5226516Z Updated generic object creation type arguments: <string,object> for 'Dictionary<string,object>'.
[ClassObfuscationRewriter] 2025-12-01T19:46:18.5256100Z Visiting object creation for type 'Exception' => 'Exception'. Arguments visited: True.
[ClassObfuscationRewriter] 2025-12-01T19:46:18.5287501Z Visiting object creation for type 'Exception' => 'Exception'. Arguments visited: True.
[ClassObfuscationRewriter] 2025-12-01T19:46:18.5300691Z Visiting object creation for type 'PlatformNotSupportedException' => 'PlatformNotSupportedException'. Arguments visited: True.
[ClassObfuscationRewriter] 2025-12-01T19:46:18.5313657Z Visiting object creation for type 'Win32Exception' => 'Win32Exception'. Arguments visited: True.
[ClassObfuscationRewriter] 2025-12-01T19:46:18.5381226Z Visiting object creation for type 'Exception' => 'Exception'. Arguments visited: True.
[ClassObfuscationRewriter] 2025-12-01T19:46:18.5415709Z Visiting object creation for type 'Exception' => 'Exception'. Arguments visited: True.
[ClassObfuscationRewriter] 2025-12-01T19:46:18.6705266Z Renaming identifier 'Seatbelt' to 'O_F41F88FA'.
[ClassObfuscationRewriter] 2025-12-01T19:46:18.6840362Z Renaming identifier 'Seatbelt' to 'O_F41F88FA'.
[ClassObfuscationRewriter] 2025-12-01T19:46:18.6850524Z Renaming identifier 'Seatbelt' to 'O_F41F88FA'.
[ClassObfuscationRewriter] 2025-12-01T19:46:18.6884342Z Renaming identifier 'Seatbelt' to 'O_F41F88FA'.
[ClassObfuscationRewriter] 2025-12-01T19:46:18.6889442Z Renaming identifier 'Seatbelt' to 'O_F41F88FA'.
[ClassObfuscationRewriter] 2025-12-01T19:46:18.6902692Z Renaming identifier 'SeatbeltOptions' to 'O_F2A11310'.
[ClassObfuscationRewriter] 2025-12-01T19:46:18.6913421Z Visiting object creation for type 'SeatbeltArgumentParser' => 'O_5579F5CE'. Arguments visited: True.
[ClassObfuscationRewriter] 2025-12-01T19:46:18.6924011Z Visiting object creation for type 'Runtime' => 'Runtime'. Arguments visited: True.
[ClassObfuscationRewriter] 2025-12-01T19:46:18.6934940Z Visiting object creation for type 'ConsoleTextWriter' => 'O_132E9F90'. Arguments visited: True.
[ClassObfuscationRewriter] 2025-12-01T19:46:18.6940475Z Visiting object creation for type 'TextOutputSink' => 'O_E6752F82'. Arguments visited: True.
[ClassObfuscationRewriter] 2025-12-01T19:46:18.6946015Z Visiting object creation for type 'Exception' => 'Exception'. Arguments visited: True.
[ClassObfuscationRewriter] 2025-12-01T19:46:18.6963049Z Visiting object creation for type 'JsonFileOutputSink' => 'O_9BEF08AF'. Arguments visited: True.
[ClassObfuscationRewriter] 2025-12-01T19:46:18.6975022Z Visiting object creation for type 'JsonStringOutputSink' => 'O_60BBEB9A'. Arguments visited: True.
[ClassObfuscationRewriter] 2025-12-01T19:46:18.6979897Z Visiting object creation for type 'FileTextWriter' => 'O_2636E887'. Arguments visited: True.
[ClassObfuscationRewriter] 2025-12-01T19:46:18.6998413Z Visiting object creation for type 'TextOutputSink' => 'O_E6752F82'. Arguments visited: True.
[ClassObfuscationRewriter] 2025-12-01T19:46:18.7039474Z Visiting object creation for type 'ConsoleTextWriter' => 'O_132E9F90'. Arguments visited: True.
[ClassObfuscationRewriter] 2025-12-01T19:46:18.7049227Z Visiting object creation for type 'TextOutputSink' => 'O_E6752F82'. Arguments visited: True.
[ClassObfuscationRewriter] 2025-12-01T19:46:18.7061556Z Visiting object creation for type 'Exception' => 'Exception'. Arguments visited: True.
[ClassObfuscationRewriter] 2025-12-01T19:46:18.7068336Z Visiting object creation for type 'JsonFileOutputSink' => 'O_9BEF08AF'. Arguments visited: True.
[ClassObfuscationRewriter] 2025-12-01T19:46:18.7082802Z Visiting object creation for type 'JsonStringOutputSink' => 'O_60BBEB9A'. Arguments visited: True.
[ClassObfuscationRewriter] 2025-12-01T19:46:18.7089027Z Visiting object creation for type 'FileTextWriter' => 'O_2636E887'. Arguments visited: True.
[ClassObfuscationRewriter] 2025-12-01T19:46:18.7101003Z Visiting object creation for type 'TextOutputSink' => 'O_E6752F82'. Arguments visited: True.
[ClassObfuscationRewriter] 2025-12-01T19:46:18.7885740Z Renaming identifier 'Seatbelt' to 'O_F41F88FA'.
[ClassObfuscationRewriter] 2025-12-01T19:46:18.7923136Z Renaming identifier 'Seatbelt' to 'O_F41F88FA'.
[ClassObfuscationRewriter] 2025-12-01T19:46:18.7936483Z Renaming identifier 'Seatbelt' to 'O_F41F88FA'.
[ClassObfuscationRewriter] 2025-12-01T19:46:18.7943653Z Renaming identifier 'Seatbelt' to 'O_F41F88FA'.
[ClassObfuscationRewriter] 2025-12-01T19:46:18.7956668Z Renaming identifier 'Seatbelt' to 'O_F41F88FA'.
[ClassObfuscationRewriter] 2025-12-01T19:46:18.7968784Z Visiting object creation for type 'DefaultTextFormatter' => 'O_AFCC99E5'. Arguments visited: True.
[ClassObfuscationRewriter] 2025-12-01T19:46:18.7979756Z Visiting object creation for type 'ResolveEventHandler' => 'ResolveEventHandler'. Arguments visited: True.
[ClassObfuscationRewriter] 2025-12-01T19:46:18.7991807Z Visiting object creation for type 'Exception' => 'Exception'. Arguments visited: True.
[ClassObfuscationRewriter] 2025-12-01T19:46:18.8010194Z Visiting object creation for type 'VerboseDTO' => 'O_77AFBCF7'. Arguments visited: True.
[ClassObfuscationRewriter] 2025-12-01T19:46:18.8027995Z Visiting object creation for type 'WarningDTO' => 'O_56497D89'. Arguments visited: True.
[ClassObfuscationRewriter] 2025-12-01T19:46:18.8034217Z Visiting object creation for type 'ErrorDTO' => 'O_DDA13DE3'. Arguments visited: True.
[ClassObfuscationRewriter] 2025-12-01T19:46:18.8045516Z Visiting object creation for type 'HostDTO' => 'O_75A28A1C'. Arguments visited: True.
[ClassObfuscationRewriter] 2025-12-01T19:46:18.8057714Z Visiting object creation for type 'ResolveEventHandler' => 'ResolveEventHandler'. Arguments visited: True.
[ClassObfuscationRewriter] 2025-12-01T19:46:18.8074573Z Visiting object creation for type 'Exception' => 'Exception'. Arguments visited: True.
[ClassObfuscationRewriter] 2025-12-01T19:46:18.8235759Z Renaming identifier 'Seatbelt' to 'O_F41F88FA'.
[ClassObfuscationRewriter] 2025-12-01T19:46:18.8284069Z Visiting object creation for type 'ManagementScope' => 'ManagementScope'. Arguments visited: True.
[ClassObfuscationRewriter] 2025-12-01T19:46:18.8301335Z Visiting object creation for type 'ManagementPath' => 'ManagementPath'. Arguments visited: True.
[ClassObfuscationRewriter] 2025-12-01T19:46:18.8315073Z Visiting object creation for type 'ManagementClass' => 'ManagementClass'. Arguments visited: True.
[ClassObfuscationRewriter] 2025-12-01T19:46:18.8334848Z Visiting object creation for type 'System.DateTime' => 'System.DateTime'. Arguments visited: True.
[ClassObfuscationRewriter] 2025-12-01T19:46:18.8352171Z Visiting object creation for type 'System.DateTime' => 'System.DateTime'. Arguments visited: True.
[ClassObfuscationRewriter] 2025-12-01T19:46:18.8369102Z Visiting object creation for type 'ManagementScope' => 'ManagementScope'. Arguments visited: True.
[ClassObfuscationRewriter] 2025-12-01T19:46:18.8388626Z Visiting object creation for type 'ManagementPath' => 'ManagementPath'. Arguments visited: True.
[ClassObfuscationRewriter] 2025-12-01T19:46:18.8405346Z Visiting object creation for type 'ManagementClass' => 'ManagementClass'. Arguments visited: True.
[ClassObfuscationRewriter] 2025-12-01T20:13:39.5171746Z Renaming identifier 'Seatbelt' to 'O_F41F88FA'.
[ClassObfuscationRewriter] 2025-12-01T20:13:39.5201759Z Renaming identifier 'Seatbelt' to 'O_F41F88FA'.
[ClassObfuscationRewriter] 2025-12-01T20:13:39.5211750Z Renaming identifier 'Seatbelt' to 'O_F41F88FA'.
[ClassObfuscationRewriter] 2025-12-01T20:13:39.5211750Z Renaming identifier 'Seatbelt' to 'O_F41F88FA'.
[ClassObfuscationRewriter] 2025-12-01T20:13:39.5211750Z Renaming identifier 'Seatbelt' to 'O_F41F88FA'.
[ClassObfuscationRewriter] 2025-12-01T20:13:39.5251760Z Renaming identifier 'CommandBase' to 'O_2183A68D'.
[ClassObfuscationRewriter] 2025-12-01T20:13:39.5271901Z Renaming identifier 'CommandDTOBase' to 'O_4AED570F'.
[ClassObfuscationRewriter] 2025-12-01T20:13:39.5301862Z Visiting object creation for type 'MTPuTTYDTO' => 'O_ED370A94'. Arguments visited: True.
[ClassObfuscationRewriter] 2025-12-01T20:13:39.5301862Z Renaming identifier 'CommandDTOBase' to 'O_4AED570F'.
[ClassObfuscationRewriter] 2025-12-01T20:13:39.5311852Z Renaming identifier 'MTPuTTYDTO' to 'O_ED370A94'.
[ClassObfuscationRewriter] 2025-12-01T20:13:39.5391850Z Renaming identifier 'CommandDTOBase' to 'O_4AED570F'.
[ClassObfuscationRewriter] 2025-12-01T20:13:39.5391850Z Visiting object creation for type 'System.Threading.CancellationToken' => 'System.Threading.CancellationToken'. Arguments visited: True.
[ClassObfuscationRewriter] 2025-12-01T20:13:39.5401876Z Visiting object creation for type 'MTPuTTYDTO' => 'O_ED370A94'. Arguments visited: True.
[ClassObfuscationRewriter] 2025-12-01T20:13:39.5507031Z Renaming identifier 'Seatbelt' to 'O_F41F88FA'.
[ClassObfuscationRewriter] 2025-12-01T20:13:39.5517029Z Renaming identifier 'Seatbelt' to 'O_F41F88FA'.
[ClassObfuscationRewriter] 2025-12-01T20:13:39.5517029Z Renaming identifier 'Seatbelt' to 'O_F41F88FA'.
[ClassObfuscationRewriter] 2025-12-01T20:13:39.5517029Z Renaming identifier 'CommandBase' to 'O_2183A68D'.
[ClassObfuscationRewriter] 2025-12-01T20:13:39.5517029Z Renaming identifier 'CommandDTOBase' to 'O_4AED570F'.
[ClassObfuscationRewriter] 2025-12-01T20:13:39.5527026Z Visiting object creation for type 'OneNoteDTO' => 'O_F4467FE4'. Arguments visited: True.
[ClassObfuscationRewriter] 2025-12-01T20:13:39.5527026Z Renaming identifier 'CommandDTOBase' to 'O_4AED570F'.
[ClassObfuscationRewriter] 2025-12-01T20:13:39.5527026Z Renaming identifier 'OneNoteDTO' to 'O_F4467FE4'.
[ClassObfuscationRewriter] 2025-12-01T20:13:39.5537054Z Visiting object creation for type 'System.Security.Cryptography.X509Certificates.X509ContentType' => 'System.Security.Cryptography.X509Certificates.X509ContentType'. Arguments visited: True.
[ClassObfuscationRewriter] 2025-12-01T20:13:39.5537054Z Renaming identifier 'CommandDTOBase' to 'O_4AED570F'.
[ClassObfuscationRewriter] 2025-12-01T20:13:39.5547105Z Visiting object creation for type 'System.Security.Cryptography.X509Certificates.X509ContentType' => 'System.Security.Cryptography.X509Certificates.X509ContentType'. Arguments visited: True.
[ClassObfuscationRewriter] 2025-12-01T20:13:39.5547105Z Visiting object creation for type 'OneNoteDTO' => 'O_F4467FE4'. Arguments visited: True.
[ClassObfuscationRewriter] 2025-12-01T20:13:39.5597092Z Renaming identifier 'Seatbelt' to 'O_F41F88FA'.
[ClassObfuscationRewriter] 2025-12-01T20:13:39.5607042Z Renaming identifier 'Seatbelt' to 'O_F41F88FA'.
[ClassObfuscationRewriter] 2025-12-01T20:13:39.5607042Z Renaming identifier 'Seatbelt' to 'O_F41F88FA'.
[ClassObfuscationRewriter] 2025-12-01T20:13:39.5607042Z Renaming identifier 'Wlanapi' to 'O_6D5A9C51'.
[ClassObfuscationRewriter] 2025-12-01T20:13:39.5607042Z Renaming qualified name 'Seatbelt.Interop.Wlanapi' to 'O_F41F88FA.Interop.O_6D5A9C51'.
[ClassObfuscationRewriter] 2025-12-01T20:13:39.5607042Z Renaming identifier 'Seatbelt' to 'O_F41F88FA'.
[ClassObfuscationRewriter] 2025-12-01T20:13:39.5617022Z Renaming identifier 'CommandBase' to 'O_2183A68D'.
[ClassObfuscationRewriter] 2025-12-01T20:13:39.5617022Z Renaming identifier 'CommandDTOBase' to 'O_4AED570F'.
[ClassObfuscationRewriter] 2025-12-01T20:13:39.5617022Z Renaming identifier 'Win32Error' to 'O_3BB7B919'.
[ClassObfuscationRewriter] 2025-12-01T20:13:39.5617022Z Renaming identifier 'Win32Error' to 'O_3BB7B919'.
[ClassObfuscationRewriter] 2025-12-01T20:13:39.5627065Z Renaming identifier 'Win32Error' to 'O_3BB7B919'.
[ClassObfuscationRewriter] 2025-12-01T20:13:39.5627065Z Renaming identifier 'Win32Error' to 'O_3BB7B919'.
[ClassObfuscationRewriter] 2025-12-01T20:13:39.5627065Z Renaming identifier 'Win32Error' to 'O_3BB7B919'.
[ClassObfuscationRewriter] 2025-12-01T20:13:39.5637023Z Visiting object creation for type 'WifiProfileDTO' => 'O_97D40AC0'. Arguments visited: True.
[ClassObfuscationRewriter] 2025-12-01T20:13:39.5637023Z Renaming identifier 'CommandDTOBase' to 'O_4AED570F'.
[ClassObfuscationRewriter] 2025-12-01T20:13:39.5637023Z Renaming identifier 'WifiProfileEntry' to 'O_CA3CF3AC'.
[ClassObfuscationRewriter] 2025-12-01T20:13:39.5637023Z Visited generic 'List' with updated type arguments: <O_CA3CF3AC>.
[ClassObfuscationRewriter] 2025-12-01T20:13:39.5637023Z Renaming identifier 'WifiProfileDTO' to 'O_97D40AC0'.
[ClassObfuscationRewriter] 2025-12-01T20:13:39.5647037Z Renaming identifier 'WifiProfileEntry' to 'O_CA3CF3AC'.
[ClassObfuscationRewriter] 2025-12-01T20:13:39.5647037Z Visiting object creation for type 'System.DateTime' => 'System.DateTime'. Arguments visited: True.
[ClassObfuscationRewriter] 2025-12-01T20:13:39.5647037Z Renaming identifier 'WifiProfileEntry' to 'O_CA3CF3AC'.
[ClassObfuscationRewriter] 2025-12-01T20:13:39.5658369Z Renaming identifier 'CommandDTOBase' to 'O_4AED570F'.
[ClassObfuscationRewriter] 2025-12-01T20:13:39.5658369Z Visiting object creation for type 'System.DateTime' => 'System.DateTime'. Arguments visited: True.
[ClassObfuscationRewriter] 2025-12-01T20:13:39.5658369Z Renaming identifier 'Win32Error' to 'O_3BB7B919'.
[ClassObfuscationRewriter] 2025-12-01T20:13:39.5658369Z Renaming identifier 'Win32Error' to 'O_3BB7B919'.
[ClassObfuscationRewriter] 2025-12-01T20:13:39.5669057Z Renaming identifier 'Win32Error' to 'O_3BB7B919'.
[ClassObfuscationRewriter] 2025-12-01T20:13:39.5669057Z Renaming identifier 'Win32Error' to 'O_3BB7B919'.
[ClassObfuscationRewriter] 2025-12-01T20:13:39.5669057Z Renaming identifier 'Win32Error' to 'O_3BB7B919'.
[ClassObfuscationRewriter] 2025-12-01T20:13:39.5679224Z Visiting object creation for type 'WifiProfileDTO' => 'O_97D40AC0'. Arguments visited: True.
[ClassObfuscationRewriter] 2025-12-01T20:13:39.5745306Z Renaming identifier 'Seatbelt' to 'O_F41F88FA'.
[ClassObfuscationRewriter] 2025-12-01T20:13:39.5756807Z Renaming identifier 'Seatbelt' to 'O_F41F88FA'.
[ClassObfuscationRewriter] 2025-12-01T20:13:39.5756807Z Renaming identifier 'Seatbelt' to 'O_F41F88FA'.
[ClassObfuscationRewriter] 2025-12-01T20:13:39.5756807Z Renaming identifier 'CommandBase' to 'O_2183A68D'.
[ClassObfuscationRewriter] 2025-12-01T20:13:39.5756807Z Renaming identifier 'CommandDTOBase' to 'O_4AED570F'.
[ClassObfuscationRewriter] 2025-12-01T20:13:39.5767465Z Visiting object creation for type 'WMIDTO' => 'O_CACA4DCD'. Arguments visited: True.
[ClassObfuscationRewriter] 2025-12-01T20:13:39.5767465Z Renaming identifier 'CommandDTOBase' to 'O_4AED570F'.
[ClassObfuscationRewriter] 2025-12-01T20:13:39.5767465Z Visiting object creation for type 'WMIDTO' => 'O_CACA4DCD'. Arguments visited: True.
[ClassObfuscationRewriter] 2025-12-01T20:13:39.5787648Z Renaming identifier 'CommandDTOBase' to 'O_4AED570F'.
[ClassObfuscationRewriter] 2025-12-01T20:13:39.5787648Z Renaming identifier 'WMIDTO' to 'O_CACA4DCD'.
[ClassObfuscationRewriter] 2025-12-01T20:13:39.5837697Z Renaming identifier 'Seatbelt' to 'O_F41F88FA'.
[ClassObfuscationRewriter] 2025-12-01T20:13:39.5837697Z Renaming identifier 'Seatbelt' to 'O_F41F88FA'.
[ClassObfuscationRewriter] 2025-12-01T20:13:39.5837697Z Renaming identifier 'Seatbelt' to 'O_F41F88FA'.
[ClassObfuscationRewriter] 2025-12-01T20:13:39.5847606Z Renaming identifier 'CommandBase' to 'O_2183A68D'.
[ClassObfuscationRewriter] 2025-12-01T20:13:39.5847606Z Renaming identifier 'CommandDTOBase' to 'O_4AED570F'.
[ClassObfuscationRewriter] 2025-12-01T20:13:39.5857586Z Visiting object creation for type 'FileZillaDTO' => 'O_2B67EEE8'. Arguments visited: True.
[ClassObfuscationRewriter] 2025-12-01T20:13:39.5857586Z Renaming identifier 'CommandDTOBase' to 'O_4AED570F'.
[ClassObfuscationRewriter] 2025-12-01T20:13:39.5857586Z Renaming identifier 'FileZillaConfig' to 'O_3C59B5D5'.
[ClassObfuscationRewriter] 2025-12-01T20:13:39.5857586Z Visited generic 'List' with updated type arguments: <O_3C59B5D5>.
[ClassObfuscationRewriter] 2025-12-01T20:13:39.5857586Z Renaming identifier 'FileZillaDTO' to 'O_2B67EEE8'.
[ClassObfuscationRewriter] 2025-12-01T20:13:39.5871780Z Renaming identifier 'CommandDTOBase' to 'O_4AED570F'.
[ClassObfuscationRewriter] 2025-12-01T20:13:39.5883057Z Visiting object creation for type 'FileZillaDTO' => 'O_2B67EEE8'. Arguments visited: True.
[ClassObfuscationRewriter] 2025-12-01T20:13:39.6049297Z Renaming identifier 'Seatbelt' to 'O_F41F88FA'.
[ClassObfuscationRewriter] 2025-12-01T20:13:39.6049297Z Renaming identifier 'Seatbelt' to 'O_F41F88FA'.
[ClassObfuscationRewriter] 2025-12-01T20:13:39.6049297Z Renaming identifier 'CommandBase' to 'O_2183A68D'.
[ClassObfuscationRewriter] 2025-12-01T20:13:39.6059448Z Renaming identifier 'CommandDTOBase' to 'O_4AED570F'.
[ClassObfuscationRewriter] 2025-12-01T20:13:39.6059448Z Visiting object creation for type 'KeePassDTO' => 'O_E2550E92'. Arguments visited: True.
[ClassObfuscationRewriter] 2025-12-01T20:13:39.6069433Z Visiting object creation for type 'KeePassDTO' => 'O_E2550E92'. Arguments visited: True.
[ClassObfuscationRewriter] 2025-12-01T20:13:39.6069433Z Renaming identifier 'CommandDTOBase' to 'O_4AED570F'.
[ClassObfuscationRewriter] 2025-12-01T20:13:39.6069433Z Renaming identifier 'CommandDTOBase' to 'O_4AED570F'.
[ClassObfuscationRewriter] 2025-12-01T20:13:39.6080765Z Visiting object creation for type 'System.DateTime' => 'System.DateTime'. Arguments visited: True.
[ClassObfuscationRewriter] 2025-12-01T20:13:39.6080765Z Visiting object creation for type 'KeePassDTO' => 'O_E2550E92'. Arguments visited: True.
[ClassObfuscationRewriter] 2025-12-01T20:13:39.6090878Z Visiting object creation for type 'KeePassDTO' => 'O_E2550E92'. Arguments visited: True.
[ClassObfuscationRewriter] 2025-12-01T20:13:39.6368052Z Renaming identifier 'Seatbelt' to 'O_F41F88FA'.
[ClassObfuscationRewriter] 2025-12-01T20:13:39.6368052Z Renaming identifier 'Seatbelt' to 'O_F41F88FA'.
[ClassObfuscationRewriter] 2025-12-01T20:13:39.6368052Z Renaming identifier 'CommandBase' to 'O_2183A68D'.
[ClassObfuscationRewriter] 2025-12-01T20:13:39.6378056Z Renaming identifier 'CommandDTOBase' to 'O_4AED570F'.
[ClassObfuscationRewriter] 2025-12-01T20:13:39.6378056Z Visiting object creation for type 'McAfeeConfigsDTO' => 'O_B517DD7E'. Arguments visited: True.
[ClassObfuscationRewriter] 2025-12-01T20:13:39.6378056Z Visiting object creation for type 'McAfeeConfigsDTO' => 'O_B517DD7E'. Arguments visited: True.
[ClassObfuscationRewriter] 2025-12-01T20:13:39.6378056Z Renaming identifier 'CommandDTOBase' to 'O_4AED570F'.
[ClassObfuscationRewriter] 2025-12-01T20:13:39.6388062Z Renaming identifier 'CommandDTOBase' to 'O_4AED570F'.
[ClassObfuscationRewriter] 2025-12-01T20:13:39.6388062Z Visiting object creation for type 'System.DateTime' => 'System.DateTime'. Arguments visited: True.
[ClassObfuscationRewriter] 2025-12-01T20:13:39.6388062Z Visiting object creation for type 'McAfeeConfigsDTO' => 'O_B517DD7E'. Arguments visited: True.
[ClassObfuscationRewriter] 2025-12-01T20:13:39.6388062Z Visiting object creation for type 'McAfeeConfigsDTO' => 'O_B517DD7E'. Arguments visited: True.
[ClassObfuscationRewriter] 2025-12-01T20:13:39.6443319Z Renaming identifier 'Seatbelt' to 'O_F41F88FA'.
[ClassObfuscationRewriter] 2025-12-01T20:13:39.6443319Z Renaming identifier 'Seatbelt' to 'O_F41F88FA'.
[ClassObfuscationRewriter] 2025-12-01T20:13:39.6453195Z Renaming identifier 'Seatbelt' to 'O_F41F88FA'.
[ClassObfuscationRewriter] 2025-12-01T20:13:39.6453195Z Renaming identifier 'Seatbelt' to 'O_F41F88FA'.
[ClassObfuscationRewriter] 2025-12-01T20:13:39.6463188Z Renaming identifier 'CommandBase' to 'O_2183A68D'.
[ClassObfuscationRewriter] 2025-12-01T20:13:39.6463188Z Renaming identifier 'CommandDTOBase' to 'O_4AED570F'.
[ClassObfuscationRewriter] 2025-12-01T20:13:39.6473173Z Visiting object creation for type 'McAfeeSiteListDTO' => 'O_A9599790'. Arguments visited: True.
[ClassObfuscationRewriter] 2025-12-01T20:13:39.6473173Z Renaming identifier 'CommandDTOBase' to 'O_4AED570F'.
[ClassObfuscationRewriter] 2025-12-01T20:13:39.6473173Z Renaming identifier 'McAfeeSite' to 'O_1E1BDBB1'.
[ClassObfuscationRewriter] 2025-12-01T20:13:39.6473173Z Visited generic 'List' with updated type arguments: <O_1E1BDBB1>.
[ClassObfuscationRewriter] 2025-12-01T20:13:39.6483188Z Renaming identifier 'McAfeeSiteListDTO' to 'O_A9599790'.
[ClassObfuscationRewriter] 2025-12-01T20:13:39.6493179Z Renaming identifier 'CommandDTOBase' to 'O_4AED570F'.
[ClassObfuscationRewriter] 2025-12-01T20:13:39.6503221Z Visiting object creation for type 'McAfeeSiteListDTO' => 'O_A9599790'. Arguments visited: True.
[ClassObfuscationRewriter] 2025-12-01T20:13:39.6596488Z Renaming identifier 'Seatbelt' to 'O_F41F88FA'.
[ClassObfuscationRewriter] 2025-12-01T20:13:39.6596488Z Renaming identifier 'Seatbelt' to 'O_F41F88FA'.
[ClassObfuscationRewriter] 2025-12-01T20:13:39.6606494Z Renaming identifier 'CommandBase' to 'O_2183A68D'.
[ClassObfuscationRewriter] 2025-12-01T20:13:39.6606494Z Renaming identifier 'CommandDTOBase' to 'O_4AED570F'.
[ClassObfuscationRewriter] 2025-12-01T20:13:39.6606494Z Visiting object creation for type 'OracleConnectionsDTO' => 'O_0FDEAD5C'. Arguments visited: True.
[ClassObfuscationRewriter] 2025-12-01T20:13:39.6616497Z Renaming identifier 'CommandDTOBase' to 'O_4AED570F'.
[ClassObfuscationRewriter] 2025-12-01T20:13:39.6616497Z Renaming identifier 'CommandDTOBase' to 'O_4AED570F'.
[ClassObfuscationRewriter] 2025-12-01T20:13:39.6616497Z Visiting object creation for type 'OracleConnectionsDTO' => 'O_0FDEAD5C'. Arguments visited: True.
[ClassObfuscationRewriter] 2025-12-01T20:13:39.6656516Z Renaming identifier 'Seatbelt' to 'O_F41F88FA'.
[ClassObfuscationRewriter] 2025-12-01T20:13:39.6666518Z Renaming identifier 'Seatbelt' to 'O_F41F88FA'.
[ClassObfuscationRewriter] 2025-12-01T20:13:39.6666518Z Renaming identifier 'Seatbelt' to 'O_F41F88FA'.
[ClassObfuscationRewriter] 2025-12-01T20:13:39.6676523Z Renaming identifier 'CommandBase' to 'O_2183A68D'.
[ClassObfuscationRewriter] 2025-12-01T20:13:39.6676523Z Renaming identifier 'CommandDTOBase' to 'O_4AED570F'.
[ClassObfuscationRewriter] 2025-12-01T20:13:39.6686498Z Visiting object creation for type 'SuperPuttyDTO' => 'O_0DB98354'. Arguments visited: True.
[ClassObfuscationRewriter] 2025-12-01T20:13:39.6686498Z Renaming identifier 'CommandDTOBase' to 'O_4AED570F'.
[ClassObfuscationRewriter] 2025-12-01T20:13:39.6686498Z Renaming identifier 'SuperPuttyConfig' to 'O_39A73883'.
[ClassObfuscationRewriter] 2025-12-01T20:13:39.6686498Z Visited generic 'List' with updated type arguments: <O_39A73883>.
[ClassObfuscationRewriter] 2025-12-01T20:13:39.6696488Z Renaming identifier 'SuperPuttyDTO' to 'O_0DB98354'.
[ClassObfuscationRewriter] 2025-12-01T20:13:39.6708793Z Renaming identifier 'CommandDTOBase' to 'O_4AED570F'.
[ClassObfuscationRewriter] 2025-12-01T20:13:39.6708793Z Visiting object creation for type 'SuperPuttyDTO' => 'O_0DB98354'. Arguments visited: True.
[ClassObfuscationRewriter] 2025-12-01T20:13:39.6898736Z Renaming identifier 'Seatbelt' to 'O_F41F88FA'.
[ClassObfuscationRewriter] 2025-12-01T20:13:39.6898736Z Renaming identifier 'Seatbelt' to 'O_F41F88FA'.
[ClassObfuscationRewriter] 2025-12-01T20:13:39.6898736Z Renaming identifier 'Seatbelt' to 'O_F41F88FA'.
[ClassObfuscationRewriter] 2025-12-01T20:13:39.6908679Z Renaming identifier 'CommandBase' to 'O_2183A68D'.
[ClassObfuscationRewriter] 2025-12-01T20:13:39.6908679Z Renaming identifier 'CommandDTOBase' to 'O_4AED570F'.
[ClassObfuscationRewriter] 2025-12-01T20:13:39.6918678Z Visiting object creation for type 'List<string>' => 'List<string>'. Arguments visited: False.
[ClassObfuscationRewriter] 2025-12-01T20:13:39.6918678Z Updated generic object creation type arguments: <string> for 'List<string>'.
[ClassObfuscationRewriter] 2025-12-01T20:13:39.6928673Z Visiting object creation for type 'List<string>' => 'List<string>'. Arguments visited: False.
[ClassObfuscationRewriter] 2025-12-01T20:13:39.6928673Z Updated generic object creation type arguments: <string> for 'List<string>'.
[ClassObfuscationRewriter] 2025-12-01T20:13:39.6928673Z Visiting object creation for type 'CloudSyncProviderDTO' => 'O_0605B384'. Arguments visited: True.
[ClassObfuscationRewriter] 2025-12-01T20:13:39.6928673Z Renaming identifier 'CommandDTOBase' to 'O_4AED570F'.
[ClassObfuscationRewriter] 2025-12-01T20:13:39.6938691Z Renaming identifier 'OneDriveSyncProvider' to 'O_DD3D4417'.
[ClassObfuscationRewriter] 2025-12-01T20:13:39.6938691Z Renaming identifier 'CloudSyncProviderDTO' to 'O_0605B384'.
[ClassObfuscationRewriter] 2025-12-01T20:13:39.6948678Z Visiting object creation for type 'System.Security.Cryptography.X509Certificates.X509ContentType' => 'System.Security.Cryptography.X509Certificates.X509ContentType'. Arguments visited: True.
[ClassObfuscationRewriter] 2025-12-01T20:13:39.7000704Z Renaming identifier 'CommandDTOBase' to 'O_4AED570F'.
[ClassObfuscationRewriter] 2025-12-01T20:13:39.7010715Z Visiting object creation for type 'System.Security.Cryptography.X509Certificates.X509ContentType' => 'System.Security.Cryptography.X509Certificates.X509ContentType'. Arguments visited: True.
[ClassObfuscationRewriter] 2025-12-01T20:13:39.7010715Z Visiting object creation for type 'List<string>' => 'List<string>'. Arguments visited: False.
[ClassObfuscationRewriter] 2025-12-01T20:13:39.7010715Z Updated generic object creation type arguments: <string> for 'List<string>'.
[ClassObfuscationRewriter] 2025-12-01T20:13:39.7020725Z Visiting object creation for type 'List<string>' => 'List<string>'. Arguments visited: False.
[ClassObfuscationRewriter] 2025-12-01T20:13:39.7020725Z Updated generic object creation type arguments: <string> for 'List<string>'.
[ClassObfuscationRewriter] 2025-12-01T20:13:39.7020725Z Visiting object creation for type 'CloudSyncProviderDTO' => 'O_0605B384'. Arguments visited: True.
[ClassObfuscationRewriter] 2025-12-01T20:13:39.7160681Z Renaming identifier 'Seatbelt' to 'O_F41F88FA'.
[ClassObfuscationRewriter] 2025-12-01T20:13:39.7160681Z Renaming identifier 'Seatbelt' to 'O_F41F88FA'.
[ClassObfuscationRewriter] 2025-12-01T20:13:39.7160681Z Renaming identifier 'Seatbelt' to 'O_F41F88FA'.
[ClassObfuscationRewriter] 2025-12-01T20:13:39.7174945Z Renaming identifier 'Seatbelt' to 'O_F41F88FA'.
[ClassObfuscationRewriter] 2025-12-01T20:13:39.7174945Z Renaming identifier 'CommandBase' to 'O_2183A68D'.
[ClassObfuscationRewriter] 2025-12-01T20:13:39.7174945Z Renaming identifier 'CommandDTOBase' to 'O_4AED570F'.
[ClassObfuscationRewriter] 2025-12-01T20:13:39.7185043Z Visiting object creation for type 'OptionalFeaturesCommandDTO' => 'O_ABB262A2'. Arguments visited: True.
[ClassObfuscationRewriter] 2025-12-01T20:13:39.7185043Z Renaming identifier 'CommandDTOBase' to 'O_4AED570F'.
[ClassObfuscationRewriter] 2025-12-01T20:13:39.7185043Z Visiting object creation for type 'System.DateTime' => 'System.DateTime'. Arguments visited: True.
[ClassObfuscationRewriter] 2025-12-01T20:13:39.7185043Z Visiting object creation for type 'OptionalFeaturesCommandDTO' => 'O_ABB262A2'. Arguments visited: True.
[ClassObfuscationRewriter] 2025-12-01T20:13:39.7215058Z Renaming identifier 'CommandDTOBase' to 'O_4AED570F'.
[ClassObfuscationRewriter] 2025-12-01T20:13:39.7225057Z Renaming identifier 'OptionalFeaturesCommandDTO' to 'O_ABB262A2'.
[ClassObfuscationRewriter] 2025-12-01T20:13:39.7225057Z Visiting object creation for type 'System.DateTime' => 'System.DateTime'. Arguments visited: True.
[ClassObfuscationRewriter] 2025-12-01T20:13:39.7255213Z Renaming identifier 'Seatbelt' to 'O_F41F88FA'.
[ClassObfuscationRewriter] 2025-12-01T20:13:39.7255213Z Renaming identifier 'Seatbelt' to 'O_F41F88FA'.
[ClassObfuscationRewriter] 2025-12-01T20:13:39.7255213Z Renaming identifier 'Seatbelt' to 'O_F41F88FA'.
[ClassObfuscationRewriter] 2025-12-01T20:13:39.7265068Z Renaming identifier 'CommandBase' to 'O_2183A68D'.
[ClassObfuscationRewriter] 2025-12-01T20:13:39.7265068Z Renaming identifier 'CommandDTOBase' to 'O_4AED570F'.
[ClassObfuscationRewriter] 2025-12-01T20:13:39.7276800Z Visiting object creation for type 'CertificateDTO' => 'O_4EA69D19'. Arguments visited: True.
[ClassObfuscationRewriter] 2025-12-01T20:13:39.7276800Z Renaming identifier 'CommandDTOBase' to 'O_4AED570F'.
[ClassObfuscationRewriter] 2025-12-01T20:13:39.7276800Z Renaming identifier 'CertificateDTO' to 'O_4EA69D19'.
[ClassObfuscationRewriter] 2025-12-01T20:13:39.7342671Z Renaming identifier 'CommandDTOBase' to 'O_4AED570F'.
[ClassObfuscationRewriter] 2025-12-01T20:13:39.7352617Z Visiting object creation for type 'CertificateDTO' => 'O_4EA69D19'. Arguments visited: True.
[ClassObfuscationRewriter] 2025-12-01T20:13:39.7446548Z Renaming identifier 'Seatbelt' to 'O_F41F88FA'.
[ClassObfuscationRewriter] 2025-12-01T20:13:39.7456574Z Renaming identifier 'Seatbelt' to 'O_F41F88FA'.
[ClassObfuscationRewriter] 2025-12-01T20:13:39.7456574Z Renaming identifier 'Seatbelt' to 'O_F41F88FA'.
[ClassObfuscationRewriter] 2025-12-01T20:13:39.7456574Z Renaming identifier 'CommandBase' to 'O_2183A68D'.
[ClassObfuscationRewriter] 2025-12-01T20:13:39.7456574Z Renaming identifier 'CommandDTOBase' to 'O_4AED570F'.
[ClassObfuscationRewriter] 2025-12-01T20:13:39.7466566Z Visiting object creation for type 'CertificateThumbprintDTO' => 'O_67DBEBA0'. Arguments visited: True.
[ClassObfuscationRewriter] 2025-12-01T20:13:39.7466566Z Renaming identifier 'CommandDTOBase' to 'O_4AED570F'.
[ClassObfuscationRewriter] 2025-12-01T20:13:39.7466566Z Renaming identifier 'CertificateThumbprintDTO' to 'O_67DBEBA0'.
[ClassObfuscationRewriter] 2025-12-01T20:13:39.7476568Z Renaming identifier 'CommandDTOBase' to 'O_4AED570F'.
[ClassObfuscationRewriter] 2025-12-01T20:13:39.7476568Z Visiting object creation for type 'CertificateThumbprintDTO' => 'O_67DBEBA0'. Arguments visited: True.
[ClassObfuscationRewriter] 2025-12-01T20:13:39.7579325Z Renaming identifier 'Seatbelt' to 'O_F41F88FA'.
[ClassObfuscationRewriter] 2025-12-01T20:13:39.7579325Z Renaming identifier 'Seatbelt' to 'O_F41F88FA'.
[ClassObfuscationRewriter] 2025-12-01T20:13:39.7579325Z Renaming identifier 'Seatbelt' to 'O_F41F88FA'.
[ClassObfuscationRewriter] 2025-12-01T20:13:39.7579325Z Renaming identifier 'CommandBase' to 'O_2183A68D'.
[ClassObfuscationRewriter] 2025-12-01T20:13:39.7592631Z Renaming identifier 'CommandDTOBase' to 'O_4AED570F'.
[ClassObfuscationRewriter] 2025-12-01T20:13:39.7592631Z Visiting object creation for type 'HotfixDTO' => 'O_CF740C91'. Arguments visited: True.
[ClassObfuscationRewriter] 2025-12-01T20:13:39.7592631Z Renaming identifier 'CommandDTOBase' to 'O_4AED570F'.
[ClassObfuscationRewriter] 2025-12-01T20:13:39.7602760Z Visiting object creation for type 'System.DayOfWeek' => 'System.DayOfWeek'. Arguments visited: True.
[ClassObfuscationRewriter] 2025-12-01T20:13:39.7602760Z Visiting object creation for type 'HotfixDTO' => 'O_CF740C91'. Arguments visited: True.
[ClassObfuscationRewriter] 2025-12-01T20:13:39.7632752Z Renaming identifier 'CommandDTOBase' to 'O_4AED570F'.
[ClassObfuscationRewriter] 2025-12-01T20:13:39.7642808Z Renaming identifier 'HotfixDTO' to 'O_CF740C91'.
[ClassObfuscationRewriter] 2025-12-01T20:13:39.7642808Z Visiting object creation for type 'System.DayOfWeek' => 'System.DayOfWeek'. Arguments visited: True.
[ClassObfuscationRewriter] 2025-12-01T20:13:39.7662740Z Renaming identifier 'Seatbelt' to 'O_F41F88FA'.
[ClassObfuscationRewriter] 2025-12-01T20:13:39.7672737Z Renaming identifier 'Seatbelt' to 'O_F41F88FA'.
[ClassObfuscationRewriter] 2025-12-01T20:13:39.7672737Z Renaming identifier 'Seatbelt' to 'O_F41F88FA'.
[ClassObfuscationRewriter] 2025-12-01T20:13:39.7672737Z Renaming identifier 'CommandBase' to 'O_2183A68D'.
[ClassObfuscationRewriter] 2025-12-01T20:13:39.7672737Z Renaming identifier 'CommandDTOBase' to 'O_4AED570F'.
[ClassObfuscationRewriter] 2025-12-01T20:13:39.7682739Z Visiting object creation for type 'MicrosoftUpdateDTO' => 'O_2C0A69AB'. Arguments visited: True.
[ClassObfuscationRewriter] 2025-12-01T20:13:39.7682739Z Renaming identifier 'CommandDTOBase' to 'O_4AED570F'.
[ClassObfuscationRewriter] 2025-12-01T20:13:39.7692715Z Visiting object creation for type 'System.DayOfWeek' => 'System.DayOfWeek'. Arguments visited: True.
[ClassObfuscationRewriter] 2025-12-01T20:13:39.7692715Z Visiting object creation for type 'MicrosoftUpdateDTO' => 'O_2C0A69AB'. Arguments visited: True.
[ClassObfuscationRewriter] 2025-12-01T20:13:39.7732811Z Renaming identifier 'CommandDTOBase' to 'O_4AED570F'.
[ClassObfuscationRewriter] 2025-12-01T20:13:39.7742754Z Renaming identifier 'MicrosoftUpdateDTO' to 'O_2C0A69AB'.
[ClassObfuscationRewriter] 2025-12-01T20:13:39.7742754Z Visiting object creation for type 'System.DayOfWeek' => 'System.DayOfWeek'. Arguments visited: True.
[ClassObfuscationRewriter] 2025-12-01T20:13:39.7772768Z Renaming identifier 'Seatbelt' to 'O_F41F88FA'.
[ClassObfuscationRewriter] 2025-12-01T20:13:39.7772768Z Renaming identifier 'Seatbelt' to 'O_F41F88FA'.
[ClassObfuscationRewriter] 2025-12-01T20:13:39.7782729Z Renaming identifier 'Seatbelt' to 'O_F41F88FA'.
[ClassObfuscationRewriter] 2025-12-01T20:13:39.7782729Z Renaming identifier 'Seatbelt' to 'O_F41F88FA'.
[ClassObfuscationRewriter] 2025-12-01T20:13:39.7782729Z Renaming identifier 'CommandBase' to 'O_2183A68D'.
[ClassObfuscationRewriter] 2025-12-01T20:13:39.7782729Z Renaming identifier 'CommandDTOBase' to 'O_4AED570F'.
[ClassObfuscationRewriter] 2025-12-01T20:13:39.7792728Z Renaming identifier 'NtlmHashDTO' to 'O_C30E6D93'.
[ClassObfuscationRewriter] 2025-12-01T20:13:39.7792728Z Visiting object creation for type 'Exception' => 'Exception'. Arguments visited: True.
[ClassObfuscationRewriter] 2025-12-01T20:13:39.7792728Z Visiting object creation for type 'Exception' => 'Exception'. Arguments visited: True.
[ClassObfuscationRewriter] 2025-12-01T20:13:39.7792728Z Visiting object creation for type 'Exception' => 'Exception'. Arguments visited: True.
[ClassObfuscationRewriter] 2025-12-01T20:13:39.7802751Z Visiting object creation for type 'Exception' => 'Exception'. Arguments visited: True.
[ClassObfuscationRewriter] 2025-12-01T20:13:39.7802751Z Renaming identifier 'NtlmHashDTO' to 'O_C30E6D93'.
[ClassObfuscationRewriter] 2025-12-01T20:13:39.7802751Z Visiting object creation for type 'NtlmHashDTO' => 'O_C30E6D93'. Arguments visited: True.
[ClassObfuscationRewriter] 2025-12-01T20:13:39.7802751Z Visiting object creation for type 'NtlmHashDTO' => 'O_C30E6D93'. Arguments visited: True.
[ClassObfuscationRewriter] 2025-12-01T20:13:39.7812739Z Visiting object creation for type 'Exception' => 'Exception'. Arguments visited: True.
[ClassObfuscationRewriter] 2025-12-01T20:13:39.7812739Z Renaming identifier 'CommandDTOBase' to 'O_4AED570F'.
[ClassObfuscationRewriter] 2025-12-01T20:13:39.7812739Z Renaming identifier 'NtlmHashDTO' to 'O_C30E6D93'.
[ClassObfuscationRewriter] 2025-12-01T20:13:39.7822758Z Visiting object creation for type 'Exception' => 'Exception'. Arguments visited: True.
[ClassObfuscationRewriter] 2025-12-01T20:13:39.7822758Z Visiting object creation for type 'Exception' => 'Exception'. Arguments visited: True.
[ClassObfuscationRewriter] 2025-12-01T20:13:39.7822758Z Visiting object creation for type 'Exception' => 'Exception'. Arguments visited: True.
[ClassObfuscationRewriter] 2025-12-01T20:13:39.7822758Z Visiting object creation for type 'Exception' => 'Exception'. Arguments visited: True.
[ClassObfuscationRewriter] 2025-12-01T20:13:39.7832783Z Renaming identifier 'NtlmHashDTO' to 'O_C30E6D93'.
[ClassObfuscationRewriter] 2025-12-01T20:13:39.7832783Z Visiting object creation for type 'NtlmHashDTO' => 'O_C30E6D93'. Arguments visited: True.
[ClassObfuscationRewriter] 2025-12-01T20:13:39.7832783Z Visiting object creation for type 'NtlmHashDTO' => 'O_C30E6D93'. Arguments visited: True.
[ClassObfuscationRewriter] 2025-12-01T20:13:39.7832783Z Visiting object creation for type 'Exception' => 'Exception'. Arguments visited: True.
[ClassObfuscationRewriter] 2025-12-01T20:13:39.7918899Z Renaming identifier 'CommandDTOBase' to 'O_4AED570F'.
[ClassObfuscationRewriter] 2025-12-01T20:13:39.7940524Z Renaming identifier 'Seatbelt' to 'O_F41F88FA'.
[ClassObfuscationRewriter] 2025-12-01T20:13:39.7950518Z Renaming identifier 'Seatbelt' to 'O_F41F88FA'.
[ClassObfuscationRewriter] 2025-12-01T20:13:39.7960536Z Renaming identifier 'Seatbelt' to 'O_F41F88FA'.
[ClassObfuscationRewriter] 2025-12-01T20:13:39.7980493Z Renaming identifier 'Seatbelt' to 'O_F41F88FA'.
[ClassObfuscationRewriter] 2025-12-01T20:13:39.7990510Z Renaming identifier 'Seatbelt' to 'O_F41F88FA'.
[ClassObfuscationRewriter] 2025-12-01T20:13:39.7990510Z Renaming identifier 'CommandBase' to 'O_2183A68D'.
[ClassObfuscationRewriter] 2025-12-01T20:13:39.7990510Z Renaming identifier 'CommandDTOBase' to 'O_4AED570F'.
[ClassObfuscationRewriter] 2025-12-01T20:13:39.8003674Z Visiting object creation for type 'Regex' => 'Regex'. Arguments visited: True.
[ClassObfuscationRewriter] 2025-12-01T20:13:39.8003674Z Visiting object creation for type 'PowerShellHistoryDTO' => 'O_87DB36ED'. Arguments visited: True.
[ClassObfuscationRewriter] 2025-12-01T20:13:39.8003674Z Renaming identifier 'CommandDTOBase' to 'O_4AED570F'.
[ClassObfuscationRewriter] 2025-12-01T20:13:39.8017925Z Renaming identifier 'CommandDTOBase' to 'O_4AED570F'.
[ClassObfuscationRewriter] 2025-12-01T20:13:39.8017925Z Visiting object creation for type 'Regex' => 'Regex'. Arguments visited: True.
[ClassObfuscationRewriter] 2025-12-01T20:13:39.8028029Z Visiting object creation for type 'PowerShellHistoryDTO' => 'O_87DB36ED'. Arguments visited: True.
[ClassObfuscationRewriter] 2025-12-01T20:13:39.8108012Z Renaming identifier 'Seatbelt' to 'O_F41F88FA'.
[ClassObfuscationRewriter] 2025-12-01T20:13:39.8118508Z Renaming identifier 'Seatbelt' to 'O_F41F88FA'.
[ClassObfuscationRewriter] 2025-12-01T20:13:39.8118508Z Renaming identifier 'Seatbelt' to 'O_F41F88FA'.
[ClassObfuscationRewriter] 2025-12-01T20:13:39.8118508Z Renaming identifier 'Seatbelt' to 'O_F41F88FA'.
[ClassObfuscationRewriter] 2025-12-01T20:13:39.8118508Z Renaming identifier 'Wtsapi32' to 'O_17620FAB'.
[ClassObfuscationRewriter] 2025-12-01T20:13:39.8118508Z Renaming qualified name 'Seatbelt.Interop.Wtsapi32' to 'O_F41F88FA.Interop.O_17620FAB'.
[ClassObfuscationRewriter] 2025-12-01T20:13:39.8118508Z Renaming identifier 'Seatbelt' to 'O_F41F88FA'.
[ClassObfuscationRewriter] 2025-12-01T20:13:39.8118508Z Renaming identifier 'CommandBase' to 'O_2183A68D'.
[ClassObfuscationRewriter] 2025-12-01T20:13:39.8131798Z Renaming identifier 'CommandDTOBase' to 'O_4AED570F'.
[ClassObfuscationRewriter] 2025-12-01T20:13:39.8143210Z Visiting object creation for type 'Win32Exception' => 'Win32Exception'. Arguments visited: True.
[ClassObfuscationRewriter] 2025-12-01T20:13:39.8143210Z Visiting object creation for type 'Version' => 'Version'. Arguments visited: True.
[ClassObfuscationRewriter] 2025-12-01T20:13:39.8143210Z Visiting object creation for type 'RDPSessionsDTO' => 'O_978EAB6D'. Arguments visited: True.
[ClassObfuscationRewriter] 2025-12-01T20:13:39.8143210Z Renaming identifier 'CommandDTOBase' to 'O_4AED570F'.
[ClassObfuscationRewriter] 2025-12-01T20:13:39.8157896Z Visiting object creation for type 'System.TimeSpan' => 'System.TimeSpan'. Arguments visited: True.
[ClassObfuscationRewriter] 2025-12-01T20:13:39.8157896Z Visiting object creation for type 'System.Threading.CancellationToken' => 'System.Threading.CancellationToken'. Arguments visited: True.
[ClassObfuscationRewriter] 2025-12-01T20:13:39.8157896Z Visiting object creation for type 'Win32Exception' => 'Win32Exception'. Arguments visited: True.
[ClassObfuscationRewriter] 2025-12-01T20:13:39.8157896Z Visiting object creation for type 'Version' => 'Version'. Arguments visited: True.
[ClassObfuscationRewriter] 2025-12-01T20:13:39.8167996Z Visiting object creation for type 'RDPSessionsDTO' => 'O_978EAB6D'. Arguments visited: True.
[ClassObfuscationRewriter] 2025-12-01T20:13:39.8288128Z Renaming identifier 'CommandDTOBase' to 'O_4AED570F'.
[ClassObfuscationRewriter] 2025-12-01T20:13:39.8298175Z Renaming identifier 'RDPSessionsDTO' to 'O_978EAB6D'.
[ClassObfuscationRewriter] 2025-12-01T20:13:39.8308114Z Visiting object creation for type 'System.TimeSpan' => 'System.TimeSpan'. Arguments visited: True.
[ClassObfuscationRewriter] 2025-12-01T20:13:39.8308114Z Visiting object creation for type 'System.Threading.CancellationToken' => 'System.Threading.CancellationToken'. Arguments visited: True.
[ClassObfuscationRewriter] 2025-12-01T20:13:39.8388202Z Renaming identifier 'Seatbelt' to 'O_F41F88FA'.
[ClassObfuscationRewriter] 2025-12-01T20:13:39.8388202Z Visiting object creation for type 'IntPtr' => 'IntPtr'. Arguments visited: True.
[ClassObfuscationRewriter] 2025-12-01T20:13:39.8418130Z Renaming identifier 'Seatbelt' to 'O_F41F88FA'.
[ClassObfuscationRewriter] 2025-12-01T20:13:39.8418130Z Renaming identifier 'Seatbelt' to 'O_F41F88FA'.
[ClassObfuscationRewriter] 2025-12-01T20:13:39.8418130Z Visiting object creation for type 'MemoryStream' => 'MemoryStream'. Arguments visited: True.
[ClassObfuscationRewriter] 2025-12-01T20:13:39.8418130Z Visiting object creation for type 'StreamWriter' => 'StreamWriter'. Arguments visited: True.
[ClassObfuscationRewriter] 2025-12-01T20:13:39.8430548Z Renaming identifier 'HostDTO' to 'O_75A28A1C'.
[ClassObfuscationRewriter] 2025-12-01T20:13:39.8430548Z Renaming identifier 'ErrorDTO' to 'O_DDA13DE3'.
[ClassObfuscationRewriter] 2025-12-01T20:13:39.8440543Z Visiting object creation for type 'ErrorDTO' => 'O_DDA13DE3'. Arguments visited: True.
[ClassObfuscationRewriter] 2025-12-01T20:13:39.8440543Z Visiting object creation for type 'VerboseDTO' => 'O_77AFBCF7'. Arguments visited: True.
[ClassObfuscationRewriter] 2025-12-01T20:13:39.8440543Z Visiting object creation for type 'WarningDTO' => 'O_56497D89'. Arguments visited: True.
[ClassObfuscationRewriter] 2025-12-01T20:13:39.8450537Z Visiting object creation for type 'ErrorDTO' => 'O_DDA13DE3'. Arguments visited: True.
[ClassObfuscationRewriter] 2025-12-01T20:13:39.8450537Z Visiting object creation for type 'HostDTO' => 'O_75A28A1C'. Arguments visited: True.
[ClassObfuscationRewriter] 2025-12-01T20:13:39.8450537Z Renaming identifier 'HostDTO' to 'O_75A28A1C'.
[ClassObfuscationRewriter] 2025-12-01T20:13:39.8450537Z Renaming identifier 'ErrorDTO' to 'O_DDA13DE3'.
[ClassObfuscationRewriter] 2025-12-01T20:13:39.8460549Z Visiting object creation for type 'ErrorDTO' => 'O_DDA13DE3'. Arguments visited: True.
[ClassObfuscationRewriter] 2025-12-01T20:13:39.8490557Z Renaming identifier 'Seatbelt' to 'O_F41F88FA'.
[ClassObfuscationRewriter] 2025-12-01T20:13:39.8490557Z Renaming identifier 'SeatbeltOptions' to 'O_F2A11310'.
[ClassObfuscationRewriter] 2025-12-01T20:13:39.8490557Z Visiting object creation for type 'List<string>' => 'List<string>'. Arguments visited: True.
[ClassObfuscationRewriter] 2025-12-01T20:13:39.8500518Z Updated generic object creation type arguments: <string> for 'List<string>'.
[ClassObfuscationRewriter] 2025-12-01T20:13:39.8500518Z Visiting object creation for type 'SeatbeltOptions' => 'O_F2A11310'. Arguments visited: True.
[ClassObfuscationRewriter] 2025-12-01T20:13:39.8500518Z Visiting object creation for type 'Exception' => 'Exception'. Arguments visited: True.
[ClassObfuscationRewriter] 2025-12-01T20:13:39.8500518Z Renaming identifier 'SeatbeltOptions' to 'O_F2A11310'.
[ClassObfuscationRewriter] 2025-12-01T20:13:39.8510535Z Visiting object creation for type 'List<string>' => 'List<string>'. Arguments visited: True.
[ClassObfuscationRewriter] 2025-12-01T20:13:39.8510535Z Updated generic object creation type arguments: <string> for 'List<string>'.
[ClassObfuscationRewriter] 2025-12-01T20:13:39.8510535Z Visiting object creation for type 'SeatbeltOptions' => 'O_F2A11310'. Arguments visited: True.
[ClassObfuscationRewriter] 2025-12-01T20:13:39.8510535Z Visiting object creation for type 'Exception' => 'Exception'. Arguments visited: True.
[ClassObfuscationRewriter] 2025-12-01T20:13:39.8574240Z Renaming identifier 'Seatbelt' to 'O_F41F88FA'.
[ClassObfuscationRewriter] 2025-12-01T20:13:39.8574240Z Renaming identifier 'Seatbelt' to 'O_F41F88FA'.
[ClassObfuscationRewriter] 2025-12-01T20:13:39.8574240Z Renaming identifier 'Seatbelt' to 'O_F41F88FA'.
[ClassObfuscationRewriter] 2025-12-01T20:13:39.8574240Z Renaming identifier 'CommandBase' to 'O_2183A68D'.
[ClassObfuscationRewriter] 2025-12-01T20:13:39.8589272Z Renaming identifier 'CommandDTOBase' to 'O_4AED570F'.
[ClassObfuscationRewriter] 2025-12-01T20:13:39.8589272Z Visiting object creation for type 'ChromiumBookmarksDTO' => 'O_9EBCBFCE'. Arguments visited: True.
[ClassObfuscationRewriter] 2025-12-01T20:13:39.8599385Z Renaming identifier 'CommandDTOBase' to 'O_4AED570F'.
[ClassObfuscationRewriter] 2025-12-01T20:13:39.8599385Z Renaming identifier 'Bookmark' to 'O_1BAC4007'.
[ClassObfuscationRewriter] 2025-12-01T20:13:39.8599385Z Visited generic 'List' with updated type arguments: <O_1BAC4007>.
[ClassObfuscationRewriter] 2025-12-01T20:13:39.8609386Z Renaming identifier 'ChromiumBookmarksDTO' to 'O_9EBCBFCE'.
[ClassObfuscationRewriter] 2025-12-01T20:13:39.8609386Z Visiting object creation for type 'System.DateTime' => 'System.DateTime'. Arguments visited: True.
[ClassObfuscationRewriter] 2025-12-01T20:13:39.8619383Z Renaming identifier 'CommandDTOBase' to 'O_4AED570F'.
[ClassObfuscationRewriter] 2025-12-01T20:13:39.8629387Z Visiting object creation for type 'System.DateTime' => 'System.DateTime'. Arguments visited: True.
[ClassObfuscationRewriter] 2025-12-01T20:13:39.8629387Z Visiting object creation for type 'ChromiumBookmarksDTO' => 'O_9EBCBFCE'. Arguments visited: True.
[ClassObfuscationRewriter] 2025-12-01T20:13:39.8713310Z Renaming identifier 'Seatbelt' to 'O_F41F88FA'.
[ClassObfuscationRewriter] 2025-12-01T20:13:39.8713310Z Renaming identifier 'Seatbelt' to 'O_F41F88FA'.
[ClassObfuscationRewriter] 2025-12-01T20:13:39.8713310Z Renaming identifier 'Seatbelt' to 'O_F41F88FA'.
[ClassObfuscationRewriter] 2025-12-01T20:13:39.8723312Z Renaming identifier 'CommandBase' to 'O_2183A68D'.
[ClassObfuscationRewriter] 2025-12-01T20:13:39.8723312Z Renaming identifier 'CommandDTOBase' to 'O_4AED570F'.
[ClassObfuscationRewriter] 2025-12-01T20:13:39.8723312Z Visiting object creation for type 'ChromiumHistoryDTO' => 'O_8E41BA5B'. Arguments visited: True.
[ClassObfuscationRewriter] 2025-12-01T20:13:39.8733371Z Renaming identifier 'CommandDTOBase' to 'O_4AED570F'.
[ClassObfuscationRewriter] 2025-12-01T20:13:39.8733371Z Renaming identifier 'ChromiumHistoryDTO' to 'O_8E41BA5B'.
[ClassObfuscationRewriter] 2025-12-01T20:13:39.8743337Z Renaming identifier 'CommandDTOBase' to 'O_4AED570F'.
[ClassObfuscationRewriter] 2025-12-01T20:13:39.8743337Z Visiting object creation for type 'ChromiumHistoryDTO' => 'O_8E41BA5B'. Arguments visited: True.
[ClassObfuscationRewriter] 2025-12-01T20:13:39.8803317Z Renaming identifier 'Seatbelt' to 'O_F41F88FA'.
[ClassObfuscationRewriter] 2025-12-01T20:13:39.8803317Z Renaming identifier 'Seatbelt' to 'O_F41F88FA'.
[ClassObfuscationRewriter] 2025-12-01T20:13:39.8803317Z Renaming identifier 'Seatbelt' to 'O_F41F88FA'.
[ClassObfuscationRewriter] 2025-12-01T20:13:39.8813331Z Renaming identifier 'CommandBase' to 'O_2183A68D'.
[ClassObfuscationRewriter] 2025-12-01T20:13:39.8813331Z Renaming identifier 'CommandDTOBase' to 'O_4AED570F'.
[ClassObfuscationRewriter] 2025-12-01T20:13:39.8823328Z Visiting object creation for type 'FirefoxHistoryDTO' => 'O_83C336E7'. Arguments visited: True.
[ClassObfuscationRewriter] 2025-12-01T20:13:39.8823328Z Renaming identifier 'CommandDTOBase' to 'O_4AED570F'.
[ClassObfuscationRewriter] 2025-12-01T20:13:39.8823328Z Renaming identifier 'FirefoxHistoryDTO' to 'O_83C336E7'.
[ClassObfuscationRewriter] 2025-12-01T20:13:39.8843326Z Renaming identifier 'CommandDTOBase' to 'O_4AED570F'.
[ClassObfuscationRewriter] 2025-12-01T20:13:39.8843326Z Visiting object creation for type 'FirefoxHistoryDTO' => 'O_83C336E7'. Arguments visited: True.
[ClassObfuscationRewriter] 2025-12-01T20:13:39.8973317Z Renaming identifier 'Seatbelt' to 'O_F41F88FA'.
[ClassObfuscationRewriter] 2025-12-01T20:13:39.8983311Z Renaming identifier 'Seatbelt' to 'O_F41F88FA'.
[ClassObfuscationRewriter] 2025-12-01T20:13:39.8983311Z Renaming identifier 'Seatbelt' to 'O_F41F88FA'.
[ClassObfuscationRewriter] 2025-12-01T20:13:39.8983311Z Renaming identifier 'CommandBase' to 'O_2183A68D'.
[ClassObfuscationRewriter] 2025-12-01T20:13:39.8983311Z Renaming identifier 'CommandDTOBase' to 'O_4AED570F'.
[ClassObfuscationRewriter] 2025-12-01T20:13:39.8993326Z Visiting object creation for type 'InternetExplorerFavoritesDTO' => 'O_B39D6AD4'. Arguments visited: True.
[ClassObfuscationRewriter] 2025-12-01T20:13:39.8993326Z Renaming identifier 'CommandDTOBase' to 'O_4AED570F'.
[ClassObfuscationRewriter] 2025-12-01T20:13:39.8993326Z Renaming identifier 'InternetExplorerFavoritesDTO' to 'O_B39D6AD4'.
[ClassObfuscationRewriter] 2025-12-01T20:13:39.9003314Z Visiting object creation for type 'System.IO.SeekOrigin' => 'System.IO.SeekOrigin'. Arguments visited: True.
[ClassObfuscationRewriter] 2025-12-01T20:13:39.9013311Z Renaming identifier 'CommandDTOBase' to 'O_4AED570F'.
[ClassObfuscationRewriter] 2025-12-01T20:13:39.9013311Z Visiting object creation for type 'System.IO.SeekOrigin' => 'System.IO.SeekOrigin'. Arguments visited: True.
[ClassObfuscationRewriter] 2025-12-01T20:13:39.9013311Z Visiting object creation for type 'InternetExplorerFavoritesDTO' => 'O_B39D6AD4'. Arguments visited: True.
[ClassObfuscationRewriter] 2025-12-01T20:13:39.9063296Z Renaming identifier 'Seatbelt' to 'O_F41F88FA'.
[ClassObfuscationRewriter] 2025-12-01T20:13:39.9073315Z Renaming identifier 'Seatbelt' to 'O_F41F88FA'.
[ClassObfuscationRewriter] 2025-12-01T20:13:39.9073315Z Renaming identifier 'Seatbelt' to 'O_F41F88FA'.
[ClassObfuscationRewriter] 2025-12-01T20:13:39.9073315Z Renaming identifier 'CommandBase' to 'O_2183A68D'.
[ClassObfuscationRewriter] 2025-12-01T20:13:39.9083301Z Renaming identifier 'CommandDTOBase' to 'O_4AED570F'.
[ClassObfuscationRewriter] 2025-12-01T20:13:39.9083301Z Visiting object creation for type 'ArgumentException' => 'ArgumentException'. Arguments visited: True.
[ClassObfuscationRewriter] 2025-12-01T20:13:39.9083301Z Visiting object creation for type 'TypedUrl' => 'O_39FC6857'. Arguments visited: True.
[ClassObfuscationRewriter] 2025-12-01T20:13:39.9083301Z Visiting object creation for type 'InternetExplorerTypedURLsDTO' => 'O_BC3E399D'. Arguments visited: True.
[ClassObfuscationRewriter] 2025-12-01T20:13:39.9083301Z Renaming identifier 'CommandDTOBase' to 'O_4AED570F'.
[ClassObfuscationRewriter] 2025-12-01T20:13:39.9093295Z Renaming identifier 'TypedUrl' to 'O_39FC6857'.
[ClassObfuscationRewriter] 2025-12-01T20:13:39.9093295Z Visited generic 'List' with updated type arguments: <O_39FC6857>.
[ClassObfuscationRewriter] 2025-12-01T20:13:39.9093295Z Renaming identifier 'InternetExplorerTypedURLsDTO' to 'O_BC3E399D'.
[ClassObfuscationRewriter] 2025-12-01T20:13:39.9103315Z Renaming identifier 'CommandDTOBase' to 'O_4AED570F'.
[ClassObfuscationRewriter] 2025-12-01T20:13:39.9103315Z Visiting object creation for type 'ArgumentException' => 'ArgumentException'. Arguments visited: True.
[ClassObfuscationRewriter] 2025-12-01T20:13:39.9113312Z Visiting object creation for type 'TypedUrl' => 'O_39FC6857'. Arguments visited: True.
[ClassObfuscationRewriter] 2025-12-01T20:13:39.9113312Z Visiting object creation for type 'InternetExplorerTypedURLsDTO' => 'O_BC3E399D'. Arguments visited: True.
[ClassObfuscationRewriter] 2025-12-01T20:13:39.9153338Z Renaming identifier 'Seatbelt' to 'O_F41F88FA'.
[ClassObfuscationRewriter] 2025-12-01T20:13:39.9153338Z Renaming identifier 'Seatbelt' to 'O_F41F88FA'.
[ClassObfuscationRewriter] 2025-12-01T20:13:39.9153338Z Renaming identifier 'Seatbelt' to 'O_F41F88FA'.
[ClassObfuscationRewriter] 2025-12-01T20:13:39.9153338Z Renaming identifier 'CommandDTOBase' to 'O_4AED570F'.
[ClassObfuscationRewriter] 2025-12-01T20:13:39.9163369Z Renaming identifier 'HostDTO' to 'O_75A28A1C'.
[ClassObfuscationRewriter] 2025-12-01T20:13:39.9173314Z Renaming identifier 'Seatbelt' to 'O_F41F88FA'.
[ClassObfuscationRewriter] 2025-12-01T20:13:39.9173314Z Renaming identifier 'Seatbelt' to 'O_F41F88FA'.
[ClassObfuscationRewriter] 2025-12-01T20:13:39.9173314Z Renaming identifier 'Seatbelt' to 'O_F41F88FA'.
[ClassObfuscationRewriter] 2025-12-01T20:13:39.9173314Z Renaming identifier 'CommandDTOBase' to 'O_4AED570F'.
[ClassObfuscationRewriter] 2025-12-01T20:13:39.9183313Z Renaming identifier 'ErrorDTO' to 'O_DDA13DE3'.
[ClassObfuscationRewriter] 2025-12-01T20:13:39.9193317Z Renaming identifier 'Seatbelt' to 'O_F41F88FA'.
[ClassObfuscationRewriter] 2025-12-01T20:13:39.9193317Z Renaming identifier 'CommandDTOBase' to 'O_4AED570F'.
[ClassObfuscationRewriter] 2025-12-01T20:13:39.9203721Z Visiting object creation for type 'Exception' => 'Exception'. Arguments visited: True.
[ClassObfuscationRewriter] 2025-12-01T20:13:39.9213812Z Renaming identifier 'Seatbelt' to 'O_F41F88FA'.
[ClassObfuscationRewriter] 2025-12-01T20:13:39.9213812Z Renaming identifier 'Seatbelt' to 'O_F41F88FA'.
[ClassObfuscationRewriter] 2025-12-01T20:13:39.9213812Z Renaming identifier 'Seatbelt' to 'O_F41F88FA'.
[ClassObfuscationRewriter] 2025-12-01T20:13:39.9223810Z Renaming identifier 'CommandBase' to 'O_2183A68D'.
[ClassObfuscationRewriter] 2025-12-01T20:13:39.9223810Z Renaming identifier 'WindowsSearchIndexDTO' to 'O_A25BC503'.
[ClassObfuscationRewriter] 2025-12-01T20:13:39.9223810Z Visited generic 'IEnumerable' with updated type arguments: <O_A25BC503>.
[ClassObfuscationRewriter] 2025-12-01T20:13:39.9223810Z Visiting object creation for type 'WindowsSearchIndexDTO' => 'O_A25BC503'. Arguments visited: True.
[ClassObfuscationRewriter] 2025-12-01T20:13:39.9233822Z Renaming identifier 'CommandDTOBase' to 'O_4AED570F'.
[ClassObfuscationRewriter] 2025-12-01T20:13:39.9233822Z Renaming identifier 'CommandDTOBase' to 'O_4AED570F'.
[ClassObfuscationRewriter] 2025-12-01T20:13:39.9253811Z Renaming identifier 'CommandDTOBase' to 'O_4AED570F'.
[ClassObfuscationRewriter] 2025-12-01T20:13:39.9263891Z Renaming identifier 'WindowsSearchIndexDTO' to 'O_A25BC503'.
[ClassObfuscationRewriter] 2025-12-01T20:13:39.9303978Z Renaming identifier 'Seatbelt' to 'O_F41F88FA'.
[ClassObfuscationRewriter] 2025-12-01T20:13:39.9303978Z Renaming identifier 'CommandBase' to 'O_2183A68D'.
[ClassObfuscationRewriter] 2025-12-01T20:13:39.9303978Z Renaming identifier 'CommandDTOBase' to 'O_4AED570F'.
[ClassObfuscationRewriter] 2025-12-01T20:13:39.9314006Z Visiting object creation for type 'InstalledProductsDTO' => 'O_D9C8973D'. Arguments visited: True.
[ClassObfuscationRewriter] 2025-12-01T20:13:39.9314006Z Renaming identifier 'CommandDTOBase' to 'O_4AED570F'.
[ClassObfuscationRewriter] 2025-12-01T20:13:39.9314006Z Renaming identifier 'CommandDTOBase' to 'O_4AED570F'.
[ClassObfuscationRewriter] 2025-12-01T20:13:39.9323988Z Visiting object creation for type 'InstalledProductsDTO' => 'O_D9C8973D'. Arguments visited: True.
[ClassObfuscationRewriter] 2025-12-01T20:13:39.9374024Z Renaming identifier 'Seatbelt' to 'O_F41F88FA'.
[ClassObfuscationRewriter] 2025-12-01T20:13:39.9383983Z Renaming identifier 'Seatbelt' to 'O_F41F88FA'.
[ClassObfuscationRewriter] 2025-12-01T20:13:39.9383983Z Renaming identifier 'Seatbelt' to 'O_F41F88FA'.
[ClassObfuscationRewriter] 2025-12-01T20:13:39.9383983Z Renaming identifier 'Seatbelt' to 'O_F41F88FA'.
[ClassObfuscationRewriter] 2025-12-01T20:13:39.9383983Z Renaming identifier 'Seatbelt' to 'O_F41F88FA'.
[ClassObfuscationRewriter] 2025-12-01T20:13:39.9383983Z Renaming identifier 'CommandBase' to 'O_2183A68D'.
[ClassObfuscationRewriter] 2025-12-01T20:13:39.9393987Z Renaming identifier 'CommandDTOBase' to 'O_4AED570F'.
[ClassObfuscationRewriter] 2025-12-01T20:13:39.9393987Z Renaming identifier 'CommandDTOBase' to 'O_4AED570F'.
[ClassObfuscationRewriter] 2025-12-01T20:13:39.9393987Z Visited generic 'IEnumerable' with updated type arguments: <O_4AED570F>.
[ClassObfuscationRewriter] 2025-12-01T20:13:39.9403953Z Renaming identifier 'OfficeRecentFilesDTO' to 'O_82A76845'.
[ClassObfuscationRewriter] 2025-12-01T20:13:39.9403953Z Renaming identifier 'CommandDTOBase' to 'O_4AED570F'.
[ClassObfuscationRewriter] 2025-12-01T20:13:39.9403953Z Visited generic 'IEnumerable' with updated type arguments: <O_4AED570F>.
[ClassObfuscationRewriter] 2025-12-01T20:13:39.9403953Z Renaming identifier 'CommandDTOBase' to 'O_4AED570F'.
[ClassObfuscationRewriter] 2025-12-01T20:13:39.9403953Z Visited generic 'IEnumerable' with updated type arguments: <O_4AED570F>.
[ClassObfuscationRewriter] 2025-12-01T20:13:39.9403953Z Renaming identifier 'OfficeRecentFilesDTO' to 'O_82A76845'.
[ClassObfuscationRewriter] 2025-12-01T20:13:39.9403953Z Visiting object creation for type 'OfficeRecentFilesDTO' => 'O_82A76845'. Arguments visited: True.
[ClassObfuscationRewriter] 2025-12-01T20:13:39.9403953Z Renaming identifier 'CommandDTOBase' to 'O_4AED570F'.
[ClassObfuscationRewriter] 2025-12-01T20:13:39.9419029Z Renaming identifier 'OfficeRecentFilesDTO' to 'O_82A76845'.
[ClassObfuscationRewriter] 2025-12-01T20:13:39.9429187Z Renaming identifier 'CommandDTOBase' to 'O_4AED570F'.
[ClassObfuscationRewriter] 2025-12-01T20:13:39.9429187Z Renaming identifier 'CommandDTOBase' to 'O_4AED570F'.
[ClassObfuscationRewriter] 2025-12-01T20:13:39.9439183Z Visited generic 'IEnumerable' with updated type arguments: <O_4AED570F>.
[ClassObfuscationRewriter] 2025-12-01T20:13:39.9439183Z Renaming identifier 'OfficeRecentFilesDTO' to 'O_82A76845'.
[ClassObfuscationRewriter] 2025-12-01T20:13:39.9439183Z Renaming identifier 'CommandDTOBase' to 'O_4AED570F'.
[ClassObfuscationRewriter] 2025-12-01T20:13:39.9439183Z Visited generic 'IEnumerable' with updated type arguments: <O_4AED570F>.
[ClassObfuscationRewriter] 2025-12-01T20:13:39.9449153Z Renaming identifier 'CommandDTOBase' to 'O_4AED570F'.
[ClassObfuscationRewriter] 2025-12-01T20:13:39.9459122Z Visited generic 'IEnumerable' with updated type arguments: <O_4AED570F>.
[ClassObfuscationRewriter] 2025-12-01T20:13:39.9459122Z Renaming identifier 'OfficeRecentFilesDTO' to 'O_82A76845'.
[ClassObfuscationRewriter] 2025-12-01T20:13:39.9469173Z Visiting object creation for type 'OfficeRecentFilesDTO' => 'O_82A76845'. Arguments visited: True.
[ClassObfuscationRewriter] 2025-12-01T20:13:39.9609753Z Renaming identifier 'Seatbelt' to 'O_F41F88FA'.
[ClassObfuscationRewriter] 2025-12-01T20:13:39.9609753Z Renaming identifier 'Seatbelt' to 'O_F41F88FA'.
[ClassObfuscationRewriter] 2025-12-01T20:13:39.9619834Z Renaming identifier 'Seatbelt' to 'O_F41F88FA'.
[ClassObfuscationRewriter] 2025-12-01T20:13:39.9619834Z Renaming identifier 'CommandBase' to 'O_2183A68D'.
[ClassObfuscationRewriter] 2025-12-01T20:13:39.9619834Z Renaming identifier 'CommandDTOBase' to 'O_4AED570F'.
[ClassObfuscationRewriter] 2025-12-01T20:13:39.9632370Z Visiting object creation for type 'OutlookDownloadsDTO' => 'O_CA34B509'. Arguments visited: True.
[ClassObfuscationRewriter] 2025-12-01T20:13:39.9632370Z Renaming identifier 'CommandDTOBase' to 'O_4AED570F'.
[ClassObfuscationRewriter] 2025-12-01T20:13:39.9632370Z Renaming identifier 'OutlookDownload' to 'O_E018A322'.
[ClassObfuscationRewriter] 2025-12-01T20:13:39.9642458Z Visited generic 'List' with updated type arguments: <O_E018A322>.
[ClassObfuscationRewriter] 2025-12-01T20:13:39.9642458Z Renaming identifier 'OutlookDownloadsDTO' to 'O_CA34B509'.
[ClassObfuscationRewriter] 2025-12-01T20:13:39.9642458Z Visiting object creation for type 'System.DateTime' => 'System.DateTime'. Arguments visited: True.
[ClassObfuscationRewriter] 2025-12-01T20:13:39.9662456Z Renaming identifier 'CommandDTOBase' to 'O_4AED570F'.
[ClassObfuscationRewriter] 2025-12-01T20:13:39.9662456Z Visiting object creation for type 'System.DateTime' => 'System.DateTime'. Arguments visited: True.
[ClassObfuscationRewriter] 2025-12-01T20:13:39.9662456Z Visiting object creation for type 'OutlookDownloadsDTO' => 'O_CA34B509'. Arguments visited: True.
[ClassObfuscationRewriter] 2025-12-01T20:13:39.9932442Z Renaming identifier 'Seatbelt' to 'O_F41F88FA'.
[ClassObfuscationRewriter] 2025-12-01T20:13:39.9942445Z Renaming identifier 'Seatbelt' to 'O_F41F88FA'.
[ClassObfuscationRewriter] 2025-12-01T20:13:39.9942445Z Renaming identifier 'Seatbelt' to 'O_F41F88FA'.
[ClassObfuscationRewriter] 2025-12-01T20:13:39.9942445Z Renaming identifier 'CommandBase' to 'O_2183A68D'.
[ClassObfuscationRewriter] 2025-12-01T20:13:39.9942445Z Renaming identifier 'CommandDTOBase' to 'O_4AED570F'.
[ClassObfuscationRewriter] 2025-12-01T20:13:39.9952463Z Visiting object creation for type 'PuttyHostKeysDTO' => 'O_FBA13A79'. Arguments visited: True.
[ClassObfuscationRewriter] 2025-12-01T20:13:39.9952463Z Renaming identifier 'CommandDTOBase' to 'O_4AED570F'.
[ClassObfuscationRewriter] 2025-12-01T20:13:39.9952463Z Renaming identifier 'PuttyHostKeysDTO' to 'O_FBA13A79'.
[ClassObfuscationRewriter] 2025-12-01T20:13:39.9962510Z Renaming identifier 'CommandDTOBase' to 'O_4AED570F'.
[ClassObfuscationRewriter] 2025-12-01T20:13:39.9972519Z Visiting object creation for type 'PuttyHostKeysDTO' => 'O_FBA13A79'. Arguments visited: True.
[ClassObfuscationRewriter] 2025-12-01T20:13:40.0002474Z Renaming identifier 'Seatbelt' to 'O_F41F88FA'.
[ClassObfuscationRewriter] 2025-12-01T20:13:40.0002474Z Renaming identifier 'Seatbelt' to 'O_F41F88FA'.
[ClassObfuscationRewriter] 2025-12-01T20:13:40.0012471Z Renaming identifier 'Seatbelt' to 'O_F41F88FA'.
[ClassObfuscationRewriter] 2025-12-01T20:13:40.0012471Z Renaming identifier 'CommandBase' to 'O_2183A68D'.
[ClassObfuscationRewriter] 2025-12-01T20:13:40.0012471Z Renaming identifier 'CommandDTOBase' to 'O_4AED570F'.
[ClassObfuscationRewriter] 2025-12-01T20:13:40.0012471Z Visiting object creation for type 'PuttySessionsDTO' => 'O_3C8B5AC7'. Arguments visited: True.
[ClassObfuscationRewriter] 2025-12-01T20:13:40.0022453Z Renaming identifier 'CommandDTOBase' to 'O_4AED570F'.
[ClassObfuscationRewriter] 2025-12-01T20:13:40.0022453Z Renaming identifier 'PuttySessionsDTO' to 'O_3C8B5AC7'.
[ClassObfuscationRewriter] 2025-12-01T20:13:40.0022453Z Visiting object creation for type 'System.TimeSpan' => 'System.TimeSpan'. Arguments visited: True.
[ClassObfuscationRewriter] 2025-12-01T20:13:40.0052462Z Renaming identifier 'CommandDTOBase' to 'O_4AED570F'.
[ClassObfuscationRewriter] 2025-12-01T20:13:40.0063202Z Visiting object creation for type 'System.TimeSpan' => 'System.TimeSpan'. Arguments visited: True.
[ClassObfuscationRewriter] 2025-12-01T20:13:40.0063202Z Visiting object creation for type 'PuttySessionsDTO' => 'O_3C8B5AC7'. Arguments visited: True.
[ClassObfuscationRewriter] 2025-12-01T20:13:40.0143313Z Renaming identifier 'Seatbelt' to 'O_F41F88FA'.
[ClassObfuscationRewriter] 2025-12-01T20:13:40.0143313Z Renaming identifier 'Seatbelt' to 'O_F41F88FA'.
[ClassObfuscationRewriter] 2025-12-01T20:13:40.0143313Z Renaming identifier 'Seatbelt' to 'O_F41F88FA'.
[ClassObfuscationRewriter] 2025-12-01T20:13:40.0143313Z Renaming identifier 'Seatbelt' to 'O_F41F88FA'.
[ClassObfuscationRewriter] 2025-12-01T20:13:40.0153288Z Renaming identifier 'CommandBase' to 'O_2183A68D'.
[ClassObfuscationRewriter] 2025-12-01T20:13:40.0153288Z Renaming identifier 'CommandDTOBase' to 'O_4AED570F'.
[ClassObfuscationRewriter] 2025-12-01T20:13:40.0153288Z Visiting object creation for type 'SlackDownloadsDTO' => 'O_F5497623'. Arguments visited: True.
[ClassObfuscationRewriter] 2025-12-01T20:13:40.0165500Z Renaming identifier 'CommandDTOBase' to 'O_4AED570F'.
[ClassObfuscationRewriter] 2025-12-01T20:13:40.0165500Z Renaming identifier 'Download' to 'O_D6EAFE82'.
[ClassObfuscationRewriter] 2025-12-01T20:13:40.0165500Z Visited generic 'List' with updated type arguments: <O_D6EAFE82>.
[ClassObfuscationRewriter] 2025-12-01T20:13:40.0165500Z Renaming identifier 'SlackDownloadsDTO' to 'O_F5497623'.
[ClassObfuscationRewriter] 2025-12-01T20:13:40.0175577Z Renaming identifier 'CommandDTOBase' to 'O_4AED570F'.
[ClassObfuscationRewriter] 2025-12-01T20:13:40.0175577Z Visiting object creation for type 'System.TimeSpan' => 'System.TimeSpan'. Arguments visited: True.
[ClassObfuscationRewriter] 2025-12-01T20:13:40.0190266Z Visiting object creation for type 'SlackDownloadsDTO' => 'O_F5497623'. Arguments visited: True.
[ClassObfuscationRewriter] 2025-12-01T20:13:40.0260384Z Renaming identifier 'Seatbelt' to 'O_F41F88FA'.
[ClassObfuscationRewriter] 2025-12-01T20:13:40.0260384Z Renaming identifier 'Seatbelt' to 'O_F41F88FA'.
[ClassObfuscationRewriter] 2025-12-01T20:13:40.0260384Z Renaming identifier 'Seatbelt' to 'O_F41F88FA'.
[ClassObfuscationRewriter] 2025-12-01T20:13:40.0260384Z Renaming identifier 'CommandBase' to 'O_2183A68D'.
[ClassObfuscationRewriter] 2025-12-01T20:13:40.0272335Z Renaming identifier 'CommandDTOBase' to 'O_4AED570F'.
[ClassObfuscationRewriter] 2025-12-01T20:13:40.0272335Z Visiting object creation for type 'SlackPresenceDTO' => 'O_80011568'. Arguments visited: True.
[ClassObfuscationRewriter] 2025-12-01T20:13:40.0272335Z Renaming identifier 'CommandDTOBase' to 'O_4AED570F'.
[ClassObfuscationRewriter] 2025-12-01T20:13:40.0272335Z Renaming identifier 'SlackPresenceDTO' to 'O_80011568'.
[ClassObfuscationRewriter] 2025-12-01T20:13:40.0285325Z Visiting object creation for type 'System.DateTime' => 'System.DateTime'. Arguments visited: True.
[ClassObfuscationRewriter] 2025-12-01T20:13:40.0305406Z Renaming identifier 'CommandDTOBase' to 'O_4AED570F'.
[ClassObfuscationRewriter] 2025-12-01T20:13:40.0305406Z Visiting object creation for type 'System.DateTime' => 'System.DateTime'. Arguments visited: True.
[ClassObfuscationRewriter] 2025-12-01T20:13:40.0305406Z Visiting object creation for type 'SlackPresenceDTO' => 'O_80011568'. Arguments visited: True.
[ClassObfuscationRewriter] 2025-12-01T20:13:40.0454813Z Renaming identifier 'Seatbelt' to 'O_F41F88FA'.
[ClassObfuscationRewriter] 2025-12-01T20:13:40.0454813Z Renaming identifier 'Seatbelt' to 'O_F41F88FA'.
[ClassObfuscationRewriter] 2025-12-01T20:13:40.0469101Z Renaming identifier 'Seatbelt' to 'O_F41F88FA'.
[ClassObfuscationRewriter] 2025-12-01T20:13:40.0469101Z Renaming identifier 'CommandBase' to 'O_2183A68D'.
[ClassObfuscationRewriter] 2025-12-01T20:13:40.0469101Z Renaming identifier 'CommandDTOBase' to 'O_4AED570F'.
[ClassObfuscationRewriter] 2025-12-01T20:13:40.0481078Z Visiting object creation for type 'SlackWorkspacesDTO' => 'O_6CEC576A'. Arguments visited: True.
[ClassObfuscationRewriter] 2025-12-01T20:13:40.0481078Z Renaming identifier 'CommandDTOBase' to 'O_4AED570F'.
[ClassObfuscationRewriter] 2025-12-01T20:13:40.0481078Z Renaming identifier 'Workspace' to 'O_87BB59BA'.
[ClassObfuscationRewriter] 2025-12-01T20:13:40.0481078Z Visited generic 'List' with updated type arguments: <O_87BB59BA>.
[ClassObfuscationRewriter] 2025-12-01T20:13:40.0494669Z Renaming identifier 'SlackWorkspacesDTO' to 'O_6CEC576A'.
[ClassObfuscationRewriter] 2025-12-01T20:13:40.0494669Z Visiting object creation for type 'System.DateTime' => 'System.DateTime'. Arguments visited: True.
[ClassObfuscationRewriter] 2025-12-01T20:13:40.0508927Z Renaming identifier 'CommandDTOBase' to 'O_4AED570F'.
[ClassObfuscationRewriter] 2025-12-01T20:13:40.0508927Z Visiting object creation for type 'System.DateTime' => 'System.DateTime'. Arguments visited: True.
[ClassObfuscationRewriter] 2025-12-01T20:13:40.0523879Z Visiting object creation for type 'SlackWorkspacesDTO' => 'O_6CEC576A'. Arguments visited: True.
[ClassObfuscationRewriter] 2025-12-01T20:13:40.0576971Z Renaming identifier 'Seatbelt' to 'O_F41F88FA'.
[ClassObfuscationRewriter] 2025-12-01T20:13:40.0576971Z Renaming identifier 'CommandBase' to 'O_2183A68D'.
[ClassObfuscationRewriter] 2025-12-01T20:13:40.0586994Z Renaming identifier 'CommandDTOBase' to 'O_4AED570F'.
[ClassObfuscationRewriter] 2025-12-01T20:13:40.0586994Z Visiting object creation for type 'WsusClientDTO' => 'O_442EB30E'. Arguments visited: True.
[ClassObfuscationRewriter] 2025-12-01T20:13:40.0586994Z Renaming identifier 'CommandDTOBase' to 'O_4AED570F'.
[ClassObfuscationRewriter] 2025-12-01T20:13:40.0586994Z Visiting object creation for type 'System.DateTime' => 'System.DateTime'. Arguments visited: True.
[ClassObfuscationRewriter] 2025-12-01T20:13:40.0596988Z Visiting object creation for type 'WsusClientDTO' => 'O_442EB30E'. Arguments visited: True.
[ClassObfuscationRewriter] 2025-12-01T20:13:40.0616962Z Renaming identifier 'CommandDTOBase' to 'O_4AED570F'.
[ClassObfuscationRewriter] 2025-12-01T20:13:40.0626962Z Renaming identifier 'Seatbelt' to 'O_F41F88FA'.
[ClassObfuscationRewriter] 2025-12-01T20:13:40.0626962Z Renaming identifier 'CommandBase' to 'O_2183A68D'.
[ClassObfuscationRewriter] 2025-12-01T20:13:40.0636985Z Renaming identifier 'CommandDTOBase' to 'O_4AED570F'.
[ClassObfuscationRewriter] 2025-12-01T20:13:40.0636985Z Visiting object creation for type 'SccmClientDTO' => 'O_7B44E23F'. Arguments visited: True.
[ClassObfuscationRewriter] 2025-12-01T20:13:40.0636985Z Renaming identifier 'CommandDTOBase' to 'O_4AED570F'.
[ClassObfuscationRewriter] 2025-12-01T20:13:40.0646972Z Visiting object creation for type 'SccmClientDTO' => 'O_7B44E23F'. Arguments visited: True.
[ClassObfuscationRewriter] 2025-12-01T20:13:40.0676981Z Renaming identifier 'CommandDTOBase' to 'O_4AED570F'.
[ClassObfuscationRewriter] 2025-12-01T20:13:40.0696962Z Renaming identifier 'Seatbelt' to 'O_F41F88FA'.
[ClassObfuscationRewriter] 2025-12-01T20:13:40.0696962Z Renaming identifier 'Seatbelt' to 'O_F41F88FA'.
[ClassObfuscationRewriter] 2025-12-01T20:13:40.0706966Z Renaming identifier 'Seatbelt' to 'O_F41F88FA'.
[ClassObfuscationRewriter] 2025-12-01T20:13:40.0706966Z Renaming identifier 'CommandDTOBase' to 'O_4AED570F'.
[ClassObfuscationRewriter] 2025-12-01T20:13:40.0706966Z Renaming identifier 'VerboseDTO' to 'O_77AFBCF7'.
[ClassObfuscationRewriter] 2025-12-01T20:13:40.0721708Z Renaming identifier 'Seatbelt' to 'O_F41F88FA'.
[ClassObfuscationRewriter] 2025-12-01T20:13:40.0735320Z Renaming identifier 'Seatbelt' to 'O_F41F88FA'.
[ClassObfuscationRewriter] 2025-12-01T20:13:40.0735320Z Renaming identifier 'CommandBase' to 'O_2183A68D'.
[ClassObfuscationRewriter] 2025-12-01T20:13:40.0735320Z Renaming identifier 'CommandDTOBase' to 'O_4AED570F'.
[ClassObfuscationRewriter] 2025-12-01T20:13:40.0735320Z Visiting object creation for type 'FileInfo' => 'FileInfo'. Arguments visited: True.
[ClassObfuscationRewriter] 2025-12-01T20:13:40.0735320Z Visiting object creation for type 'FileInfoDTO' => 'O_880491F6'. Arguments visited: True.
[ClassObfuscationRewriter] 2025-12-01T20:13:40.0745339Z Visiting object creation for type 'DirectoryInfoDTO' => 'O_AD14D66A'. Arguments visited: True.
[ClassObfuscationRewriter] 2025-12-01T20:13:40.0745339Z Renaming identifier 'CommandDTOBase' to 'O_4AED570F'.
[ClassObfuscationRewriter] 2025-12-01T20:13:40.0745339Z Visiting object creation for type 'FileInfo' => 'FileInfo'. Arguments visited: True.
[ClassObfuscationRewriter] 2025-12-01T20:13:40.0745339Z Visiting object creation for type 'FileInfoDTO' => 'O_880491F6'. Arguments visited: True.
[ClassObfuscationRewriter] 2025-12-01T20:13:40.0755374Z Visiting object creation for type 'DirectoryInfoDTO' => 'O_AD14D66A'. Arguments visited: True.
[ClassObfuscationRewriter] 2025-12-01T20:13:40.0785338Z Renaming identifier 'CommandDTOBase' to 'O_4AED570F'.
[ClassObfuscationRewriter] 2025-12-01T20:13:40.0795408Z Renaming identifier 'CommandDTOBase' to 'O_4AED570F'.
[ClassObfuscationRewriter] 2025-12-01T20:13:40.0805329Z Renaming identifier 'Seatbelt' to 'O_F41F88FA'.
[ClassObfuscationRewriter] 2025-12-01T20:13:40.0805329Z Renaming identifier 'Seatbelt' to 'O_F41F88FA'.
[ClassObfuscationRewriter] 2025-12-01T20:13:40.0805329Z Renaming identifier 'Seatbelt' to 'O_F41F88FA'.
[ClassObfuscationRewriter] 2025-12-01T20:13:40.0820405Z Renaming identifier 'CommandDTOBase' to 'O_4AED570F'.
[ClassObfuscationRewriter] 2025-12-01T20:13:40.0820405Z Renaming identifier 'WarningDTO' to 'O_56497D89'.
[ClassObfuscationRewriter] 2025-12-01T20:13:40.0833689Z Visiting object creation for type 'System.DateTime' => 'System.DateTime'. Arguments visited: True.
[ClassObfuscationRewriter] 2025-12-01T20:13:40.0843784Z Renaming identifier 'Seatbelt' to 'O_F41F88FA'.
[ClassObfuscationRewriter] 2025-12-01T20:13:40.0853768Z Renaming identifier 'CommandBase' to 'O_2183A68D'.
[ClassObfuscationRewriter] 2025-12-01T20:13:40.0853768Z Renaming identifier 'CommandDTOBase' to 'O_4AED570F'.
[ClassObfuscationRewriter] 2025-12-01T20:13:40.0853768Z Visiting object creation for type 'AMSIProviderDTO' => 'O_144B124F'. Arguments visited: True.
[ClassObfuscationRewriter] 2025-12-01T20:13:40.0853768Z Renaming identifier 'CommandDTOBase' to 'O_4AED570F'.
[ClassObfuscationRewriter] 2025-12-01T20:13:40.0863755Z Renaming identifier 'CommandDTOBase' to 'O_4AED570F'.
[ClassObfuscationRewriter] 2025-12-01T20:13:40.0863755Z Visiting object creation for type 'AMSIProviderDTO' => 'O_144B124F'. Arguments visited: True.
[ClassObfuscationRewriter] 2025-12-01T20:13:40.0893764Z Renaming identifier 'Seatbelt' to 'O_F41F88FA'.
[ClassObfuscationRewriter] 2025-12-01T20:13:40.0893764Z Renaming identifier 'Seatbelt' to 'O_F41F88FA'.
[ClassObfuscationRewriter] 2025-12-01T20:13:40.0903759Z Renaming identifier 'Seatbelt' to 'O_F41F88FA'.
[ClassObfuscationRewriter] 2025-12-01T20:13:40.0903759Z Renaming identifier 'Seatbelt' to 'O_F41F88FA'.
[ClassObfuscationRewriter] 2025-12-01T20:13:40.0903759Z Renaming identifier 'CommandBase' to 'O_2183A68D'.
[ClassObfuscationRewriter] 2025-12-01T20:13:40.0903759Z Renaming identifier 'CommandDTOBase' to 'O_4AED570F'.
[ClassObfuscationRewriter] 2025-12-01T20:13:40.0913753Z Visiting object creation for type 'AuditPolicyGPO' => 'O_1FDF109F'. Arguments visited: True.
[ClassObfuscationRewriter] 2025-12-01T20:13:40.0913753Z Visiting object creation for type 'AuditPolicyGPO' => 'O_1FDF109F'. Arguments visited: True.
[ClassObfuscationRewriter] 2025-12-01T20:13:40.0913753Z Visiting object creation for type 'AuditEntry' => 'AuditEntry'. Arguments visited: True.
[ClassObfuscationRewriter] 2025-12-01T20:13:40.0923764Z Renaming identifier 'CommandDTOBase' to 'O_4AED570F'.
[ClassObfuscationRewriter] 2025-12-01T20:13:40.0923764Z Renaming identifier 'AuditPolicyGPO' to 'O_1FDF109F'.
[ClassObfuscationRewriter] 2025-12-01T20:13:40.0953784Z Renaming identifier 'CommandDTOBase' to 'O_4AED570F'.
[ClassObfuscationRewriter] 2025-12-01T20:13:40.0953784Z Visiting object creation for type 'AuditPolicyGPO' => 'O_1FDF109F'. Arguments visited: True.
[ClassObfuscationRewriter] 2025-12-01T20:13:40.0963768Z Visiting object creation for type 'AuditPolicyGPO' => 'O_1FDF109F'. Arguments visited: True.
[ClassObfuscationRewriter] 2025-12-01T20:13:40.0963768Z Visiting object creation for type 'AuditEntry' => 'AuditEntry'. Arguments visited: True.
[ClassObfuscationRewriter] 2025-12-01T20:13:40.1133772Z Renaming identifier 'Seatbelt' to 'O_F41F88FA'.
[ClassObfuscationRewriter] 2025-12-01T20:13:40.1144960Z Renaming identifier 'Seatbelt' to 'O_F41F88FA'.
[ClassObfuscationRewriter] 2025-12-01T20:13:40.1144960Z Renaming identifier 'Seatbelt' to 'O_F41F88FA'.
[ClassObfuscationRewriter] 2025-12-01T20:13:40.1144960Z Renaming identifier 'CommandBase' to 'O_2183A68D'.
[ClassObfuscationRewriter] 2025-12-01T20:13:40.1155035Z Renaming identifier 'CommandDTOBase' to 'O_4AED570F'.
[ClassObfuscationRewriter] 2025-12-01T20:13:40.1155035Z Visiting object creation for type 'AuditPolicyDTO' => 'O_371534EF'. Arguments visited: True.
[ClassObfuscationRewriter] 2025-12-01T20:13:40.1155035Z Visiting object creation for type 'AuditPolicyDTO' => 'O_371534EF'. Arguments visited: True.
[ClassObfuscationRewriter] 2025-12-01T20:13:40.1155035Z Renaming identifier 'CommandDTOBase' to 'O_4AED570F'.
[ClassObfuscationRewriter] 2025-12-01T20:13:40.1165030Z Renaming identifier 'AuditPolicyDTO' to 'O_371534EF'.
[ClassObfuscationRewriter] 2025-12-01T20:13:40.1175057Z Renaming identifier 'CommandDTOBase' to 'O_4AED570F'.
[ClassObfuscationRewriter] 2025-12-01T20:13:40.1175057Z Visiting object creation for type 'AuditPolicyDTO' => 'O_371534EF'. Arguments visited: True.
[ClassObfuscationRewriter] 2025-12-01T20:13:40.1175057Z Visiting object creation for type 'AuditPolicyDTO' => 'O_371534EF'. Arguments visited: True.
[ClassObfuscationRewriter] 2025-12-01T20:13:40.1215046Z Renaming identifier 'Seatbelt' to 'O_F41F88FA'.
[ClassObfuscationRewriter] 2025-12-01T20:13:40.1215046Z Renaming identifier 'Seatbelt' to 'O_F41F88FA'.
[ClassObfuscationRewriter] 2025-12-01T20:13:40.1215046Z Renaming identifier 'Seatbelt' to 'O_F41F88FA'.
[ClassObfuscationRewriter] 2025-12-01T20:13:40.1215046Z Renaming identifier 'CommandBase' to 'O_2183A68D'.
[ClassObfuscationRewriter] 2025-12-01T20:13:40.1225054Z Renaming identifier 'CommandDTOBase' to 'O_4AED570F'.
[ClassObfuscationRewriter] 2025-12-01T20:13:40.1225054Z Visiting object creation for type 'CredGuardDTO' => 'O_8E85A0BE'. Arguments visited: True.
[ClassObfuscationRewriter] 2025-12-01T20:13:40.1225054Z Renaming identifier 'CommandDTOBase' to 'O_4AED570F'.
[ClassObfuscationRewriter] 2025-12-01T20:13:40.1225054Z Renaming identifier 'CredGuardDTO' to 'O_8E85A0BE'.
[ClassObfuscationRewriter] 2025-12-01T20:13:40.1235043Z Renaming identifier 'CommandDTOBase' to 'O_4AED570F'.
[ClassObfuscationRewriter] 2025-12-01T20:13:40.1235043Z Visiting object creation for type 'CredGuardDTO' => 'O_8E85A0BE'. Arguments visited: True.
[ClassObfuscationRewriter] 2025-12-01T20:13:40.1285124Z Renaming identifier 'Seatbelt' to 'O_F41F88FA'.
[ClassObfuscationRewriter] 2025-12-01T20:13:40.1285124Z Renaming identifier 'Seatbelt' to 'O_F41F88FA'.
[ClassObfuscationRewriter] 2025-12-01T20:13:40.1285124Z Renaming identifier 'Seatbelt' to 'O_F41F88FA'.
[ClassObfuscationRewriter] 2025-12-01T20:13:40.1285124Z Renaming identifier 'Seatbelt' to 'O_F41F88FA'.
[ClassObfuscationRewriter] 2025-12-01T20:13:40.1285124Z Renaming identifier 'CommandBase' to 'O_2183A68D'.
[ClassObfuscationRewriter] 2025-12-01T20:13:40.1297603Z Renaming identifier 'CommandDTOBase' to 'O_4AED570F'.
[ClassObfuscationRewriter] 2025-12-01T20:13:40.1297603Z Visiting object creation for type 'Win32Exception' => 'Win32Exception'. Arguments visited: True.
[ClassObfuscationRewriter] 2025-12-01T20:13:40.1297603Z Visiting object creation for type 'CredEnumDTO' => 'O_A55183BA'. Arguments visited: True.
[ClassObfuscationRewriter] 2025-12-01T20:13:40.1297603Z Renaming identifier 'CommandDTOBase' to 'O_4AED570F'.
[ClassObfuscationRewriter] 2025-12-01T20:13:40.1307676Z Renaming identifier 'CredEnumDTO' to 'O_A55183BA'.
[ClassObfuscationRewriter] 2025-12-01T20:13:40.1307676Z Visiting object creation for type 'System.DateTime' => 'System.DateTime'. Arguments visited: True.
[ClassObfuscationRewriter] 2025-12-01T20:13:40.1317668Z Renaming identifier 'CommandDTOBase' to 'O_4AED570F'.
[ClassObfuscationRewriter] 2025-12-01T20:13:40.1317668Z Visiting object creation for type 'System.DateTime' => 'System.DateTime'. Arguments visited: True.
[ClassObfuscationRewriter] 2025-12-01T20:13:40.1327681Z Visiting object creation for type 'Win32Exception' => 'Win32Exception'. Arguments visited: True.
[ClassObfuscationRewriter] 2025-12-01T20:13:40.1327681Z Visiting object creation for type 'CredEnumDTO' => 'O_A55183BA'. Arguments visited: True.
[ClassObfuscationRewriter] 2025-12-01T20:13:40.1377738Z Renaming identifier 'Seatbelt' to 'O_F41F88FA'.
[ClassObfuscationRewriter] 2025-12-01T20:13:40.1377738Z Renaming identifier 'Seatbelt' to 'O_F41F88FA'.
[ClassObfuscationRewriter] 2025-12-01T20:13:40.1377738Z Renaming identifier 'Seatbelt' to 'O_F41F88FA'.
[ClassObfuscationRewriter] 2025-12-01T20:13:40.1377738Z Renaming identifier 'CommandBase' to 'O_2183A68D'.
[ClassObfuscationRewriter] 2025-12-01T20:13:40.1387737Z Renaming identifier 'CommandDTOBase' to 'O_4AED570F'.
[ClassObfuscationRewriter] 2025-12-01T20:13:40.1387737Z Visiting object creation for type 'DotNetDTO' => 'O_E5426632'. Arguments visited: True.
[ClassObfuscationRewriter] 2025-12-01T20:13:40.1387737Z Visiting object creation for type 'System.Threading.CancellationToken' => 'System.Threading.CancellationToken'. Arguments visited: True.
[ClassObfuscationRewriter] 2025-12-01T20:13:40.1387737Z Visiting object creation for type 'System.Threading.CancellationToken' => 'System.Threading.CancellationToken'. Arguments visited: True.
[ClassObfuscationRewriter] 2025-12-01T20:13:40.1397675Z Renaming identifier 'CommandDTOBase' to 'O_4AED570F'.
[ClassObfuscationRewriter] 2025-12-01T20:13:40.1397675Z Visiting object creation for type 'System.Threading.CancellationToken' => 'System.Threading.CancellationToken'. Arguments visited: True.
[ClassObfuscationRewriter] 2025-12-01T20:13:40.1397675Z Visiting object creation for type 'DotNetDTO' => 'O_E5426632'. Arguments visited: True.
[ClassObfuscationRewriter] 2025-12-01T20:13:40.1442807Z Renaming identifier 'CommandDTOBase' to 'O_4AED570F'.
[ClassObfuscationRewriter] 2025-12-01T20:13:40.1442807Z Renaming identifier 'DotNetDTO' to 'O_E5426632'.
[ClassObfuscationRewriter] 2025-12-01T20:13:40.1452841Z Visiting object creation for type 'System.Threading.CancellationToken' => 'System.Threading.CancellationToken'. Arguments visited: True.
[ClassObfuscationRewriter] 2025-12-01T20:13:40.1506657Z Renaming identifier 'Seatbelt' to 'O_F41F88FA'.
[ClassObfuscationRewriter] 2025-12-01T20:13:40.1506657Z Renaming identifier 'Seatbelt' to 'O_F41F88FA'.
[ClassObfuscationRewriter] 2025-12-01T20:13:40.1506657Z Renaming identifier 'Seatbelt' to 'O_F41F88FA'.
[ClassObfuscationRewriter] 2025-12-01T20:13:40.1520335Z Renaming identifier 'Netapi32' to 'O_B81255AD'.
[ClassObfuscationRewriter] 2025-12-01T20:13:40.1520335Z Renaming qualified name 'Seatbelt.Interop.Netapi32' to 'O_F41F88FA.Interop.O_B81255AD'.
[ClassObfuscationRewriter] 2025-12-01T20:13:40.1530437Z Renaming identifier 'Seatbelt' to 'O_F41F88FA'.
[ClassObfuscationRewriter] 2025-12-01T20:13:40.1530437Z Renaming identifier 'CommandBase' to 'O_2183A68D'.
[ClassObfuscationRewriter] 2025-12-01T20:13:40.1540435Z Renaming identifier 'CommandDTOBase' to 'O_4AED570F'.
[ClassObfuscationRewriter] 2025-12-01T20:13:40.1540435Z Visiting object creation for type 'AzureADDTO' => 'O_EF541EF3'. Arguments visited: True.
[ClassObfuscationRewriter] 2025-12-01T20:13:40.1540435Z Visiting object creation for type 'Guid' => 'Guid'. Arguments visited: True.
[ClassObfuscationRewriter] 2025-12-01T20:13:40.1550437Z Visiting object creation for type 'NetAadJoinInfo' => 'NetAadJoinInfo'. Arguments visited: True.
[ClassObfuscationRewriter] 2025-12-01T20:13:40.1550437Z Renaming identifier 'CommandDTOBase' to 'O_4AED570F'.
[ClassObfuscationRewriter] 2025-12-01T20:13:40.1550437Z Visiting object creation for type 'System.DateTime' => 'System.DateTime'. Arguments visited: True.
[ClassObfuscationRewriter] 2025-12-01T20:13:40.1550437Z Visiting object creation for type 'AzureADDTO' => 'O_EF541EF3'. Arguments visited: True.
[ClassObfuscationRewriter] 2025-12-01T20:13:40.1550437Z Visiting object creation for type 'System.DateTime' => 'System.DateTime'. Arguments visited: True.
[ClassObfuscationRewriter] 2025-12-01T20:13:40.1560668Z Visiting object creation for type 'Guid' => 'Guid'. Arguments visited: True.
[ClassObfuscationRewriter] 2025-12-01T20:13:40.1560668Z Visiting object creation for type 'NetAadJoinInfo' => 'NetAadJoinInfo'. Arguments visited: True.
[ClassObfuscationRewriter] 2025-12-01T20:13:40.1585823Z Renaming identifier 'CommandDTOBase' to 'O_4AED570F'.
[ClassObfuscationRewriter] 2025-12-01T20:13:40.1595821Z Renaming identifier 'AzureADDTO' to 'O_EF541EF3'.
[ClassObfuscationRewriter] 2025-12-01T20:13:40.1605868Z Visiting object creation for type 'System.DateTime' => 'System.DateTime'. Arguments visited: True.
[ClassObfuscationRewriter] 2025-12-01T20:13:40.1705911Z Renaming identifier 'Seatbelt' to 'O_F41F88FA'.
[ClassObfuscationRewriter] 2025-12-01T20:13:40.1705911Z Renaming identifier 'CommandBase' to 'O_2183A68D'.
[ClassObfuscationRewriter] 2025-12-01T20:13:40.1705911Z Renaming identifier 'CommandDTOBase' to 'O_4AED570F'.
[ClassObfuscationRewriter] 2025-12-01T20:13:40.1705911Z Visiting object creation for type 'EnvironmentPathDTO' => 'O_F2D1C167'. Arguments visited: True.
[ClassObfuscationRewriter] 2025-12-01T20:13:40.1715871Z Renaming identifier 'CommandDTOBase' to 'O_4AED570F'.
[ClassObfuscationRewriter] 2025-12-01T20:13:40.1715871Z Renaming identifier 'CommandDTOBase' to 'O_4AED570F'.
[ClassObfuscationRewriter] 2025-12-01T20:13:40.1715871Z Visiting object creation for type 'System.DateTime' => 'System.DateTime'. Arguments visited: True.
[ClassObfuscationRewriter] 2025-12-01T20:13:40.1715871Z Visiting object creation for type 'EnvironmentPathDTO' => 'O_F2D1C167'. Arguments visited: True.
[ClassObfuscationRewriter] 2025-12-01T20:13:40.1735852Z Renaming identifier 'Seatbelt' to 'O_F41F88FA'.
[ClassObfuscationRewriter] 2025-12-01T20:13:40.1745838Z Renaming identifier 'CommandDTOBase' to 'O_4AED570F'.
[ClassObfuscationRewriter] 2025-12-01T20:13:40.1745838Z Renaming identifier 'Seatbelt' to 'O_F41F88FA'.
[ClassObfuscationRewriter] 2025-12-01T20:13:40.1755857Z Renaming identifier 'Seatbelt' to 'O_F41F88FA'.
[ClassObfuscationRewriter] 2025-12-01T20:13:40.1755857Z Renaming identifier 'Seatbelt' to 'O_F41F88FA'.
[ClassObfuscationRewriter] 2025-12-01T20:13:40.1765865Z Renaming identifier 'ExplicitLogonEventsDTO' to 'O_B860970F'.
[ClassObfuscationRewriter] 2025-12-01T20:13:40.1795853Z Renaming identifier 'Seatbelt' to 'O_F41F88FA'.
[ClassObfuscationRewriter] 2025-12-01T20:13:40.1805845Z Renaming identifier 'Seatbelt' to 'O_F41F88FA'.
[ClassObfuscationRewriter] 2025-12-01T20:13:40.1805845Z Renaming identifier 'CommandBase' to 'O_2183A68D'.
[ClassObfuscationRewriter] 2025-12-01T20:13:40.1805845Z Renaming identifier 'CommandDTOBase' to 'O_4AED570F'.
[ClassObfuscationRewriter] 2025-12-01T20:13:40.1805845Z Visiting object creation for type 'Regex' => 'Regex'. Arguments visited: True.
[ClassObfuscationRewriter] 2025-12-01T20:13:40.1815836Z Visiting object creation for type 'PowerShellEventsDTO' => 'O_3AAD1509'. Arguments visited: True.
[ClassObfuscationRewriter] 2025-12-01T20:13:40.1815836Z Renaming identifier 'CommandDTOBase' to 'O_4AED570F'.
[ClassObfuscationRewriter] 2025-12-01T20:13:40.1815836Z Visiting object creation for type 'Regex' => 'Regex'. Arguments visited: True.
[ClassObfuscationRewriter] 2025-12-01T20:13:40.1825834Z Visiting object creation for type 'PowerShellEventsDTO' => 'O_3AAD1509'. Arguments visited: True.
[ClassObfuscationRewriter] 2025-12-01T20:13:40.1855857Z Renaming identifier 'CommandDTOBase' to 'O_4AED570F'.
[ClassObfuscationRewriter] 2025-12-01T20:13:40.1875833Z Renaming identifier 'Seatbelt' to 'O_F41F88FA'.
[ClassObfuscationRewriter] 2025-12-01T20:13:40.1875833Z Renaming identifier 'Seatbelt' to 'O_F41F88FA'.
[ClassObfuscationRewriter] 2025-12-01T20:13:40.1875833Z Renaming identifier 'Seatbelt' to 'O_F41F88FA'.
[ClassObfuscationRewriter] 2025-12-01T20:13:40.1875833Z Renaming identifier 'Seatbelt' to 'O_F41F88FA'.
[ClassObfuscationRewriter] 2025-12-01T20:13:40.1885836Z Renaming identifier 'CommandBase' to 'O_2183A68D'.
[ClassObfuscationRewriter] 2025-12-01T20:13:40.1885836Z Renaming identifier 'CommandDTOBase' to 'O_4AED570F'.
[ClassObfuscationRewriter] 2025-12-01T20:13:40.1885836Z Visiting object creation for type 'Regex' => 'Regex'. Arguments visited: True.
[ClassObfuscationRewriter] 2025-12-01T20:13:40.1885836Z Visiting object creation for type 'ProcessCreationEventDTO' => 'O_AADB0A75'. Arguments visited: True.
[ClassObfuscationRewriter] 2025-12-01T20:13:40.1895826Z Renaming identifier 'CommandDTOBase' to 'O_4AED570F'.
[ClassObfuscationRewriter] 2025-12-01T20:13:40.1895826Z Visiting object creation for type 'System.DateTime' => 'System.DateTime'. Arguments visited: True.
[ClassObfuscationRewriter] 2025-12-01T20:13:40.1895826Z Visiting object creation for type 'Regex' => 'Regex'. Arguments visited: True.
[ClassObfuscationRewriter] 2025-12-01T20:13:40.1895826Z Visiting object creation for type 'ProcessCreationEventDTO' => 'O_AADB0A75'. Arguments visited: True.
[ClassObfuscationRewriter] 2025-12-01T20:13:40.1925855Z Renaming identifier 'CommandDTOBase' to 'O_4AED570F'.
[ClassObfuscationRewriter] 2025-12-01T20:13:40.1925855Z Renaming identifier 'ProcessCreationEventDTO' to 'O_AADB0A75'.
[ClassObfuscationRewriter] 2025-12-01T20:13:40.1925855Z Visiting object creation for type 'System.DateTime' => 'System.DateTime'. Arguments visited: True.
[ClassObfuscationRewriter] 2025-12-01T20:13:40.1944778Z Renaming identifier 'Seatbelt' to 'O_F41F88FA'.
[ClassObfuscationRewriter] 2025-12-01T20:13:40.1958105Z Renaming identifier 'Seatbelt' to 'O_F41F88FA'.
[ClassObfuscationRewriter] 2025-12-01T20:13:40.1958105Z Renaming identifier 'CommandBase' to 'O_2183A68D'.
[ClassObfuscationRewriter] 2025-12-01T20:13:40.1958105Z Renaming identifier 'CommandDTOBase' to 'O_4AED570F'.
[ClassObfuscationRewriter] 2025-12-01T20:13:40.1968202Z Visiting object creation for type 'Regex' => 'Regex'. Arguments visited: True.
[ClassObfuscationRewriter] 2025-12-01T20:13:40.1968202Z Visiting object creation for type 'SysmonEventDTO' => 'O_A5BD4B1E'. Arguments visited: True.
[ClassObfuscationRewriter] 2025-12-01T20:13:40.1968202Z Renaming identifier 'CommandDTOBase' to 'O_4AED570F'.
[ClassObfuscationRewriter] 2025-12-01T20:13:40.1968202Z Visiting object creation for type 'System.DateTime' => 'System.DateTime'. Arguments visited: True.
[ClassObfuscationRewriter] 2025-12-01T20:13:40.1978174Z Visiting object creation for type 'Regex' => 'Regex'. Arguments visited: True.
[ClassObfuscationRewriter] 2025-12-01T20:13:40.1978174Z Visiting object creation for type 'SysmonEventDTO' => 'O_A5BD4B1E'. Arguments visited: True.
[ClassObfuscationRewriter] 2025-12-01T20:13:40.2008169Z Renaming identifier 'CommandDTOBase' to 'O_4AED570F'.
[ClassObfuscationRewriter] 2025-12-01T20:13:40.2018184Z Renaming identifier 'Seatbelt' to 'O_F41F88FA'.
[ClassObfuscationRewriter] 2025-12-01T20:13:40.2028202Z Renaming identifier 'Seatbelt' to 'O_F41F88FA'.
[ClassObfuscationRewriter] 2025-12-01T20:13:40.2028202Z Renaming identifier 'Seatbelt' to 'O_F41F88FA'.
[ClassObfuscationRewriter] 2025-12-01T20:13:40.2028202Z Renaming identifier 'Seatbelt' to 'O_F41F88FA'.
[ClassObfuscationRewriter] 2025-12-01T20:13:40.2028202Z Renaming identifier 'CommandBase' to 'O_2183A68D'.
[ClassObfuscationRewriter] 2025-12-01T20:13:40.2028202Z Renaming identifier 'CommandDTOBase' to 'O_4AED570F'.
[ClassObfuscationRewriter] 2025-12-01T20:13:40.2038262Z Renaming identifier 'CommandDTOBase' to 'O_4AED570F'.
[ClassObfuscationRewriter] 2025-12-01T20:13:40.2038262Z Visited generic 'IEnumerable' with updated type arguments: <O_4AED570F>.
[ClassObfuscationRewriter] 2025-12-01T20:13:40.2038262Z Visiting object creation for type 'ExplorerRecentFilesDTO' => 'O_EBDE6938'. Arguments visited: True.
[ClassObfuscationRewriter] 2025-12-01T20:13:40.2048180Z Renaming identifier 'CommandDTOBase' to 'O_4AED570F'.
[ClassObfuscationRewriter] 2025-12-01T20:13:40.2048180Z Renaming identifier 'CommandDTOBase' to 'O_4AED570F'.
[ClassObfuscationRewriter] 2025-12-01T20:13:40.2048180Z Visited generic 'IEnumerable' with updated type arguments: <O_4AED570F>.
[ClassObfuscationRewriter] 2025-12-01T20:13:40.2048180Z Visiting object creation for type 'ExplorerRecentFilesDTO' => 'O_EBDE6938'. Arguments visited: True.
[ClassObfuscationRewriter] 2025-12-01T20:13:40.2098198Z Renaming identifier 'CommandDTOBase' to 'O_4AED570F'.
[ClassObfuscationRewriter] 2025-12-01T20:13:40.2108197Z Renaming identifier 'ExplorerRecentFilesDTO' to 'O_EBDE6938'.
[ClassObfuscationRewriter] 2025-12-01T20:13:40.2138167Z Renaming identifier 'Seatbelt' to 'O_F41F88FA'.
[ClassObfuscationRewriter] 2025-12-01T20:13:40.2138167Z Renaming identifier 'User32' to 'O_E24FBBBE'.
[ClassObfuscationRewriter] 2025-12-01T20:13:40.2138167Z Renaming qualified name 'Seatbelt.Interop.User32' to 'O_F41F88FA.Interop.O_E24FBBBE'.
[ClassObfuscationRewriter] 2025-12-01T20:13:40.2138167Z Renaming identifier 'Seatbelt' to 'O_F41F88FA'.
[ClassObfuscationRewriter] 2025-12-01T20:13:40.2138167Z Renaming identifier 'Seatbelt' to 'O_F41F88FA'.
[ClassObfuscationRewriter] 2025-12-01T20:13:40.2138167Z Renaming identifier 'Seatbelt' to 'O_F41F88FA'.
[ClassObfuscationRewriter] 2025-12-01T20:13:40.2152639Z Renaming identifier 'CommandBase' to 'O_2183A68D'.
[ClassObfuscationRewriter] 2025-12-01T20:13:40.2152639Z Renaming identifier 'CommandDTOBase' to 'O_4AED570F'.
[ClassObfuscationRewriter] 2025-12-01T20:13:40.2152639Z Visiting object creation for type 'IdleTimeDTO' => 'O_B137EF9D'. Arguments visited: True.
[ClassObfuscationRewriter] 2025-12-01T20:13:40.2152639Z Visiting object creation for type 'Win32Exception' => 'Win32Exception'. Arguments visited: True.
[ClassObfuscationRewriter] 2025-12-01T20:13:40.2152639Z Renaming identifier 'CommandDTOBase' to 'O_4AED570F'.
[ClassObfuscationRewriter] 2025-12-01T20:13:40.2164787Z Visiting object creation for type 'IdleTimeDTO' => 'O_B137EF9D'. Arguments visited: True.
[ClassObfuscationRewriter] 2025-12-01T20:13:40.2164787Z Visiting object creation for type 'Win32Exception' => 'Win32Exception'. Arguments visited: True.
[ClassObfuscationRewriter] 2025-12-01T20:13:40.2174915Z Renaming identifier 'CommandDTOBase' to 'O_4AED570F'.
[ClassObfuscationRewriter] 2025-12-01T20:13:40.2174915Z Renaming identifier 'IdleTimeDTO' to 'O_B137EF9D'.
[ClassObfuscationRewriter] 2025-12-01T20:13:40.2194868Z Renaming identifier 'Seatbelt' to 'O_F41F88FA'.
[ClassObfuscationRewriter] 2025-12-01T20:13:40.2204960Z Renaming identifier 'Seatbelt' to 'O_F41F88FA'.
[ClassObfuscationRewriter] 2025-12-01T20:13:40.2204960Z Renaming identifier 'CommandBase' to 'O_2183A68D'.
[ClassObfuscationRewriter] 2025-12-01T20:13:40.2204960Z Renaming identifier 'CommandDTOBase' to 'O_4AED570F'.
[ClassObfuscationRewriter] 2025-12-01T20:13:40.2204960Z Renaming identifier 'Shlwapi' to 'O_210F4320'.
[ClassObfuscationRewriter] 2025-12-01T20:13:40.2214868Z Visiting object creation for type 'AntiVirusDTO' => 'O_A6AE78E3'. Arguments visited: True.
[ClassObfuscationRewriter] 2025-12-01T20:13:40.2214868Z Renaming identifier 'CommandDTOBase' to 'O_4AED570F'.
[ClassObfuscationRewriter] 2025-12-01T20:13:40.2214868Z Renaming identifier 'Shlwapi' to 'O_210F4320'.
[ClassObfuscationRewriter] 2025-12-01T20:13:40.2214868Z Visiting object creation for type 'AntiVirusDTO' => 'O_A6AE78E3'. Arguments visited: True.
[ClassObfuscationRewriter] 2025-12-01T20:13:40.2244888Z Renaming identifier 'CommandDTOBase' to 'O_4AED570F'.
[ClassObfuscationRewriter] 2025-12-01T20:13:40.2261458Z Renaming identifier 'Seatbelt' to 'O_F41F88FA'.
[ClassObfuscationRewriter] 2025-12-01T20:13:40.2271557Z Renaming identifier 'Seatbelt' to 'O_F41F88FA'.
[ClassObfuscationRewriter] 2025-12-01T20:13:40.2271557Z Renaming identifier 'Seatbelt' to 'O_F41F88FA'.
[ClassObfuscationRewriter] 2025-12-01T20:13:40.2271557Z Renaming identifier 'Seatbelt' to 'O_F41F88FA'.
[ClassObfuscationRewriter] 2025-12-01T20:13:40.2271557Z Renaming identifier 'CommandBase' to 'O_2183A68D'.
[ClassObfuscationRewriter] 2025-12-01T20:13:40.2271557Z Renaming identifier 'CommandDTOBase' to 'O_4AED570F'.
[ClassObfuscationRewriter] 2025-12-01T20:13:40.2284570Z Visiting object creation for type 'AppLockerDTO' => 'O_81B62776'. Arguments visited: True.
[ClassObfuscationRewriter] 2025-12-01T20:13:40.2344645Z Visiting object creation for type 'AppLockerDTO' => 'O_81B62776'. Arguments visited: True.
[ClassObfuscationRewriter] 2025-12-01T20:13:40.2344645Z Renaming identifier 'CommandDTOBase' to 'O_4AED570F'.
[ClassObfuscationRewriter] 2025-12-01T20:13:40.2344645Z Renaming identifier 'AppLockerDTO' to 'O_81B62776'.
[ClassObfuscationRewriter] 2025-12-01T20:13:40.2378276Z Renaming identifier 'CommandDTOBase' to 'O_4AED570F'.
[ClassObfuscationRewriter] 2025-12-01T20:13:40.2388252Z Visiting object creation for type 'AppLockerDTO' => 'O_81B62776'. Arguments visited: True.
[ClassObfuscationRewriter] 2025-12-01T20:13:40.2388252Z Visiting object creation for type 'AppLockerDTO' => 'O_81B62776'. Arguments visited: True.
[ClassObfuscationRewriter] 2025-12-01T20:13:40.2476799Z Renaming identifier 'Seatbelt' to 'O_F41F88FA'.
[ClassObfuscationRewriter] 2025-12-01T20:13:40.2476799Z Renaming identifier 'Seatbelt' to 'O_F41F88FA'.
[ClassObfuscationRewriter] 2025-12-01T20:13:40.2476799Z Renaming identifier 'Seatbelt' to 'O_F41F88FA'.
[ClassObfuscationRewriter] 2025-12-01T20:13:40.2476799Z Renaming identifier 'Seatbelt' to 'O_F41F88FA'.
[ClassObfuscationRewriter] 2025-12-01T20:13:40.2486702Z Renaming identifier 'CommandBase' to 'O_2183A68D'.
[ClassObfuscationRewriter] 2025-12-01T20:13:40.2486702Z Renaming identifier 'CommandDTOBase' to 'O_4AED570F'.
[ClassObfuscationRewriter] 2025-12-01T20:13:40.2486702Z Renaming identifier 'Win32Error' to 'O_3BB7B919'.
[ClassObfuscationRewriter] 2025-12-01T20:13:40.2486702Z Visiting object creation for type 'Exception' => 'Exception'. Arguments visited: True.
[ClassObfuscationRewriter] 2025-12-01T20:13:40.2486702Z Visiting object creation for type 'Exception' => 'Exception'. Arguments visited: True.
[ClassObfuscationRewriter] 2025-12-01T20:13:40.2499882Z Visiting object creation for type 'IntPtr' => 'IntPtr'. Arguments visited: True.
[ClassObfuscationRewriter] 2025-12-01T20:13:40.2499882Z Visiting object creation for type 'ArpTableDTO' => 'O_06C7774A'. Arguments visited: True.
[ClassObfuscationRewriter] 2025-12-01T20:13:40.2499882Z Visiting object creation for type 'Exception' => 'Exception'. Arguments visited: True.
[ClassObfuscationRewriter] 2025-12-01T20:13:40.2499882Z Visiting object creation for type 'Exception' => 'Exception'. Arguments visited: True.
[ClassObfuscationRewriter] 2025-12-01T20:13:40.2509978Z Renaming identifier 'CommandDTOBase' to 'O_4AED570F'.
[ClassObfuscationRewriter] 2025-12-01T20:13:40.2509978Z Visiting object creation for type 'System.DateTime' => 'System.DateTime'. Arguments visited: True.
[ClassObfuscationRewriter] 2025-12-01T20:13:40.2509978Z Renaming identifier 'Win32Error' to 'O_3BB7B919'.
[ClassObfuscationRewriter] 2025-12-01T20:13:40.2509978Z Visiting object creation for type 'Exception' => 'Exception'. Arguments visited: True.
[ClassObfuscationRewriter] 2025-12-01T20:13:40.2520004Z Visiting object creation for type 'Exception' => 'Exception'. Arguments visited: True.
[ClassObfuscationRewriter] 2025-12-01T20:13:40.2520004Z Visiting object creation for type 'IntPtr' => 'IntPtr'. Arguments visited: True.
[ClassObfuscationRewriter] 2025-12-01T20:13:40.2520004Z Visiting object creation for type 'ArpTableDTO' => 'O_06C7774A'. Arguments visited: True.
[ClassObfuscationRewriter] 2025-12-01T20:13:40.2520004Z Visiting object creation for type 'System.DateTime' => 'System.DateTime'. Arguments visited: True.
[ClassObfuscationRewriter] 2025-12-01T20:13:40.2529973Z Visiting object creation for type 'Exception' => 'Exception'. Arguments visited: True.
[ClassObfuscationRewriter] 2025-12-01T20:13:40.2529973Z Visiting object creation for type 'Exception' => 'Exception'. Arguments visited: True.
[ClassObfuscationRewriter] 2025-12-01T20:13:40.2576129Z Renaming identifier 'CommandDTOBase' to 'O_4AED570F'.
[ClassObfuscationRewriter] 2025-12-01T20:13:40.2586254Z Visiting object creation for type 'List<string>' => 'List<string>'. Arguments visited: True.
[ClassObfuscationRewriter] 2025-12-01T20:13:40.2586254Z Updated generic object creation type arguments: <string> for 'List<string>'.
[ClassObfuscationRewriter] 2025-12-01T20:13:40.2586254Z Visiting object creation for type 'List<string>' => 'List<string>'. Arguments visited: True.
[ClassObfuscationRewriter] 2025-12-01T20:13:40.2596142Z Updated generic object creation type arguments: <string> for 'List<string>'.
[ClassObfuscationRewriter] 2025-12-01T20:13:40.2596142Z Renaming identifier 'ArpEntry' to 'O_6363B96E'.
[ClassObfuscationRewriter] 2025-12-01T20:13:40.2596142Z Visited generic 'List' with updated type arguments: <O_6363B96E>.
[ClassObfuscationRewriter] 2025-12-01T20:13:40.2596142Z Visiting object creation for type 'List<ArpEntry>' => 'List<O_6363B96E>'. Arguments visited: True.
[ClassObfuscationRewriter] 2025-12-01T20:13:40.2606142Z Updated generic object creation type arguments: <O_6363B96E> for 'List<O_6363B96E>'.
[ClassObfuscationRewriter] 2025-12-01T20:13:40.2606142Z Renaming identifier 'ArpTableDTO' to 'O_06C7774A'.
[ClassObfuscationRewriter] 2025-12-01T20:13:40.2616588Z Visiting object creation for type 'System.DateTime' => 'System.DateTime'. Arguments visited: True.
[ClassObfuscationRewriter] 2025-12-01T20:13:40.2639309Z Renaming identifier 'Seatbelt' to 'O_F41F88FA'.
[ClassObfuscationRewriter] 2025-12-01T20:13:40.2662637Z Renaming identifier 'Seatbelt' to 'O_F41F88FA'.
[ClassObfuscationRewriter] 2025-12-01T20:13:40.2662637Z Renaming identifier 'Seatbelt' to 'O_F41F88FA'.
[ClassObfuscationRewriter] 2025-12-01T20:13:40.2672731Z Renaming identifier 'CommandBase' to 'O_2183A68D'.
[ClassObfuscationRewriter] 2025-12-01T20:13:40.2672731Z Renaming identifier 'CommandDTOBase' to 'O_4AED570F'.
[ClassObfuscationRewriter] 2025-12-01T20:13:40.2682708Z Visiting object creation for type 'InstalledPrintersDTO' => 'O_305008C6'. Arguments visited: True.
[ClassObfuscationRewriter] 2025-12-01T20:13:40.2682708Z Renaming identifier 'CommandDTOBase' to 'O_4AED570F'.
[ClassObfuscationRewriter] 2025-12-01T20:13:40.2682708Z Visiting object creation for type 'InstalledPrintersDTO' => 'O_305008C6'. Arguments visited: True.
[ClassObfuscationRewriter] 2025-12-01T20:13:40.2714363Z Renaming identifier 'CommandDTOBase' to 'O_4AED570F'.
[ClassObfuscationRewriter] 2025-12-01T20:13:40.2724344Z Renaming identifier 'Seatbelt' to 'O_F41F88FA'.
[ClassObfuscationRewriter] 2025-12-01T20:13:40.2734372Z Renaming identifier 'CommandBase' to 'O_2183A68D'.
[ClassObfuscationRewriter] 2025-12-01T20:13:40.2734372Z Renaming identifier 'CommandDTOBase' to 'O_4AED570F'.
[ClassObfuscationRewriter] 2025-12-01T20:13:40.2744356Z Visiting object creation for type 'LastShutdownDTO' => 'O_8BA5B3A3'. Arguments visited: True.
[ClassObfuscationRewriter] 2025-12-01T20:13:40.2744356Z Renaming identifier 'CommandDTOBase' to 'O_4AED570F'.
[ClassObfuscationRewriter] 2025-12-01T20:13:40.2744356Z Visiting object creation for type 'LastShutdownDTO' => 'O_8BA5B3A3'. Arguments visited: True.
[ClassObfuscationRewriter] 2025-12-01T20:13:40.2764354Z Renaming identifier 'CommandDTOBase' to 'O_4AED570F'.
[ClassObfuscationRewriter] 2025-12-01T20:13:40.2784359Z Renaming identifier 'Seatbelt' to 'O_F41F88FA'.
[ClassObfuscationRewriter] 2025-12-01T20:13:40.2784359Z Renaming identifier 'Seatbelt' to 'O_F41F88FA'.
[ClassObfuscationRewriter] 2025-12-01T20:13:40.2784359Z Renaming identifier 'CommandBase' to 'O_2183A68D'.
[ClassObfuscationRewriter] 2025-12-01T20:13:40.2794345Z Renaming identifier 'CommandDTOBase' to 'O_4AED570F'.
[ClassObfuscationRewriter] 2025-12-01T20:13:40.2794345Z Visiting object creation for type 'LocalGPODTO' => 'O_772C1DD3'. Arguments visited: True.
[ClassObfuscationRewriter] 2025-12-01T20:13:40.2804332Z Visiting object creation for type 'LocalGPODTO' => 'O_772C1DD3'. Arguments visited: True.
[ClassObfuscationRewriter] 2025-12-01T20:13:40.2804332Z Renaming identifier 'CommandDTOBase' to 'O_4AED570F'.
[ClassObfuscationRewriter] 2025-12-01T20:13:40.2814348Z Renaming identifier 'CommandDTOBase' to 'O_4AED570F'.
[ClassObfuscationRewriter] 2025-12-01T20:13:40.2814348Z Visiting object creation for type 'LocalGPODTO' => 'O_772C1DD3'. Arguments visited: True.
[ClassObfuscationRewriter] 2025-12-01T20:13:40.2824343Z Visiting object creation for type 'LocalGPODTO' => 'O_772C1DD3'. Arguments visited: True.
[ClassObfuscationRewriter] 2025-12-01T20:13:40.2904339Z Renaming identifier 'Seatbelt' to 'O_F41F88FA'.
[ClassObfuscationRewriter] 2025-12-01T20:13:40.2904339Z Renaming identifier 'Netapi32' to 'O_B81255AD'.
[ClassObfuscationRewriter] 2025-12-01T20:13:40.2904339Z Renaming qualified name 'Seatbelt.Interop.Netapi32' to 'O_F41F88FA.Interop.O_B81255AD'.
[ClassObfuscationRewriter] 2025-12-01T20:13:40.2917994Z Renaming identifier 'Seatbelt' to 'O_F41F88FA'.
[ClassObfuscationRewriter] 2025-12-01T20:13:40.2917994Z Renaming identifier 'CommandBase' to 'O_2183A68D'.
[ClassObfuscationRewriter] 2025-12-01T20:13:40.2917994Z Renaming identifier 'CommandDTOBase' to 'O_4AED570F'.
[ClassObfuscationRewriter] 2025-12-01T20:13:40.2917994Z Visiting object creation for type 'LocalUserDTO' => 'O_D4B9D728'. Arguments visited: True.
[ClassObfuscationRewriter] 2025-12-01T20:13:40.2917994Z Renaming identifier 'CommandDTOBase' to 'O_4AED570F'.
[ClassObfuscationRewriter] 2025-12-01T20:13:40.2931638Z Visiting object creation for type 'LocalUserDTO' => 'O_D4B9D728'. Arguments visited: True.
[ClassObfuscationRewriter] 2025-12-01T20:13:40.2945710Z Renaming identifier 'CommandDTOBase' to 'O_4AED570F'.
[ClassObfuscationRewriter] 2025-12-01T20:13:40.3045838Z Renaming identifier 'Seatbelt' to 'O_F41F88FA'.
[ClassObfuscationRewriter] 2025-12-01T20:13:40.3055797Z Renaming identifier 'Seatbelt' to 'O_F41F88FA'.
[ClassObfuscationRewriter] 2025-12-01T20:13:40.3055797Z Renaming identifier 'Seatbelt' to 'O_F41F88FA'.
[ClassObfuscationRewriter] 2025-12-01T20:13:40.3055797Z Renaming identifier 'Seatbelt' to 'O_F41F88FA'.
[ClassObfuscationRewriter] 2025-12-01T20:13:40.3055797Z Renaming identifier 'Seatbelt' to 'O_F41F88FA'.
[ClassObfuscationRewriter] 2025-12-01T20:13:40.3055797Z Renaming identifier 'CommandBase' to 'O_2183A68D'.
[ClassObfuscationRewriter] 2025-12-01T20:13:40.3067125Z Renaming identifier 'CommandDTOBase' to 'O_4AED570F'.
[ClassObfuscationRewriter] 2025-12-01T20:13:40.3067125Z Renaming identifier 'Win32Error' to 'O_3BB7B919'.
[ClassObfuscationRewriter] 2025-12-01T20:13:40.3067125Z Renaming identifier 'Win32Error' to 'O_3BB7B919'.
[ClassObfuscationRewriter] 2025-12-01T20:13:40.3067125Z Visiting object creation for type 'NamedPipesDTO' => 'O_4C1AA4E8'. Arguments visited: True.
[ClassObfuscationRewriter] 2025-12-01T20:13:40.3067125Z Renaming identifier 'CommandDTOBase' to 'O_4AED570F'.
[ClassObfuscationRewriter] 2025-12-01T20:13:40.3079451Z Renaming identifier 'Win32Error' to 'O_3BB7B919'.
[ClassObfuscationRewriter] 2025-12-01T20:13:40.3079451Z Renaming identifier 'Win32Error' to 'O_3BB7B919'.
[ClassObfuscationRewriter] 2025-12-01T20:13:40.3079451Z Visiting object creation for type 'NamedPipesDTO' => 'O_4C1AA4E8'. Arguments visited: True.
[ClassObfuscationRewriter] 2025-12-01T20:13:40.3109698Z Renaming identifier 'CommandDTOBase' to 'O_4AED570F'.
[ClassObfuscationRewriter] 2025-12-01T20:13:40.3109698Z Renaming identifier 'NamedPipesDTO' to 'O_4C1AA4E8'.
[ClassObfuscationRewriter] 2025-12-01T20:13:40.3119662Z Visiting object creation for type 'System.TimeSpan' => 'System.TimeSpan'. Arguments visited: True.
[ClassObfuscationRewriter] 2025-12-01T20:13:40.3149676Z Renaming identifier 'Seatbelt' to 'O_F41F88FA'.
[ClassObfuscationRewriter] 2025-12-01T20:13:40.3149676Z Renaming identifier 'Seatbelt' to 'O_F41F88FA'.
[ClassObfuscationRewriter] 2025-12-01T20:13:40.3149676Z Renaming identifier 'CommandBase' to 'O_2183A68D'.
[ClassObfuscationRewriter] 2025-12-01T20:13:40.3149676Z Renaming identifier 'CommandDTOBase' to 'O_4AED570F'.
[ClassObfuscationRewriter] 2025-12-01T20:13:40.3163409Z Visiting object creation for type 'NetworkProfilesDTO' => 'O_7124901A'. Arguments visited: True.
[ClassObfuscationRewriter] 2025-12-01T20:13:40.3163409Z Visiting object creation for type 'DateTime' => 'DateTime'. Arguments visited: True.
[ClassObfuscationRewriter] 2025-12-01T20:13:40.3163409Z Visiting object creation for type 'DateTime' => 'DateTime'. Arguments visited: True.
[ClassObfuscationRewriter] 2025-12-01T20:13:40.3163409Z Renaming identifier 'CommandDTOBase' to 'O_4AED570F'.
[ClassObfuscationRewriter] 2025-12-01T20:13:40.3163409Z Renaming identifier 'CommandDTOBase' to 'O_4AED570F'.
[ClassObfuscationRewriter] 2025-12-01T20:13:40.3173492Z Visiting object creation for type 'System.TimeSpan' => 'System.TimeSpan'. Arguments visited: True.
[ClassObfuscationRewriter] 2025-12-01T20:13:40.3173492Z Visiting object creation for type 'NetworkProfilesDTO' => 'O_7124901A'. Arguments visited: True.
[ClassObfuscationRewriter] 2025-12-01T20:13:40.3173492Z Visiting object creation for type 'System.TimeSpan' => 'System.TimeSpan'. Arguments visited: True.
[ClassObfuscationRewriter] 2025-12-01T20:13:40.3173492Z Visiting object creation for type 'DateTime' => 'DateTime'. Arguments visited: True.
[ClassObfuscationRewriter] 2025-12-01T20:13:40.3183481Z Visiting object creation for type 'DateTime' => 'DateTime'. Arguments visited: True.
[ClassObfuscationRewriter] 2025-12-01T20:13:40.3253760Z Renaming identifier 'Seatbelt' to 'O_F41F88FA'.
[ClassObfuscationRewriter] 2025-12-01T20:13:40.3253760Z Renaming identifier 'Seatbelt' to 'O_F41F88FA'.
[ClassObfuscationRewriter] 2025-12-01T20:13:40.3263734Z Renaming identifier 'Seatbelt' to 'O_F41F88FA'.
[ClassObfuscationRewriter] 2025-12-01T20:13:40.3263734Z Renaming identifier 'Seatbelt' to 'O_F41F88FA'.
[ClassObfuscationRewriter] 2025-12-01T20:13:40.3263734Z Renaming identifier 'CommandBase' to 'O_2183A68D'.
[ClassObfuscationRewriter] 2025-12-01T20:13:40.3263734Z Renaming identifier 'CommandDTOBase' to 'O_4AED570F'.
[ClassObfuscationRewriter] 2025-12-01T20:13:40.3273738Z Visiting object creation for type 'NtlmSettingsDTO' => 'O_9035B3A6'. Arguments visited: True.
[ClassObfuscationRewriter] 2025-12-01T20:13:40.3273738Z Renaming identifier 'CommandDTOBase' to 'O_4AED570F'.
[ClassObfuscationRewriter] 2025-12-01T20:13:40.3283797Z Visiting object creation for type 'NtlmSettingsDTO' => 'O_9035B3A6'. Arguments visited: True.
[ClassObfuscationRewriter] 2025-12-01T20:13:40.3343256Z Renaming identifier 'CommandDTOBase' to 'O_4AED570F'.
[ClassObfuscationRewriter] 2025-12-01T20:13:40.3343256Z Renaming identifier 'NtlmSettingsDTO' to 'O_9035B3A6'.
[ClassObfuscationRewriter] 2025-12-01T20:13:40.3501948Z Renaming identifier 'Seatbelt' to 'O_F41F88FA'.
[ClassObfuscationRewriter] 2025-12-01T20:13:40.3511948Z Renaming identifier 'Seatbelt' to 'O_F41F88FA'.
[ClassObfuscationRewriter] 2025-12-01T20:13:40.3511948Z Renaming identifier 'Seatbelt' to 'O_F41F88FA'.
[ClassObfuscationRewriter] 2025-12-01T20:13:40.3511948Z Renaming identifier 'Seatbelt' to 'O_F41F88FA'.
[ClassObfuscationRewriter] 2025-12-01T20:13:40.3511948Z Renaming identifier 'Seatbelt' to 'O_F41F88FA'.
[ClassObfuscationRewriter] 2025-12-01T20:13:40.3522853Z Renaming identifier 'CommandBase' to 'O_2183A68D'.
[ClassObfuscationRewriter] 2025-12-01T20:13:40.3532958Z Renaming identifier 'CommandDTOBase' to 'O_4AED570F'.
[ClassObfuscationRewriter] 2025-12-01T20:13:40.3615373Z Visiting object creation for type 'ProcessesDTO' => 'O_5129D851'. Arguments visited: True.
[ClassObfuscationRewriter] 2025-12-01T20:13:40.3615373Z Visiting object creation for type 'System.DateTime' => 'System.DateTime'. Arguments visited: True.
[ClassObfuscationRewriter] 2025-12-01T20:13:40.3615373Z Renaming identifier 'CommandDTOBase' to 'O_4AED570F'.
[ClassObfuscationRewriter] 2025-12-01T20:13:40.3629710Z Visiting object creation for type 'System.DateTime' => 'System.DateTime'. Arguments visited: True.
[ClassObfuscationRewriter] 2025-12-01T20:13:40.3629710Z Visiting object creation for type 'ProcessesDTO' => 'O_5129D851'. Arguments visited: True.
[ClassObfuscationRewriter] 2025-12-01T20:13:40.3689829Z Renaming identifier 'CommandDTOBase' to 'O_4AED570F'.
[ClassObfuscationRewriter] 2025-12-01T20:13:40.3699800Z Renaming identifier 'Module' to 'O_F148224A'.
[ClassObfuscationRewriter] 2025-12-01T20:13:40.3699800Z Visited generic 'List' with updated type arguments: <O_F148224A>.
[ClassObfuscationRewriter] 2025-12-01T20:13:40.3709830Z Renaming identifier 'ProcessesDTO' to 'O_5129D851'.
[ClassObfuscationRewriter] 2025-12-01T20:13:40.3759816Z Visiting object creation for type 'System.DateTime' => 'System.DateTime'. Arguments visited: True.
[ClassObfuscationRewriter] 2025-12-01T20:13:40.4008284Z Renaming identifier 'Seatbelt' to 'O_F41F88FA'.
[ClassObfuscationRewriter] 2025-12-01T20:13:40.4008284Z Renaming identifier 'Seatbelt' to 'O_F41F88FA'.
[ClassObfuscationRewriter] 2025-12-01T20:13:40.4008284Z Renaming identifier 'Seatbelt' to 'O_F41F88FA'.
[ClassObfuscationRewriter] 2025-12-01T20:13:40.4018305Z Renaming identifier 'CommandBase' to 'O_2183A68D'.
[ClassObfuscationRewriter] 2025-12-01T20:13:40.4018305Z Renaming identifier 'CommandDTOBase' to 'O_4AED570F'.
[ClassObfuscationRewriter] 2025-12-01T20:13:40.4018305Z Visiting object creation for type 'ProcessesOwnerDTO' => 'O_102C866E'. Arguments visited: True.
[ClassObfuscationRewriter] 2025-12-01T20:13:40.4018305Z Renaming identifier 'CommandDTOBase' to 'O_4AED570F'.
[ClassObfuscationRewriter] 2025-12-01T20:13:40.4028332Z Visiting object creation for type 'System.DateTime' => 'System.DateTime'. Arguments visited: True.
[ClassObfuscationRewriter] 2025-12-01T20:13:40.4028332Z Visiting object creation for type 'ProcessesOwnerDTO' => 'O_102C866E'. Arguments visited: True.
[ClassObfuscationRewriter] 2025-12-01T20:13:40.4048293Z Renaming identifier 'CommandDTOBase' to 'O_4AED570F'.
[ClassObfuscationRewriter] 2025-12-01T20:13:40.4058299Z Renaming identifier 'ProcessesOwnerDTO' to 'O_102C866E'.
[ClassObfuscationRewriter] 2025-12-01T20:13:40.4058299Z Visiting object creation for type 'System.DateTime' => 'System.DateTime'. Arguments visited: True.
[ClassObfuscationRewriter] 2025-12-01T20:13:40.4088290Z Renaming identifier 'Seatbelt' to 'O_F41F88FA'.
[ClassObfuscationRewriter] 2025-12-01T20:13:40.4088290Z Renaming identifier 'Seatbelt' to 'O_F41F88FA'.
[ClassObfuscationRewriter] 2025-12-01T20:13:40.4088290Z Renaming identifier 'Seatbelt' to 'O_F41F88FA'.
[ClassObfuscationRewriter] 2025-12-01T20:13:40.4098548Z Renaming identifier 'Seatbelt' to 'O_F41F88FA'.
[ClassObfuscationRewriter] 2025-12-01T20:13:40.4098548Z Renaming identifier 'CommandBase' to 'O_2183A68D'.
[ClassObfuscationRewriter] 2025-12-01T20:13:40.4098548Z Renaming identifier 'CommandDTOBase' to 'O_4AED570F'.
[ClassObfuscationRewriter] 2025-12-01T20:13:40.4108524Z Visiting object creation for type 'PluginAccess' => 'O_9E24156B'. Arguments visited: True.
[ClassObfuscationRewriter] 2025-12-01T20:13:40.4108524Z Visiting object creation for type 'PSSessionSettingsDTO' => 'O_C494E4E9'. Arguments visited: True.
[ClassObfuscationRewriter] 2025-12-01T20:13:40.4108524Z Renaming identifier 'CommandDTOBase' to 'O_4AED570F'.
[ClassObfuscationRewriter] 2025-12-01T20:13:40.4108524Z Visiting object creation for type 'PluginAccess' => 'O_9E24156B'. Arguments visited: True.
[ClassObfuscationRewriter] 2025-12-01T20:13:40.4108524Z Visiting object creation for type 'PSSessionSettingsDTO' => 'O_C494E4E9'. Arguments visited: True.
[ClassObfuscationRewriter] 2025-12-01T20:13:40.4140951Z Renaming identifier 'CommandDTOBase' to 'O_4AED570F'.
[ClassObfuscationRewriter] 2025-12-01T20:13:40.4150941Z Renaming identifier 'PluginAccess' to 'O_9E24156B'.
[ClassObfuscationRewriter] 2025-12-01T20:13:40.4150941Z Visited generic 'List' with updated type arguments: <O_9E24156B>.
[ClassObfuscationRewriter] 2025-12-01T20:13:40.4150941Z Renaming identifier 'PSSessionSettingsDTO' to 'O_C494E4E9'.
[ClassObfuscationRewriter] 2025-12-01T20:13:40.4181144Z Renaming identifier 'Seatbelt' to 'O_F41F88FA'.
[ClassObfuscationRewriter] 2025-12-01T20:13:40.4181144Z Renaming identifier 'Seatbelt' to 'O_F41F88FA'.
[ClassObfuscationRewriter] 2025-12-01T20:13:40.4181144Z Renaming identifier 'Rpcrt4' to 'O_F8D7398B'.
[ClassObfuscationRewriter] 2025-12-01T20:13:40.4181144Z Renaming qualified name 'Seatbelt.Interop.Rpcrt4' to 'O_F41F88FA.Interop.O_F8D7398B'.
[ClassObfuscationRewriter] 2025-12-01T20:13:40.4181144Z Renaming identifier 'Seatbelt' to 'O_F41F88FA'.
[ClassObfuscationRewriter] 2025-12-01T20:13:40.4181144Z Renaming identifier 'Seatbelt' to 'O_F41F88FA'.
[ClassObfuscationRewriter] 2025-12-01T20:13:40.4190980Z Renaming identifier 'CommandBase' to 'O_2183A68D'.
[ClassObfuscationRewriter] 2025-12-01T20:13:40.4190980Z Renaming identifier 'CommandDTOBase' to 'O_4AED570F'.
[ClassObfuscationRewriter] 2025-12-01T20:13:40.4190980Z Visiting object creation for type 'Version' => 'Version'. Arguments visited: True.
[ClassObfuscationRewriter] 2025-12-01T20:13:40.4190980Z Visiting object creation for type 'RPCMappedEndpointsDTO' => 'O_E5AEFE7F'. Arguments visited: True.
[ClassObfuscationRewriter] 2025-12-01T20:13:40.4200972Z Renaming identifier 'CommandDTOBase' to 'O_4AED570F'.
[ClassObfuscationRewriter] 2025-12-01T20:13:40.4200972Z Visiting object creation for type 'Version' => 'Version'. Arguments visited: True.
[ClassObfuscationRewriter] 2025-12-01T20:13:40.4200972Z Visiting object creation for type 'RPCMappedEndpointsDTO' => 'O_E5AEFE7F'. Arguments visited: True.
[ClassObfuscationRewriter] 2025-12-01T20:13:40.4220966Z Renaming identifier 'CommandDTOBase' to 'O_4AED570F'.
[ClassObfuscationRewriter] 2025-12-01T20:13:40.4220966Z Renaming identifier 'RPCMappedEndpointsDTO' to 'O_E5AEFE7F'.
[ClassObfuscationRewriter] 2025-12-01T20:13:40.4281172Z Renaming identifier 'Seatbelt' to 'O_F41F88FA'.
[ClassObfuscationRewriter] 2025-12-01T20:13:40.4281172Z Renaming identifier 'Seatbelt' to 'O_F41F88FA'.
[ClassObfuscationRewriter] 2025-12-01T20:13:40.4281172Z Renaming identifier 'Seatbelt' to 'O_F41F88FA'.
[ClassObfuscationRewriter] 2025-12-01T20:13:40.4281172Z Renaming identifier 'Seatbelt' to 'O_F41F88FA'.
[ClassObfuscationRewriter] 2025-12-01T20:13:40.4291166Z Renaming identifier 'CommandBase' to 'O_2183A68D'.
[ClassObfuscationRewriter] 2025-12-01T20:13:40.4291166Z Renaming identifier 'CommandDTOBase' to 'O_4AED570F'.
[ClassObfuscationRewriter] 2025-12-01T20:13:40.4311139Z Visiting object creation for type 'ScheduledTasksDTO' => 'O_572A3E52'. Arguments visited: True.
[ClassObfuscationRewriter] 2025-12-01T20:13:40.4311139Z Renaming identifier 'CommandDTOBase' to 'O_4AED570F'.
[ClassObfuscationRewriter] 2025-12-01T20:13:40.4401155Z Visiting object creation for type 'ScheduledTasksDTO' => 'O_572A3E52'. Arguments visited: True.
[ClassObfuscationRewriter] 2025-12-01T20:13:40.4516337Z Renaming identifier 'CommandDTOBase' to 'O_4AED570F'.
[ClassObfuscationRewriter] 2025-12-01T20:13:40.4526352Z Renaming identifier 'ScheduledTaskPrincipal' to 'O_A664A7BA'.
[ClassObfuscationRewriter] 2025-12-01T20:13:40.4526352Z Renaming identifier 'ScheduledTaskAction' to 'O_C2B9DBD9'.
[ClassObfuscationRewriter] 2025-12-01T20:13:40.4526352Z Visited generic 'List' with updated type arguments: <O_C2B9DBD9>.
[ClassObfuscationRewriter] 2025-12-01T20:13:40.4536340Z Renaming identifier 'ScheduledTaskTrigger' to 'O_B4B33E7C'.
[ClassObfuscationRewriter] 2025-12-01T20:13:40.4536340Z Visited generic 'List' with updated type arguments: <O_B4B33E7C>.
[ClassObfuscationRewriter] 2025-12-01T20:13:40.4536340Z Renaming identifier 'ScheduledTasksDTO' to 'O_572A3E52'.
[ClassObfuscationRewriter] 2025-12-01T20:13:40.4736952Z Renaming identifier 'Seatbelt' to 'O_F41F88FA'.
[ClassObfuscationRewriter] 2025-12-01T20:13:40.4736952Z Renaming identifier 'Seatbelt' to 'O_F41F88FA'.
[ClassObfuscationRewriter] 2025-12-01T20:13:40.4736952Z Renaming identifier 'CommandBase' to 'O_2183A68D'.
[ClassObfuscationRewriter] 2025-12-01T20:13:40.4751361Z Renaming identifier 'CommandDTOBase' to 'O_4AED570F'.
[ClassObfuscationRewriter] 2025-12-01T20:13:40.4751361Z Renaming identifier 'CommandDTOBase' to 'O_4AED570F'.
[ClassObfuscationRewriter] 2025-12-01T20:13:40.4751361Z Renaming identifier 'CommandDTOBase' to 'O_4AED570F'.
[ClassObfuscationRewriter] 2025-12-01T20:13:40.4794324Z Renaming identifier 'Seatbelt' to 'O_F41F88FA'.
[ClassObfuscationRewriter] 2025-12-01T20:13:40.4794324Z Renaming identifier 'Seatbelt' to 'O_F41F88FA'.
[ClassObfuscationRewriter] 2025-12-01T20:13:40.4794324Z Renaming identifier 'CommandBase' to 'O_2183A68D'.
[ClassObfuscationRewriter] 2025-12-01T20:13:40.4807292Z Renaming identifier 'CommandDTOBase' to 'O_4AED570F'.
[ClassObfuscationRewriter] 2025-12-01T20:13:40.4807292Z Visiting object creation for type 'ServicesDTO' => 'O_4DE83E42'. Arguments visited: True.
[ClassObfuscationRewriter] 2025-12-01T20:13:40.4817447Z Renaming identifier 'CommandDTOBase' to 'O_4AED570F'.
[ClassObfuscationRewriter] 2025-12-01T20:13:40.4827411Z Visiting object creation for type 'ServicesDTO' => 'O_4DE83E42'. Arguments visited: True.
[ClassObfuscationRewriter] 2025-12-01T20:13:40.4977385Z Renaming identifier 'CommandDTOBase' to 'O_4AED570F'.
[ClassObfuscationRewriter] 2025-12-01T20:13:40.5017419Z Renaming identifier 'Seatbelt' to 'O_F41F88FA'.
[ClassObfuscationRewriter] 2025-12-01T20:13:40.5017419Z Renaming identifier 'Seatbelt' to 'O_F41F88FA'.
[ClassObfuscationRewriter] 2025-12-01T20:13:40.5027390Z Renaming identifier 'Seatbelt' to 'O_F41F88FA'.
[ClassObfuscationRewriter] 2025-12-01T20:13:40.5027390Z Renaming identifier 'Netapi32' to 'O_B81255AD'.
[ClassObfuscationRewriter] 2025-12-01T20:13:40.5027390Z Renaming qualified name 'Seatbelt.Interop.Netapi32' to 'O_F41F88FA.Interop.O_B81255AD'.
[ClassObfuscationRewriter] 2025-12-01T20:13:40.5027390Z Renaming identifier 'Seatbelt' to 'O_F41F88FA'.
[ClassObfuscationRewriter] 2025-12-01T20:13:40.5040382Z Renaming identifier 'Seatbelt' to 'O_F41F88FA'.
[ClassObfuscationRewriter] 2025-12-01T20:13:40.5040382Z Renaming identifier 'CommandBase' to 'O_2183A68D'.
[ClassObfuscationRewriter] 2025-12-01T20:13:40.5040382Z Renaming identifier 'CommandDTOBase' to 'O_4AED570F'.
[ClassObfuscationRewriter] 2025-12-01T20:13:40.5055176Z Visiting object creation for type 'LsaWrapper' => 'O_41CA9BAE'. Arguments visited: True.
[ClassObfuscationRewriter] 2025-12-01T20:13:40.5055176Z Visiting object creation for type 'UserRightAssignmentsDTO' => 'O_B2DB8A27'. Arguments visited: True.
[ClassObfuscationRewriter] 2025-12-01T20:13:40.5055176Z Renaming identifier 'CommandDTOBase' to 'O_4AED570F'.
[ClassObfuscationRewriter] 2025-12-01T20:13:40.5055176Z Visiting object creation for type 'LsaWrapper' => 'O_41CA9BAE'. Arguments visited: True.
[ClassObfuscationRewriter] 2025-12-01T20:13:40.5066054Z Visiting object creation for type 'UserRightAssignmentsDTO' => 'O_B2DB8A27'. Arguments visited: True.
[ClassObfuscationRewriter] 2025-12-01T20:13:40.5156186Z Renaming identifier 'CommandDTOBase' to 'O_4AED570F'.
[ClassObfuscationRewriter] 2025-12-01T20:13:40.5156186Z Renaming identifier 'UserRightAssignmentsDTO' to 'O_B2DB8A27'.
[ClassObfuscationRewriter] 2025-12-01T20:13:40.5196141Z Renaming identifier 'Seatbelt' to 'O_F41F88FA'.
[ClassObfuscationRewriter] 2025-12-01T20:13:40.5206412Z Renaming identifier 'Seatbelt' to 'O_F41F88FA'.
[ClassObfuscationRewriter] 2025-12-01T20:13:40.5206412Z Renaming identifier 'Seatbelt' to 'O_F41F88FA'.
[ClassObfuscationRewriter] 2025-12-01T20:13:40.5206412Z Renaming identifier 'Seatbelt' to 'O_F41F88FA'.
[ClassObfuscationRewriter] 2025-12-01T20:13:40.5206412Z Renaming identifier 'CommandBase' to 'O_2183A68D'.
[ClassObfuscationRewriter] 2025-12-01T20:13:40.5206412Z Renaming identifier 'CommandDTOBase' to 'O_4AED570F'.
[ClassObfuscationRewriter] 2025-12-01T20:13:40.5216419Z Visiting object creation for type 'Regex' => 'Regex'. Arguments visited: True.
[ClassObfuscationRewriter] 2025-12-01T20:13:40.5216419Z Visiting object creation for type 'Regex' => 'Regex'. Arguments visited: True.
[ClassObfuscationRewriter] 2025-12-01T20:13:40.5216419Z Renaming identifier 'RegistryValueDTO' to 'O_13C2B2E0'.
[ClassObfuscationRewriter] 2025-12-01T20:13:40.5216419Z Visited generic 'IEnumerable' with updated type arguments: <O_13C2B2E0>.
[ClassObfuscationRewriter] 2025-12-01T20:13:40.5226386Z Renaming identifier 'RegistryValueDTO' to 'O_13C2B2E0'.
[ClassObfuscationRewriter] 2025-12-01T20:13:40.5226386Z Visited generic 'IEnumerable' with updated type arguments: <O_13C2B2E0>.
[ClassObfuscationRewriter] 2025-12-01T20:13:40.5226386Z Visiting object creation for type 'Exception' => 'Exception'. Arguments visited: True.
[ClassObfuscationRewriter] 2025-12-01T20:13:40.5226386Z Visiting object creation for type 'RegistryValueDTO' => 'O_13C2B2E0'. Arguments visited: True.
[ClassObfuscationRewriter] 2025-12-01T20:13:40.5226386Z Visiting object creation for type 'RegistryValueDTO' => 'O_13C2B2E0'. Arguments visited: True.
[ClassObfuscationRewriter] 2025-12-01T20:13:40.5236399Z Visiting object creation for type 'Exception' => 'Exception'. Arguments visited: True.
[ClassObfuscationRewriter] 2025-12-01T20:13:40.5236399Z Renaming identifier 'CommandDTOBase' to 'O_4AED570F'.
[ClassObfuscationRewriter] 2025-12-01T20:13:40.5236399Z Visiting object creation for type 'Regex' => 'Regex'. Arguments visited: True.
[ClassObfuscationRewriter] 2025-12-01T20:13:40.5246440Z Visiting object creation for type 'Regex' => 'Regex'. Arguments visited: True.
[ClassObfuscationRewriter] 2025-12-01T20:13:40.5246440Z Renaming identifier 'RegistryValueDTO' to 'O_13C2B2E0'.
[ClassObfuscationRewriter] 2025-12-01T20:13:40.5246440Z Visited generic 'IEnumerable' with updated type arguments: <O_13C2B2E0>.
[ClassObfuscationRewriter] 2025-12-01T20:13:40.5246440Z Renaming identifier 'RegistryValueDTO' to 'O_13C2B2E0'.
[ClassObfuscationRewriter] 2025-12-01T20:13:40.5256402Z Visited generic 'IEnumerable' with updated type arguments: <O_13C2B2E0>.
[ClassObfuscationRewriter] 2025-12-01T20:13:40.5256402Z Visiting object creation for type 'Exception' => 'Exception'. Arguments visited: True.
[ClassObfuscationRewriter] 2025-12-01T20:13:40.5256402Z Visiting object creation for type 'RegistryValueDTO' => 'O_13C2B2E0'. Arguments visited: True.
[ClassObfuscationRewriter] 2025-12-01T20:13:40.5256402Z Visiting object creation for type 'RegistryValueDTO' => 'O_13C2B2E0'. Arguments visited: True.
[ClassObfuscationRewriter] 2025-12-01T20:13:40.5256402Z Visiting object creation for type 'Exception' => 'Exception'. Arguments visited: True.
[ClassObfuscationRewriter] 2025-12-01T20:13:40.5351248Z Renaming identifier 'CommandDTOBase' to 'O_4AED570F'.
[ClassObfuscationRewriter] 2025-12-01T20:13:40.5351248Z Renaming identifier 'RegistryValueDTO' to 'O_13C2B2E0'.
[ClassObfuscationRewriter] 2025-12-01T20:13:40.5411264Z Renaming identifier 'Seatbelt' to 'O_F41F88FA'.
[ClassObfuscationRewriter] 2025-12-01T20:13:40.5416994Z Renaming identifier 'CommandBase' to 'O_2183A68D'.
[ClassObfuscationRewriter] 2025-12-01T20:13:40.5416994Z Renaming identifier 'CommandDTOBase' to 'O_4AED570F'.
[ClassObfuscationRewriter] 2025-12-01T20:13:40.5427097Z Visiting object creation for type 'WindowsAutoLogonDTO' => 'O_A84D8E7E'. Arguments visited: True.
[ClassObfuscationRewriter] 2025-12-01T20:13:40.5427097Z Renaming identifier 'CommandDTOBase' to 'O_4AED570F'.
[ClassObfuscationRewriter] 2025-12-01T20:13:40.5432210Z Renaming identifier 'CommandDTOBase' to 'O_4AED570F'.
[ClassObfuscationRewriter] 2025-12-01T20:13:40.5432210Z Visiting object creation for type 'System.DateTime' => 'System.DateTime'. Arguments visited: True.
[ClassObfuscationRewriter] 2025-12-01T20:13:40.5442357Z Visiting object creation for type 'WindowsAutoLogonDTO' => 'O_A84D8E7E'. Arguments visited: True.
[ClassObfuscationRewriter] 2025-12-01T20:13:40.5504732Z Renaming identifier 'Seatbelt' to 'O_F41F88FA'.
[ClassObfuscationRewriter] 2025-12-01T20:13:40.5504732Z Renaming identifier 'Seatbelt' to 'O_F41F88FA'.
[ClassObfuscationRewriter] 2025-12-01T20:13:40.5504732Z Renaming identifier 'Seatbelt' to 'O_F41F88FA'.
[ClassObfuscationRewriter] 2025-12-01T20:13:40.5504732Z Renaming identifier 'CommandBase' to 'O_2183A68D'.
[ClassObfuscationRewriter] 2025-12-01T20:13:40.5516302Z Renaming identifier 'CommandDTOBase' to 'O_4AED570F'.
[ClassObfuscationRewriter] 2025-12-01T20:13:40.5516302Z Visiting object creation for type 'List<string>' => 'List<string>'. Arguments visited: True.
[ClassObfuscationRewriter] 2025-12-01T20:13:40.5516302Z Updated generic object creation type arguments: <string> for 'List<string>'.
[ClassObfuscationRewriter] 2025-12-01T20:13:40.5526436Z Renaming identifier 'CommandDTOBase' to 'O_4AED570F'.
[ClassObfuscationRewriter] 2025-12-01T20:13:40.5526436Z Renaming identifier 'AutoRunDTO' to 'O_38A99EC8'.
[ClassObfuscationRewriter] 2025-12-01T20:13:40.5548577Z Renaming identifier 'CommandDTOBase' to 'O_4AED570F'.
[ClassObfuscationRewriter] 2025-12-01T20:13:40.5548577Z Visiting object creation for type 'System.DateTime' => 'System.DateTime'. Arguments visited: True.
[ClassObfuscationRewriter] 2025-12-01T20:13:40.5558620Z Visiting object creation for type 'List<string>' => 'List<string>'. Arguments visited: True.
[ClassObfuscationRewriter] 2025-12-01T20:13:40.5568631Z Updated generic object creation type arguments: <string> for 'List<string>'.
[ClassObfuscationRewriter] 2025-12-01T20:13:40.5698669Z Renaming identifier 'Seatbelt' to 'O_F41F88FA'.
[ClassObfuscationRewriter] 2025-12-01T20:13:40.5708603Z Renaming identifier 'Seatbelt' to 'O_F41F88FA'.
[ClassObfuscationRewriter] 2025-12-01T20:13:40.5708603Z Renaming identifier 'Seatbelt' to 'O_F41F88FA'.
[ClassObfuscationRewriter] 2025-12-01T20:13:40.5708603Z Renaming identifier 'Seatbelt' to 'O_F41F88FA'.
[ClassObfuscationRewriter] 2025-12-01T20:13:40.5708603Z Renaming identifier 'CommandBase' to 'O_2183A68D'.
[ClassObfuscationRewriter] 2025-12-01T20:13:40.5708603Z Renaming identifier 'CommandDTOBase' to 'O_4AED570F'.
[ClassObfuscationRewriter] 2025-12-01T20:13:40.5721979Z Visiting object creation for type 'ChromiumPresenceDTO' => 'O_8E19C753'. Arguments visited: True.
[ClassObfuscationRewriter] 2025-12-01T20:13:40.5721979Z Renaming identifier 'CommandDTOBase' to 'O_4AED570F'.
[ClassObfuscationRewriter] 2025-12-01T20:13:40.5721979Z Renaming identifier 'ChromiumPresenceDTO' to 'O_8E19C753'.
[ClassObfuscationRewriter] 2025-12-01T20:13:40.5752159Z Renaming identifier 'CommandDTOBase' to 'O_4AED570F'.
[ClassObfuscationRewriter] 2025-12-01T20:13:40.5762149Z Visiting object creation for type 'ChromiumPresenceDTO' => 'O_8E19C753'. Arguments visited: True.
[ClassObfuscationRewriter] 2025-12-01T20:13:40.5834544Z Renaming identifier 'Seatbelt' to 'O_F41F88FA'.
[ClassObfuscationRewriter] 2025-12-01T20:13:40.5844559Z Renaming identifier 'CommandBase' to 'O_2183A68D'.
[ClassObfuscationRewriter] 2025-12-01T20:13:40.5844559Z Renaming identifier 'CommandDTOBase' to 'O_4AED570F'.
[ClassObfuscationRewriter] 2025-12-01T20:13:40.5844559Z Visiting object creation for type 'CloudCredentialsDTO' => 'O_2DB4352B'. Arguments visited: True.
[ClassObfuscationRewriter] 2025-12-01T20:13:40.5854522Z Visiting object creation for type 'CloudCredentialsDTO' => 'O_2DB4352B'. Arguments visited: True.
[ClassObfuscationRewriter] 2025-12-01T20:13:40.5854522Z Visiting object creation for type 'CloudCredentialsDTO' => 'O_2DB4352B'. Arguments visited: True.
[ClassObfuscationRewriter] 2025-12-01T20:13:40.5854522Z Visiting object creation for type 'CloudCredentialsDTO' => 'O_2DB4352B'. Arguments visited: True.
[ClassObfuscationRewriter] 2025-12-01T20:13:40.5854522Z Renaming identifier 'CommandDTOBase' to 'O_4AED570F'.
[ClassObfuscationRewriter] 2025-12-01T20:13:40.5864609Z Renaming identifier 'CommandDTOBase' to 'O_4AED570F'.
[ClassObfuscationRewriter] 2025-12-01T20:13:40.5864609Z Visiting object creation for type 'CloudCredentialsDTO' => 'O_2DB4352B'. Arguments visited: True.
[ClassObfuscationRewriter] 2025-12-01T20:13:40.5874706Z Visiting object creation for type 'CloudCredentialsDTO' => 'O_2DB4352B'. Arguments visited: True.
[ClassObfuscationRewriter] 2025-12-01T20:13:40.5874706Z Visiting object creation for type 'CloudCredentialsDTO' => 'O_2DB4352B'. Arguments visited: True.
[ClassObfuscationRewriter] 2025-12-01T20:13:40.5874706Z Visiting object creation for type 'CloudCredentialsDTO' => 'O_2DB4352B'. Arguments visited: True.
[ClassObfuscationRewriter] 2025-12-01T20:13:40.5934697Z Renaming identifier 'Seatbelt' to 'O_F41F88FA'.
[ClassObfuscationRewriter] 2025-12-01T20:13:40.5934697Z Renaming identifier 'Seatbelt' to 'O_F41F88FA'.
[ClassObfuscationRewriter] 2025-12-01T20:13:40.5934697Z Renaming identifier 'Seatbelt' to 'O_F41F88FA'.
[ClassObfuscationRewriter] 2025-12-01T20:13:40.5944712Z Renaming identifier 'CommandBase' to 'O_2183A68D'.
[ClassObfuscationRewriter] 2025-12-01T20:13:40.5954684Z Renaming identifier 'CommandDTOBase' to 'O_4AED570F'.
[ClassObfuscationRewriter] 2025-12-01T20:13:40.5954684Z Renaming identifier 'CommandDTOBase' to 'O_4AED570F'.
[ClassObfuscationRewriter] 2025-12-01T20:13:40.5964712Z Visited generic 'IEnumerable' with updated type arguments: <O_4AED570F>.
[ClassObfuscationRewriter] 2025-12-01T20:13:40.5964712Z Visiting object creation for type 'WindowsCredentialFileDTO' => 'O_8CB6CE5F'. Arguments visited: True.
[ClassObfuscationRewriter] 2025-12-01T20:13:40.5964712Z Renaming identifier 'CredentialFileInfo' to 'O_8BC87FE5'.
[ClassObfuscationRewriter] 2025-12-01T20:13:40.5964712Z Renaming identifier 'CommandDTOBase' to 'O_4AED570F'.
[ClassObfuscationRewriter] 2025-12-01T20:13:40.5976837Z Visiting object creation for type 'System.DateTime' => 'System.DateTime'. Arguments visited: True.
[ClassObfuscationRewriter] 2025-12-01T20:13:40.5976837Z Renaming identifier 'CommandDTOBase' to 'O_4AED570F'.
[ClassObfuscationRewriter] 2025-12-01T20:13:40.5976837Z Visited generic 'IEnumerable' with updated type arguments: <O_4AED570F>.
[ClassObfuscationRewriter] 2025-12-01T20:13:40.5976837Z Visiting object creation for type 'System.DateTime' => 'System.DateTime'. Arguments visited: True.
[ClassObfuscationRewriter] 2025-12-01T20:13:40.5986924Z Visiting object creation for type 'WindowsCredentialFileDTO' => 'O_8CB6CE5F'. Arguments visited: True.
[ClassObfuscationRewriter] 2025-12-01T20:13:40.5986924Z Renaming identifier 'CredentialFileInfo' to 'O_8BC87FE5'.
[ClassObfuscationRewriter] 2025-12-01T20:13:40.5986924Z Visiting object creation for type 'System.DateTime' => 'System.DateTime'. Arguments visited: True.
[ClassObfuscationRewriter] 2025-12-01T20:13:40.6027140Z Renaming identifier 'CommandDTOBase' to 'O_4AED570F'.
[ClassObfuscationRewriter] 2025-12-01T20:13:40.6027140Z Renaming identifier 'CredentialFileInfo' to 'O_8BC87FE5'.
[ClassObfuscationRewriter] 2025-12-01T20:13:40.6027140Z Visited generic 'List' with updated type arguments: <O_8BC87FE5>.
[ClassObfuscationRewriter] 2025-12-01T20:13:40.6037173Z Renaming identifier 'WindowsCredentialFileDTO' to 'O_8CB6CE5F'.
[ClassObfuscationRewriter] 2025-12-01T20:13:40.6037173Z Visiting object creation for type 'System.DateTime' => 'System.DateTime'. Arguments visited: True.
[ClassObfuscationRewriter] 2025-12-01T20:13:40.6077159Z Renaming identifier 'Seatbelt' to 'O_F41F88FA'.
[ClassObfuscationRewriter] 2025-12-01T20:13:40.6077159Z Renaming identifier 'Seatbelt' to 'O_F41F88FA'.
[ClassObfuscationRewriter] 2025-12-01T20:13:40.6077159Z Renaming identifier 'Seatbelt' to 'O_F41F88FA'.
[ClassObfuscationRewriter] 2025-12-01T20:13:40.6077159Z Renaming identifier 'CommandBase' to 'O_2183A68D'.
[ClassObfuscationRewriter] 2025-12-01T20:13:40.6087143Z Renaming identifier 'CommandDTOBase' to 'O_4AED570F'.
[ClassObfuscationRewriter] 2025-12-01T20:13:40.6087143Z Visiting object creation for type 'TokenGroupsDTO' => 'O_64D6C700'. Arguments visited: True.
[ClassObfuscationRewriter] 2025-12-01T20:13:40.6087143Z Renaming identifier 'CommandDTOBase' to 'O_4AED570F'.
[ClassObfuscationRewriter] 2025-12-01T20:13:40.6087143Z Visiting object creation for type 'TokenGroupsDTO' => 'O_64D6C700'. Arguments visited: True.
[ClassObfuscationRewriter] 2025-12-01T20:13:40.6107140Z Renaming identifier 'CommandDTOBase' to 'O_4AED570F'.
[ClassObfuscationRewriter] 2025-12-01T20:13:40.6107140Z Renaming identifier 'TokenGroupsDTO' to 'O_64D6C700'.
[ClassObfuscationRewriter] 2025-12-01T20:13:40.6136209Z Renaming identifier 'Seatbelt' to 'O_F41F88FA'.
[ClassObfuscationRewriter] 2025-12-01T20:13:40.6146217Z Renaming identifier 'CommandBase' to 'O_2183A68D'.
[ClassObfuscationRewriter] 2025-12-01T20:13:40.6146217Z Renaming identifier 'CommandDTOBase' to 'O_4AED570F'.
[ClassObfuscationRewriter] 2025-12-01T20:13:40.6146217Z Visiting object creation for type 'DNSCacheDTO' => 'O_A328A704'. Arguments visited: True.
[ClassObfuscationRewriter] 2025-12-01T20:13:40.6156218Z Renaming identifier 'CommandDTOBase' to 'O_4AED570F'.
[ClassObfuscationRewriter] 2025-12-01T20:13:40.6156218Z Visiting object creation for type 'DNSCacheDTO' => 'O_A328A704'. Arguments visited: True.
[ClassObfuscationRewriter] 2025-12-01T20:13:40.6176207Z Renaming identifier 'CommandDTOBase' to 'O_4AED570F'.
[ClassObfuscationRewriter] 2025-12-01T20:13:40.6196215Z Renaming identifier 'Seatbelt' to 'O_F41F88FA'.
[ClassObfuscationRewriter] 2025-12-01T20:13:40.6211063Z Renaming identifier 'Seatbelt' to 'O_F41F88FA'.
[ClassObfuscationRewriter] 2025-12-01T20:13:40.6211063Z Renaming identifier 'Seatbelt' to 'O_F41F88FA'.
[ClassObfuscationRewriter] 2025-12-01T20:13:40.6221229Z Renaming identifier 'CommandBase' to 'O_2183A68D'.
[ClassObfuscationRewriter] 2025-12-01T20:13:40.6221229Z Renaming identifier 'CommandDTOBase' to 'O_4AED570F'.
[ClassObfuscationRewriter] 2025-12-01T20:13:40.6301260Z Visiting object creation for type 'DpapiMasterKeysDTO' => 'O_FBE67245'. Arguments visited: True.
[ClassObfuscationRewriter] 2025-12-01T20:13:40.6301260Z Renaming identifier 'CommandDTOBase' to 'O_4AED570F'.
[ClassObfuscationRewriter] 2025-12-01T20:13:40.6301260Z Renaming identifier 'MasterKey' to 'O_C2D05A62'.
[ClassObfuscationRewriter] 2025-12-01T20:13:40.6311251Z Visited generic 'List' with updated type arguments: <O_C2D05A62>.
[ClassObfuscationRewriter] 2025-12-01T20:13:40.6311251Z Renaming identifier 'DpapiMasterKeysDTO' to 'O_FBE67245'.
[ClassObfuscationRewriter] 2025-12-01T20:13:40.6321257Z Renaming identifier 'CommandDTOBase' to 'O_4AED570F'.
[ClassObfuscationRewriter] 2025-12-01T20:13:40.6331230Z Visiting object creation for type 'DpapiMasterKeysDTO' => 'O_FBE67245'. Arguments visited: True.
[ClassObfuscationRewriter] 2025-12-01T20:13:40.6381245Z Renaming identifier 'Seatbelt' to 'O_F41F88FA'.
[ClassObfuscationRewriter] 2025-12-01T20:13:40.6381245Z Renaming identifier 'Seatbelt' to 'O_F41F88FA'.
[ClassObfuscationRewriter] 2025-12-01T20:13:40.6391231Z Renaming identifier 'Seatbelt' to 'O_F41F88FA'.
[ClassObfuscationRewriter] 2025-12-01T20:13:40.6391231Z Renaming identifier 'Seatbelt' to 'O_F41F88FA'.
[ClassObfuscationRewriter] 2025-12-01T20:13:40.6391231Z Renaming identifier 'CommandBase' to 'O_2183A68D'.
[ClassObfuscationRewriter] 2025-12-01T20:13:40.6391231Z Renaming identifier 'CommandDTOBase' to 'O_4AED570F'.
[ClassObfuscationRewriter] 2025-12-01T20:13:40.6401320Z Visiting object creation for type 'EnvironmentVariableDTO' => 'O_10B96862'. Arguments visited: True.
[ClassObfuscationRewriter] 2025-12-01T20:13:40.6401320Z Renaming identifier 'CommandDTOBase' to 'O_4AED570F'.
[ClassObfuscationRewriter] 2025-12-01T20:13:40.6411298Z Renaming identifier 'EnvironmentVariableDTO' to 'O_10B96862'.
[ClassObfuscationRewriter] 2025-12-01T20:13:40.6411298Z Renaming identifier 'CommandDTOBase' to 'O_4AED570F'.
[ClassObfuscationRewriter] 2025-12-01T20:13:40.6411298Z Visiting object creation for type 'EnvironmentVariableDTO' => 'O_10B96862'. Arguments visited: True.
[ClassObfuscationRewriter] 2025-12-01T20:13:40.6456592Z Renaming identifier 'Seatbelt' to 'O_F41F88FA'.
[ClassObfuscationRewriter] 2025-12-01T20:13:40.6466589Z Renaming identifier 'CommandDTOBase' to 'O_4AED570F'.
[ClassObfuscationRewriter] 2025-12-01T20:13:40.6466589Z Visiting object creation for type 'NotImplementedException' => 'NotImplementedException'. Arguments visited: True.
[ClassObfuscationRewriter] 2025-12-01T20:13:40.6486893Z Renaming identifier 'Seatbelt' to 'O_F41F88FA'.
[ClassObfuscationRewriter] 2025-12-01T20:13:40.6486893Z Renaming identifier 'Seatbelt' to 'O_F41F88FA'.
[ClassObfuscationRewriter] 2025-12-01T20:13:40.6496923Z Renaming identifier 'CommandBase' to 'O_2183A68D'.
[ClassObfuscationRewriter] 2025-12-01T20:13:40.6496923Z Renaming identifier 'CommandDTOBase' to 'O_4AED570F'.
[ClassObfuscationRewriter] 2025-12-01T20:13:40.6506977Z Visiting object creation for type 'ExplicitLogonEventsDTO' => 'O_B860970F'. Arguments visited: True.
[ClassObfuscationRewriter] 2025-12-01T20:13:40.6506977Z Renaming identifier 'CommandDTOBase' to 'O_4AED570F'.
[ClassObfuscationRewriter] 2025-12-01T20:13:40.6506977Z Visiting object creation for type 'ExplicitLogonEventsDTO' => 'O_B860970F'. Arguments visited: True.
[ClassObfuscationRewriter] 2025-12-01T20:13:40.6566969Z Renaming identifier 'Seatbelt' to 'O_F41F88FA'.
[ClassObfuscationRewriter] 2025-12-01T20:13:40.6566969Z Renaming identifier 'Seatbelt' to 'O_F41F88FA'.
[ClassObfuscationRewriter] 2025-12-01T20:13:40.6566969Z Renaming identifier 'Seatbelt' to 'O_F41F88FA'.
[ClassObfuscationRewriter] 2025-12-01T20:13:40.6576921Z Renaming identifier 'CommandBase' to 'O_2183A68D'.
[ClassObfuscationRewriter] 2025-12-01T20:13:40.6576921Z Renaming identifier 'CommandDTOBase' to 'O_4AED570F'.
[ClassObfuscationRewriter] 2025-12-01T20:13:40.6576921Z Visiting object creation for type 'FirefoxPresenceDTO' => 'O_90883E87'. Arguments visited: True.
[ClassObfuscationRewriter] 2025-12-01T20:13:40.6586901Z Renaming identifier 'CommandDTOBase' to 'O_4AED570F'.
[ClassObfuscationRewriter] 2025-12-01T20:13:40.6586901Z Renaming identifier 'FirefoxPresenceDTO' to 'O_90883E87'.
[ClassObfuscationRewriter] 2025-12-01T20:13:40.6606917Z Renaming identifier 'CommandDTOBase' to 'O_4AED570F'.
[ClassObfuscationRewriter] 2025-12-01T20:13:40.6616925Z Visiting object creation for type 'FirefoxPresenceDTO' => 'O_90883E87'. Arguments visited: True.
[ClassObfuscationRewriter] 2025-12-01T20:13:40.6676910Z Renaming identifier 'Seatbelt' to 'O_F41F88FA'.
[ClassObfuscationRewriter] 2025-12-01T20:13:40.6676910Z Renaming identifier 'Seatbelt' to 'O_F41F88FA'.
[ClassObfuscationRewriter] 2025-12-01T20:13:40.6676910Z Renaming identifier 'Seatbelt' to 'O_F41F88FA'.
[ClassObfuscationRewriter] 2025-12-01T20:13:40.6686950Z Renaming identifier 'CommandBase' to 'O_2183A68D'.
[ClassObfuscationRewriter] 2025-12-01T20:13:40.6686950Z Renaming identifier 'CommandDTOBase' to 'O_4AED570F'.
[ClassObfuscationRewriter] 2025-12-01T20:13:40.6686950Z Encountered reserved namespace 'System.Security'. Left visited as 'System', right visited as 'Security'.
[ClassObfuscationRewriter] 2025-12-01T20:13:40.6686950Z Encountered reserved namespace 'System.Security.Principal'. Left visited as 'System.Security', right visited as 'Principal'.
[ClassObfuscationRewriter] 2025-12-01T20:13:40.6696979Z Encountered reserved namespace 'System.Security.Principal.NTAccount'. Left visited as 'System.Security.Principal', right visited as 'NTAccount'.
[ClassObfuscationRewriter] 2025-12-01T20:13:40.6696979Z Visiting object creation for type 'InterestingFileDTO' => 'O_546DA94C'. Arguments visited: True.
[ClassObfuscationRewriter] 2025-12-01T20:13:40.6696979Z Renaming identifier 'CommandDTOBase' to 'O_4AED570F'.
[ClassObfuscationRewriter] 2025-12-01T20:13:40.6706960Z Renaming identifier 'InterestingFileDTO' to 'O_546DA94C'.
[ClassObfuscationRewriter] 2025-12-01T20:13:40.6716932Z Renaming identifier 'CommandDTOBase' to 'O_4AED570F'.
[ClassObfuscationRewriter] 2025-12-01T20:13:40.6716932Z Encountered reserved namespace 'System.Security'. Left visited as 'System', right visited as 'Security'.
[ClassObfuscationRewriter] 2025-12-01T20:13:40.6716932Z Encountered reserved namespace 'System.Security.Principal'. Left visited as 'System.Security', right visited as 'Principal'.
[ClassObfuscationRewriter] 2025-12-01T20:13:40.6716932Z Encountered reserved namespace 'System.Security.Principal.NTAccount'. Left visited as 'System.Security.Principal', right visited as 'NTAccount'.
[ClassObfuscationRewriter] 2025-12-01T20:13:40.6729742Z Visiting object creation for type 'InterestingFileDTO' => 'O_546DA94C'. Arguments visited: True.
[ClassObfuscationRewriter] 2025-12-01T20:13:40.6820573Z Renaming identifier 'Seatbelt' to 'O_F41F88FA'.
[ClassObfuscationRewriter] 2025-12-01T20:13:40.6820573Z Renaming identifier 'CommandBase' to 'O_2183A68D'.
[ClassObfuscationRewriter] 2025-12-01T20:13:40.6820573Z Renaming identifier 'CommandDTOBase' to 'O_4AED570F'.
[ClassObfuscationRewriter] 2025-12-01T20:13:40.6830676Z Visiting object creation for type 'InternetExplorerTabsDTO' => 'O_71FF6B09'. Arguments visited: True.
[ClassObfuscationRewriter] 2025-12-01T20:13:40.6830676Z Renaming identifier 'CommandDTOBase' to 'O_4AED570F'.
[ClassObfuscationRewriter] 2025-12-01T20:13:40.6840670Z Renaming identifier 'CommandDTOBase' to 'O_4AED570F'.
[ClassObfuscationRewriter] 2025-12-01T20:13:40.6840670Z Visiting object creation for type 'System.DateTime' => 'System.DateTime'. Arguments visited: True.
[ClassObfuscationRewriter] 2025-12-01T20:13:40.6840670Z Visiting object creation for type 'InternetExplorerTabsDTO' => 'O_71FF6B09'. Arguments visited: True.
[ClassObfuscationRewriter] 2025-12-01T20:13:40.6958833Z Renaming identifier 'Seatbelt' to 'O_F41F88FA'.
[ClassObfuscationRewriter] 2025-12-01T20:13:40.6971986Z Renaming identifier 'Seatbelt' to 'O_F41F88FA'.
[ClassObfuscationRewriter] 2025-12-01T20:13:40.6971986Z Renaming identifier 'Seatbelt' to 'O_F41F88FA'.
[ClassObfuscationRewriter] 2025-12-01T20:13:40.6971986Z Renaming identifier 'Seatbelt' to 'O_F41F88FA'.
[ClassObfuscationRewriter] 2025-12-01T20:13:40.6971986Z Renaming identifier 'CommandBase' to 'O_2183A68D'.
[ClassObfuscationRewriter] 2025-12-01T20:13:40.6983342Z Renaming identifier 'CommandDTOBase' to 'O_4AED570F'.
[ClassObfuscationRewriter] 2025-12-01T20:13:40.6983342Z Visiting object creation for type 'InternetSettingsKey' => 'O_445A92E6'. Arguments visited: True.
[ClassObfuscationRewriter] 2025-12-01T20:13:40.6983342Z Visiting object creation for type 'InternetSettingsKey' => 'O_445A92E6'. Arguments visited: True.
[ClassObfuscationRewriter] 2025-12-01T20:13:40.6996598Z Visiting object creation for type 'InternetSettingsKey' => 'O_445A92E6'. Arguments visited: True.
[ClassObfuscationRewriter] 2025-12-01T20:13:40.6996598Z Visiting object creation for type 'InternetSettingsKey' => 'O_445A92E6'. Arguments visited: True.
[ClassObfuscationRewriter] 2025-12-01T20:13:40.6996598Z Visiting object creation for type 'InternetSettingsKey' => 'O_445A92E6'. Arguments visited: True.
[ClassObfuscationRewriter] 2025-12-01T20:13:40.7006713Z Renaming identifier 'CommandDTOBase' to 'O_4AED570F'.
[ClassObfuscationRewriter] 2025-12-01T20:13:40.7006713Z Renaming identifier 'InternetSettingsKey' to 'O_445A92E6'.
[ClassObfuscationRewriter] 2025-12-01T20:13:40.7016698Z Visited generic 'List' with updated type arguments: <O_445A92E6>.
[ClassObfuscationRewriter] 2025-12-01T20:13:40.7016698Z Visiting object creation for type 'List<InternetSettingsKey>' => 'List<O_445A92E6>'. Arguments visited: True.
[ClassObfuscationRewriter] 2025-12-01T20:13:40.7016698Z Updated generic object creation type arguments: <O_445A92E6> for 'List<O_445A92E6>'.
[ClassObfuscationRewriter] 2025-12-01T20:13:40.7016698Z Renaming identifier 'InternetSettingsKey' to 'O_445A92E6'.
[ClassObfuscationRewriter] 2025-12-01T20:13:40.7016698Z Visited generic 'List' with updated type arguments: <O_445A92E6>.
[ClassObfuscationRewriter] 2025-12-01T20:13:40.7016698Z Visiting object creation for type 'List<InternetSettingsKey>' => 'List<O_445A92E6>'. Arguments visited: True.
[ClassObfuscationRewriter] 2025-12-01T20:13:40.7016698Z Updated generic object creation type arguments: <O_445A92E6> for 'List<O_445A92E6>'.
[ClassObfuscationRewriter] 2025-12-01T20:13:40.7016698Z Renaming identifier 'InternetSettingsKey' to 'O_445A92E6'.
[ClassObfuscationRewriter] 2025-12-01T20:13:40.7016698Z Visited generic 'List' with updated type arguments: <O_445A92E6>.
[ClassObfuscationRewriter] 2025-12-01T20:13:40.7030819Z Visiting object creation for type 'List<InternetSettingsKey>' => 'List<O_445A92E6>'. Arguments visited: True.
[ClassObfuscationRewriter] 2025-12-01T20:13:40.7030819Z Updated generic object creation type arguments: <O_445A92E6> for 'List<O_445A92E6>'.
[ClassObfuscationRewriter] 2025-12-01T20:13:40.7030819Z Renaming identifier 'InternetSettingsDTO' to 'O_1177CAA2'.
[ClassObfuscationRewriter] 2025-12-01T20:13:40.7040945Z Visiting object creation for type 'System.TimeSpan' => 'System.TimeSpan'. Arguments visited: True.
[ClassObfuscationRewriter] 2025-12-01T20:13:40.7234042Z Renaming identifier 'CommandDTOBase' to 'O_4AED570F'.
[ClassObfuscationRewriter] 2025-12-01T20:13:40.7244140Z Visiting object creation for type 'System.TimeSpan' => 'System.TimeSpan'. Arguments visited: True.
[ClassObfuscationRewriter] 2025-12-01T20:13:40.7244140Z Visiting object creation for type 'InternetSettingsKey' => 'O_445A92E6'. Arguments visited: True.
[ClassObfuscationRewriter] 2025-12-01T20:13:40.7244140Z Visiting object creation for type 'InternetSettingsKey' => 'O_445A92E6'. Arguments visited: True.
[ClassObfuscationRewriter] 2025-12-01T20:13:40.7244140Z Visiting object creation for type 'InternetSettingsKey' => 'O_445A92E6'. Arguments visited: True.
[ClassObfuscationRewriter] 2025-12-01T20:13:40.7258857Z Visiting object creation for type 'InternetSettingsKey' => 'O_445A92E6'. Arguments visited: True.
[ClassObfuscationRewriter] 2025-12-01T20:13:40.7258857Z Visiting object creation for type 'InternetSettingsKey' => 'O_445A92E6'. Arguments visited: True.
[ClassObfuscationRewriter] 2025-12-01T20:13:40.7399055Z Renaming identifier 'Seatbelt' to 'O_F41F88FA'.
[ClassObfuscationRewriter] 2025-12-01T20:13:40.7399055Z Renaming identifier 'Seatbelt' to 'O_F41F88FA'.
[ClassObfuscationRewriter] 2025-12-01T20:13:40.7399055Z Renaming identifier 'Seatbelt' to 'O_F41F88FA'.
[ClassObfuscationRewriter] 2025-12-01T20:13:40.7399055Z Renaming identifier 'CommandBase' to 'O_2183A68D'.
[ClassObfuscationRewriter] 2025-12-01T20:13:40.7409074Z Renaming identifier 'CommandDTOBase' to 'O_4AED570F'.
[ClassObfuscationRewriter] 2025-12-01T20:13:40.7409074Z Visiting object creation for type 'LapsDTO' => 'O_9D30096A'. Arguments visited: True.
[ClassObfuscationRewriter] 2025-12-01T20:13:40.7409074Z Visiting object creation for type 'LapsDTO' => 'O_9D30096A'. Arguments visited: True.
[ClassObfuscationRewriter] 2025-12-01T20:13:40.7409074Z Renaming identifier 'CommandDTOBase' to 'O_4AED570F'.
[ClassObfuscationRewriter] 2025-12-01T20:13:40.7419069Z Renaming identifier 'LapsDTO' to 'O_9D30096A'.
[ClassObfuscationRewriter] 2025-12-01T20:13:40.7464323Z Renaming identifier 'CommandDTOBase' to 'O_4AED570F'.
[ClassObfuscationRewriter] 2025-12-01T20:13:40.7474280Z Visiting object creation for type 'LapsDTO' => 'O_9D30096A'. Arguments visited: True.
[ClassObfuscationRewriter] 2025-12-01T20:13:40.7474280Z Visiting object creation for type 'LapsDTO' => 'O_9D30096A'. Arguments visited: True.
[ClassObfuscationRewriter] 2025-12-01T20:13:40.7554288Z Renaming identifier 'Seatbelt' to 'O_F41F88FA'.
[ClassObfuscationRewriter] 2025-12-01T20:13:40.7554288Z Renaming identifier 'Seatbelt' to 'O_F41F88FA'.
[ClassObfuscationRewriter] 2025-12-01T20:13:40.7554288Z Renaming identifier 'Seatbelt' to 'O_F41F88FA'.
[ClassObfuscationRewriter] 2025-12-01T20:13:40.7569020Z Renaming identifier 'Netapi32' to 'O_B81255AD'.
[ClassObfuscationRewriter] 2025-12-01T20:13:40.7569020Z Renaming qualified name 'Seatbelt.Interop.Netapi32' to 'O_F41F88FA.Interop.O_B81255AD'.
[ClassObfuscationRewriter] 2025-12-01T20:13:40.7569020Z Renaming identifier 'Seatbelt' to 'O_F41F88FA'.
[ClassObfuscationRewriter] 2025-12-01T20:13:40.7569020Z Renaming identifier 'CommandBase' to 'O_2183A68D'.
[ClassObfuscationRewriter] 2025-12-01T20:13:40.7569020Z Renaming identifier 'CommandDTOBase' to 'O_4AED570F'.
[ClassObfuscationRewriter] 2025-12-01T20:13:40.7581794Z Visiting object creation for type 'LocalGroupMembershipDTO' => 'O_8DE39670'. Arguments visited: True.
[ClassObfuscationRewriter] 2025-12-01T20:13:40.7581794Z Renaming identifier 'CommandDTOBase' to 'O_4AED570F'.
[ClassObfuscationRewriter] 2025-12-01T20:13:40.7581794Z Visiting object creation for type 'LocalGroupMembershipDTO' => 'O_8DE39670'. Arguments visited: True.
[ClassObfuscationRewriter] 2025-12-01T20:13:40.7601901Z Renaming identifier 'CommandDTOBase' to 'O_4AED570F'.
[ClassObfuscationRewriter] 2025-12-01T20:13:40.7601901Z Renaming identifier 'LocalGroupMembershipDTO' to 'O_8DE39670'.
[ClassObfuscationRewriter] 2025-12-01T20:13:40.7651899Z Renaming identifier 'Seatbelt' to 'O_F41F88FA'.
[ClassObfuscationRewriter] 2025-12-01T20:13:40.7651899Z Renaming identifier 'Seatbelt' to 'O_F41F88FA'.
[ClassObfuscationRewriter] 2025-12-01T20:13:40.7651899Z Renaming identifier 'Seatbelt' to 'O_F41F88FA'.
[ClassObfuscationRewriter] 2025-12-01T20:13:40.7651899Z Renaming identifier 'Seatbelt' to 'O_F41F88FA'.
[ClassObfuscationRewriter] 2025-12-01T20:13:40.7661878Z Renaming identifier 'Seatbelt' to 'O_F41F88FA'.
[ClassObfuscationRewriter] 2025-12-01T20:13:40.7661878Z Renaming identifier 'Seatbelt' to 'O_F41F88FA'.
[ClassObfuscationRewriter] 2025-12-01T20:13:40.7661878Z Renaming identifier 'CommandBase' to 'O_2183A68D'.
[ClassObfuscationRewriter] 2025-12-01T20:13:40.7661878Z Renaming identifier 'CommandDTOBase' to 'O_4AED570F'.
[ClassObfuscationRewriter] 2025-12-01T20:13:40.7661878Z Renaming identifier 'Shlwapi' to 'O_210F4320'.
[ClassObfuscationRewriter] 2025-12-01T20:13:40.7673823Z Visiting object creation for type 'ArgumentException' => 'ArgumentException'. Arguments visited: True.
[ClassObfuscationRewriter] 2025-12-01T20:13:40.7673823Z Visiting object creation for type 'LogonEventsDTO' => 'O_D0B31D54'. Arguments visited: True.
[ClassObfuscationRewriter] 2025-12-01T20:13:40.7683909Z Renaming identifier 'CommandDTOBase' to 'O_4AED570F'.
[ClassObfuscationRewriter] 2025-12-01T20:13:40.7683909Z Renaming identifier 'Shlwapi' to 'O_210F4320'.
[ClassObfuscationRewriter] 2025-12-01T20:13:40.7778809Z Visiting object creation for type 'ArgumentException' => 'ArgumentException'. Arguments visited: True.
[ClassObfuscationRewriter] 2025-12-01T20:13:40.7778809Z Visiting object creation for type 'LogonEventsDTO' => 'O_D0B31D54'. Arguments visited: True.
[ClassObfuscationRewriter] 2025-12-01T20:13:40.7868739Z Renaming identifier 'CommandDTOBase' to 'O_4AED570F'.
[ClassObfuscationRewriter] 2025-12-01T20:13:40.7878809Z Renaming identifier 'LogonEventsDTO' to 'O_D0B31D54'.
[ClassObfuscationRewriter] 2025-12-01T20:13:40.7938752Z Renaming identifier 'Seatbelt' to 'O_F41F88FA'.
[ClassObfuscationRewriter] 2025-12-01T20:13:40.7938752Z Renaming identifier 'Seatbelt' to 'O_F41F88FA'.
[ClassObfuscationRewriter] 2025-12-01T20:13:40.7948782Z Renaming identifier 'Seatbelt' to 'O_F41F88FA'.
[ClassObfuscationRewriter] 2025-12-01T20:13:40.7948782Z Renaming identifier 'Seatbelt' to 'O_F41F88FA'.
[ClassObfuscationRewriter] 2025-12-01T20:13:40.7948782Z Renaming identifier 'Seatbelt' to 'O_F41F88FA'.
[ClassObfuscationRewriter] 2025-12-01T20:13:40.7948782Z Renaming identifier 'CommandBase' to 'O_2183A68D'.
[ClassObfuscationRewriter] 2025-12-01T20:13:40.7958785Z Renaming identifier 'CommandDTOBase' to 'O_4AED570F'.
[ClassObfuscationRewriter] 2025-12-01T20:13:40.7958785Z Visiting object creation for type 'LogonSessionsDTO' => 'O_7BDECA4F'. Arguments visited: True.
[ClassObfuscationRewriter] 2025-12-01T20:13:40.7968770Z Visiting object creation for type 'LogonSessionsDTO' => 'O_7BDECA4F'. Arguments visited: True.
[ClassObfuscationRewriter] 2025-12-01T20:13:40.7968770Z Renaming identifier 'CommandDTOBase' to 'O_4AED570F'.
[ClassObfuscationRewriter] 2025-12-01T20:13:40.7978747Z Renaming identifier 'LogonSessionsDTO' to 'O_7BDECA4F'.
[ClassObfuscationRewriter] 2025-12-01T20:13:40.8029145Z Renaming identifier 'CommandDTOBase' to 'O_4AED570F'.
[ClassObfuscationRewriter] 2025-12-01T20:13:40.8029145Z Visiting object creation for type 'LogonSessionsDTO' => 'O_7BDECA4F'. Arguments visited: True.
[ClassObfuscationRewriter] 2025-12-01T20:13:40.8039169Z Visiting object creation for type 'LogonSessionsDTO' => 'O_7BDECA4F'. Arguments visited: True.
[ClassObfuscationRewriter] 2025-12-01T20:13:40.8175187Z Renaming identifier 'Seatbelt' to 'O_F41F88FA'.
[ClassObfuscationRewriter] 2025-12-01T20:13:40.8185373Z Renaming identifier 'Seatbelt' to 'O_F41F88FA'.
[ClassObfuscationRewriter] 2025-12-01T20:13:40.8185373Z Renaming identifier 'Seatbelt' to 'O_F41F88FA'.
[ClassObfuscationRewriter] 2025-12-01T20:13:40.8185373Z Renaming identifier 'CommandBase' to 'O_2183A68D'.
[ClassObfuscationRewriter] 2025-12-01T20:13:40.8185373Z Renaming identifier 'CommandDTOBase' to 'O_4AED570F'.
[ClassObfuscationRewriter] 2025-12-01T20:13:40.8195340Z Visiting object creation for type 'LocalSecurityAuthorityDTO' => 'O_7E02EBA0'. Arguments visited: True.
[ClassObfuscationRewriter] 2025-12-01T20:13:40.8195340Z Visiting object creation for type 'LocalSecurityAuthorityDTO' => 'O_7E02EBA0'. Arguments visited: True.
[ClassObfuscationRewriter] 2025-12-01T20:13:40.8195340Z Visiting object creation for type 'LocalSecurityAuthorityDTO' => 'O_7E02EBA0'. Arguments visited: True.
[ClassObfuscationRewriter] 2025-12-01T20:13:40.8195340Z Renaming identifier 'CommandDTOBase' to 'O_4AED570F'.
[ClassObfuscationRewriter] 2025-12-01T20:13:40.8205370Z Renaming identifier 'LocalSecurityAuthorityDTO' to 'O_7E02EBA0'.
[ClassObfuscationRewriter] 2025-12-01T20:13:40.8205370Z Visiting object creation for type 'System.DateTime' => 'System.DateTime'. Arguments visited: True.
[ClassObfuscationRewriter] 2025-12-01T20:13:40.8235261Z Renaming identifier 'CommandDTOBase' to 'O_4AED570F'.
[ClassObfuscationRewriter] 2025-12-01T20:13:40.8245260Z Visiting object creation for type 'System.DateTime' => 'System.DateTime'. Arguments visited: True.
[ClassObfuscationRewriter] 2025-12-01T20:13:40.8245260Z Visiting object creation for type 'LocalSecurityAuthorityDTO' => 'O_7E02EBA0'. Arguments visited: True.
[ClassObfuscationRewriter] 2025-12-01T20:13:40.8245260Z Visiting object creation for type 'LocalSecurityAuthorityDTO' => 'O_7E02EBA0'. Arguments visited: True.
[ClassObfuscationRewriter] 2025-12-01T20:13:40.8245260Z Visiting object creation for type 'LocalSecurityAuthorityDTO' => 'O_7E02EBA0'. Arguments visited: True.
[ClassObfuscationRewriter] 2025-12-01T20:13:40.8404698Z Renaming identifier 'Seatbelt' to 'O_F41F88FA'.
[ClassObfuscationRewriter] 2025-12-01T20:13:40.8404698Z Renaming identifier 'CommandBase' to 'O_2183A68D'.
[ClassObfuscationRewriter] 2025-12-01T20:13:40.8414704Z Renaming identifier 'CommandDTOBase' to 'O_4AED570F'.
[ClassObfuscationRewriter] 2025-12-01T20:13:40.8414704Z Visiting object creation for type 'NetworkShareDTO' => 'O_B872878D'. Arguments visited: True.
[ClassObfuscationRewriter] 2025-12-01T20:13:40.8414704Z Renaming identifier 'CommandDTOBase' to 'O_4AED570F'.
[ClassObfuscationRewriter] 2025-12-01T20:13:40.8414704Z Visiting object creation for type 'NetworkShareDTO' => 'O_B872878D'. Arguments visited: True.
[ClassObfuscationRewriter] 2025-12-01T20:13:40.8440038Z Renaming identifier 'CommandDTOBase' to 'O_4AED570F'.
[ClassObfuscationRewriter] 2025-12-01T20:13:40.8500128Z Renaming identifier 'Seatbelt' to 'O_F41F88FA'.
[ClassObfuscationRewriter] 2025-12-01T20:13:40.8510160Z Renaming identifier 'Seatbelt' to 'O_F41F88FA'.
[ClassObfuscationRewriter] 2025-12-01T20:13:40.8510160Z Renaming identifier 'Seatbelt' to 'O_F41F88FA'.
[ClassObfuscationRewriter] 2025-12-01T20:13:40.8510160Z Renaming identifier 'Seatbelt' to 'O_F41F88FA'.
[ClassObfuscationRewriter] 2025-12-01T20:13:40.8510160Z Renaming identifier 'CommandBase' to 'O_2183A68D'.
[ClassObfuscationRewriter] 2025-12-01T20:13:40.8520603Z Renaming identifier 'CommandDTOBase' to 'O_4AED570F'.
[ClassObfuscationRewriter] 2025-12-01T20:13:40.8520603Z Visiting object creation for type 'OSInfoDTO' => 'O_4D9BF75E'. Arguments visited: True.
[ClassObfuscationRewriter] 2025-12-01T20:13:40.8520603Z Visiting object creation for type 'OSInfoDTO' => 'O_4D9BF75E'. Arguments visited: True.
[ClassObfuscationRewriter] 2025-12-01T20:13:40.8534872Z Renaming identifier 'CommandDTOBase' to 'O_4AED570F'.
[ClassObfuscationRewriter] 2025-12-01T20:13:40.8534872Z Visiting object creation for type 'OSInfoDTO' => 'O_4D9BF75E'. Arguments visited: True.
[ClassObfuscationRewriter] 2025-12-01T20:13:40.8534872Z Visiting object creation for type 'OSInfoDTO' => 'O_4D9BF75E'. Arguments visited: True.
[ClassObfuscationRewriter] 2025-12-01T20:13:40.8647661Z Renaming identifier 'CommandDTOBase' to 'O_4AED570F'.
[ClassObfuscationRewriter] 2025-12-01T20:13:40.8661451Z Renaming identifier 'OSInfoDTO' to 'O_4D9BF75E'.
[ClassObfuscationRewriter] 2025-12-01T20:13:40.8671532Z Visiting object creation for type 'System.Runtime.Serialization.StreamingContext' => 'System.Runtime.Serialization.StreamingContext'. Arguments visited: True.
[ClassObfuscationRewriter] 2025-12-01T20:13:40.8814652Z Renaming identifier 'Seatbelt' to 'O_F41F88FA'.
[ClassObfuscationRewriter] 2025-12-01T20:13:40.8824619Z Renaming identifier 'Seatbelt' to 'O_F41F88FA'.
[ClassObfuscationRewriter] 2025-12-01T20:13:40.8824619Z Renaming identifier 'Seatbelt' to 'O_F41F88FA'.
[ClassObfuscationRewriter] 2025-12-01T20:13:40.8824619Z Renaming identifier 'CommandBase' to 'O_2183A68D'.
[ClassObfuscationRewriter] 2025-12-01T20:13:40.8824619Z Renaming identifier 'CommandDTOBase' to 'O_4AED570F'.
[ClassObfuscationRewriter] 2025-12-01T20:13:40.8836321Z Visiting object creation for type 'PowerShellDTO' => 'O_83287682'. Arguments visited: True.
[ClassObfuscationRewriter] 2025-12-01T20:13:40.8836321Z Visiting object creation for type 'System.DateTime' => 'System.DateTime'. Arguments visited: True.
[ClassObfuscationRewriter] 2025-12-01T20:13:40.8836321Z Visiting object creation for type 'System.DateTime' => 'System.DateTime'. Arguments visited: True.
[ClassObfuscationRewriter] 2025-12-01T20:13:40.8846410Z Renaming identifier 'CommandDTOBase' to 'O_4AED570F'.
[ClassObfuscationRewriter] 2025-12-01T20:13:40.8846410Z Visiting object creation for type 'System.DateTime' => 'System.DateTime'. Arguments visited: True.
[ClassObfuscationRewriter] 2025-12-01T20:13:40.8846410Z Visiting object creation for type 'PowerShellDTO' => 'O_83287682'. Arguments visited: True.
[ClassObfuscationRewriter] 2025-12-01T20:13:40.9048445Z Renaming identifier 'CommandDTOBase' to 'O_4AED570F'.
[ClassObfuscationRewriter] 2025-12-01T20:13:40.9058438Z Renaming identifier 'PowerShellDTO' to 'O_83287682'.
[ClassObfuscationRewriter] 2025-12-01T20:13:40.9068463Z Visiting object creation for type 'Version' => 'Version'. Arguments visited: True.
[ClassObfuscationRewriter] 2025-12-01T20:13:40.9068463Z Visiting object creation for type 'System.DateTime' => 'System.DateTime'. Arguments visited: True.
[ClassObfuscationRewriter] 2025-12-01T20:13:40.9078439Z Visiting object creation for type 'System.DateTime' => 'System.DateTime'. Arguments visited: True.
[ClassObfuscationRewriter] 2025-12-01T20:13:40.9078439Z Visiting object creation for type 'Version' => 'Version'. Arguments visited: True.
[ClassObfuscationRewriter] 2025-12-01T20:13:40.9620275Z Renaming identifier 'Seatbelt' to 'O_F41F88FA'.
[ClassObfuscationRewriter] 2025-12-01T20:13:40.9630267Z Renaming identifier 'Seatbelt' to 'O_F41F88FA'.
[ClassObfuscationRewriter] 2025-12-01T20:13:40.9630267Z Renaming identifier 'Seatbelt' to 'O_F41F88FA'.
[ClassObfuscationRewriter] 2025-12-01T20:13:40.9630267Z Renaming identifier 'Seatbelt' to 'O_F41F88FA'.
[ClassObfuscationRewriter] 2025-12-01T20:13:40.9630267Z Renaming identifier 'CommandBase' to 'O_2183A68D'.
[ClassObfuscationRewriter] 2025-12-01T20:13:40.9640298Z Renaming identifier 'CommandDTOBase' to 'O_4AED570F'.
[ClassObfuscationRewriter] 2025-12-01T20:13:40.9640298Z Visiting object creation for type 'InterestingProcessesDTO' => 'O_EF48CE8E'. Arguments visited: True.
[ClassObfuscationRewriter] 2025-12-01T20:13:40.9650293Z Renaming identifier 'CommandDTOBase' to 'O_4AED570F'.
[ClassObfuscationRewriter] 2025-12-01T20:13:40.9650293Z Renaming identifier 'InterestingProcessesDTO' to 'O_EF48CE8E'.
[ClassObfuscationRewriter] 2025-12-01T20:13:40.9670282Z Renaming identifier 'CommandDTOBase' to 'O_4AED570F'.
[ClassObfuscationRewriter] 2025-12-01T20:13:40.9680267Z Visiting object creation for type 'InterestingProcessesDTO' => 'O_EF48CE8E'. Arguments visited: True.
[ClassObfuscationRewriter] 2025-12-01T20:13:41.4508651Z Renaming identifier 'Seatbelt' to 'O_F41F88FA'.
[ClassObfuscationRewriter] 2025-12-01T20:13:41.4508651Z Renaming identifier 'Seatbelt' to 'O_F41F88FA'.
[ClassObfuscationRewriter] 2025-12-01T20:13:41.4508651Z Renaming identifier 'Seatbelt' to 'O_F41F88FA'.
[ClassObfuscationRewriter] 2025-12-01T20:13:41.4508651Z Renaming identifier 'Seatbelt' to 'O_F41F88FA'.
[ClassObfuscationRewriter] 2025-12-01T20:13:41.4508651Z Renaming identifier 'CommandBase' to 'O_2183A68D'.
[ClassObfuscationRewriter] 2025-12-01T20:13:41.4523491Z Renaming identifier 'CommandDTOBase' to 'O_4AED570F'.
[ClassObfuscationRewriter] 2025-12-01T20:13:41.4528582Z Visiting object creation for type 'RDPClientSettings' => 'O_3F770CB1'. Arguments visited: True.
[ClassObfuscationRewriter] 2025-12-01T20:13:41.4528582Z Visiting object creation for type 'RDPServerSettings' => 'O_B029DD04'. Arguments visited: True.
[ClassObfuscationRewriter] 2025-12-01T20:13:41.4528582Z Visiting object creation for type 'RDPSettingsDTO' => 'O_28B2DDC6'. Arguments visited: True.
[ClassObfuscationRewriter] 2025-12-01T20:13:41.4528582Z Renaming identifier 'CommandDTOBase' to 'O_4AED570F'.
[ClassObfuscationRewriter] 2025-12-01T20:13:41.4528582Z Visiting object creation for type 'System.DateTime' => 'System.DateTime'. Arguments visited: True.
[ClassObfuscationRewriter] 2025-12-01T20:13:41.4543289Z Visiting object creation for type 'RDPClientSettings' => 'O_3F770CB1'. Arguments visited: True.
[ClassObfuscationRewriter] 2025-12-01T20:13:41.4543289Z Visiting object creation for type 'RDPServerSettings' => 'O_B029DD04'. Arguments visited: True.
[ClassObfuscationRewriter] 2025-12-01T20:13:41.4543289Z Visiting object creation for type 'RDPSettingsDTO' => 'O_28B2DDC6'. Arguments visited: True.
[ClassObfuscationRewriter] 2025-12-01T20:13:41.4593895Z Renaming identifier 'CommandDTOBase' to 'O_4AED570F'.
[ClassObfuscationRewriter] 2025-12-01T20:13:41.4603879Z Renaming identifier 'RDPClientSettings' to 'O_3F770CB1'.
[ClassObfuscationRewriter] 2025-12-01T20:13:41.4603879Z Renaming identifier 'RDPServerSettings' to 'O_B029DD04'.
[ClassObfuscationRewriter] 2025-12-01T20:13:41.4603879Z Renaming identifier 'RDPSettingsDTO' to 'O_28B2DDC6'.
[ClassObfuscationRewriter] 2025-12-01T20:13:41.4613912Z Visiting object creation for type 'System.DateTime' => 'System.DateTime'. Arguments visited: True.
[ClassObfuscationRewriter] 2025-12-01T20:13:41.4659037Z Renaming identifier 'Seatbelt' to 'O_F41F88FA'.
[ClassObfuscationRewriter] 2025-12-01T20:13:41.4659037Z Renaming identifier 'Seatbelt' to 'O_F41F88FA'.
[ClassObfuscationRewriter] 2025-12-01T20:13:41.4659037Z Renaming identifier 'Seatbelt' to 'O_F41F88FA'.
[ClassObfuscationRewriter] 2025-12-01T20:13:41.4659037Z Renaming identifier 'CommandBase' to 'O_2183A68D'.
[ClassObfuscationRewriter] 2025-12-01T20:13:41.4659037Z Renaming identifier 'CommandDTOBase' to 'O_4AED570F'.
[ClassObfuscationRewriter] 2025-12-01T20:13:41.4673306Z Visiting object creation for type 'PoweredOnEventsDTO' => 'O_170053FD'. Arguments visited: True.
[ClassObfuscationRewriter] 2025-12-01T20:13:41.4673306Z Renaming identifier 'CommandDTOBase' to 'O_4AED570F'.
[ClassObfuscationRewriter] 2025-12-01T20:13:41.4673306Z Visiting object creation for type 'System.DateTime' => 'System.DateTime'. Arguments visited: True.
[ClassObfuscationRewriter] 2025-12-01T20:13:41.4673306Z Visiting object creation for type 'PoweredOnEventsDTO' => 'O_170053FD'. Arguments visited: True.
[ClassObfuscationRewriter] 2025-12-01T20:13:41.4715856Z Renaming identifier 'CommandDTOBase' to 'O_4AED570F'.
[ClassObfuscationRewriter] 2025-12-01T20:13:41.4715856Z Renaming identifier 'PoweredOnEventsDTO' to 'O_170053FD'.
[ClassObfuscationRewriter] 2025-12-01T20:13:41.4725889Z Visiting object creation for type 'System.DateTime' => 'System.DateTime'. Arguments visited: True.
[ClassObfuscationRewriter] 2025-12-01T20:13:41.4754925Z Renaming identifier 'Seatbelt' to 'O_F41F88FA'.
[ClassObfuscationRewriter] 2025-12-01T20:13:41.4768512Z Renaming identifier 'CommandBase' to 'O_2183A68D'.
[ClassObfuscationRewriter] 2025-12-01T20:13:41.4768512Z Renaming identifier 'CommandDTOBase' to 'O_4AED570F'.
[ClassObfuscationRewriter] 2025-12-01T20:13:41.4768512Z Visiting object creation for type 'RecycleBinDTO' => 'O_BBAEDF59'. Arguments visited: True.
[ClassObfuscationRewriter] 2025-12-01T20:13:41.4768512Z Renaming identifier 'CommandDTOBase' to 'O_4AED570F'.
[ClassObfuscationRewriter] 2025-12-01T20:13:41.4781023Z Renaming identifier 'CommandDTOBase' to 'O_4AED570F'.
[ClassObfuscationRewriter] 2025-12-01T20:13:41.4836268Z Visiting object creation for type 'RecycleBinDTO' => 'O_BBAEDF59'. Arguments visited: True.
[ClassObfuscationRewriter] 2025-12-01T20:13:41.4917292Z Renaming identifier 'Seatbelt' to 'O_F41F88FA'.
[ClassObfuscationRewriter] 2025-12-01T20:13:41.4927314Z Renaming identifier 'Seatbelt' to 'O_F41F88FA'.
[ClassObfuscationRewriter] 2025-12-01T20:13:41.4927314Z Renaming identifier 'Seatbelt' to 'O_F41F88FA'.
[ClassObfuscationRewriter] 2025-12-01T20:13:41.4927314Z Renaming identifier 'CommandBase' to 'O_2183A68D'.
[ClassObfuscationRewriter] 2025-12-01T20:13:41.4927314Z Renaming identifier 'CommandDTOBase' to 'O_4AED570F'.
[ClassObfuscationRewriter] 2025-12-01T20:13:41.4927314Z Visiting object creation for type 'RemoteDesktopConnectionManagerDTO' => 'O_AA34FF77'. Arguments visited: True.
[ClassObfuscationRewriter] 2025-12-01T20:13:41.4939701Z Renaming identifier 'CommandDTOBase' to 'O_4AED570F'.
[ClassObfuscationRewriter] 2025-12-01T20:13:41.4939701Z Renaming identifier 'RemoteDesktopConnectionManagerDTO' to 'O_AA34FF77'.
[ClassObfuscationRewriter] 2025-12-01T20:13:41.5180626Z Renaming identifier 'CommandDTOBase' to 'O_4AED570F'.
[ClassObfuscationRewriter] 2025-12-01T20:13:41.5190682Z Visiting object creation for type 'RemoteDesktopConnectionManagerDTO' => 'O_AA34FF77'. Arguments visited: True.
[ClassObfuscationRewriter] 2025-12-01T20:13:41.5240641Z Renaming identifier 'Seatbelt' to 'O_F41F88FA'.
[ClassObfuscationRewriter] 2025-12-01T20:13:41.5240641Z Renaming identifier 'Seatbelt' to 'O_F41F88FA'.
[ClassObfuscationRewriter] 2025-12-01T20:13:41.5240641Z Renaming identifier 'Seatbelt' to 'O_F41F88FA'.
[ClassObfuscationRewriter] 2025-12-01T20:13:41.5250628Z Renaming identifier 'CommandBase' to 'O_2183A68D'.
[ClassObfuscationRewriter] 2025-12-01T20:13:41.5250628Z Renaming identifier 'CommandDTOBase' to 'O_4AED570F'.
[ClassObfuscationRewriter] 2025-12-01T20:13:41.5250628Z Visiting object creation for type 'ExplorerRunCommandDTO' => 'O_354F7537'. Arguments visited: True.
[ClassObfuscationRewriter] 2025-12-01T20:13:41.5250628Z Renaming identifier 'CommandDTOBase' to 'O_4AED570F'.
[ClassObfuscationRewriter] 2025-12-01T20:13:41.5260626Z Renaming identifier 'ExplorerRunCommand' to 'O_B635FF20'.
[ClassObfuscationRewriter] 2025-12-01T20:13:41.5260626Z Visited generic 'List' with updated type arguments: <O_B635FF20>.
[ClassObfuscationRewriter] 2025-12-01T20:13:41.5260626Z Renaming identifier 'ExplorerRunCommandDTO' to 'O_354F7537'.
[ClassObfuscationRewriter] 2025-12-01T20:13:41.5260626Z Visiting object creation for type 'System.DateTime' => 'System.DateTime'. Arguments visited: True.
[ClassObfuscationRewriter] 2025-12-01T20:13:41.5270654Z Renaming identifier 'CommandDTOBase' to 'O_4AED570F'.
[ClassObfuscationRewriter] 2025-12-01T20:13:41.5280657Z Visiting object creation for type 'ExplorerRunCommandDTO' => 'O_354F7537'. Arguments visited: True.
[ClassObfuscationRewriter] 2025-12-01T20:13:41.5318580Z Renaming identifier 'Seatbelt' to 'O_F41F88FA'.
[ClassObfuscationRewriter] 2025-12-01T20:13:41.5318580Z Renaming identifier 'Seatbelt' to 'O_F41F88FA'.
[ClassObfuscationRewriter] 2025-12-01T20:13:41.5318580Z Renaming identifier 'Seatbelt' to 'O_F41F88FA'.
[ClassObfuscationRewriter] 2025-12-01T20:13:41.5318580Z Renaming identifier 'CommandBase' to 'O_2183A68D'.
[ClassObfuscationRewriter] 2025-12-01T20:13:41.5318580Z Renaming identifier 'CommandDTOBase' to 'O_4AED570F'.
[ClassObfuscationRewriter] 2025-12-01T20:13:41.5330652Z Visiting object creation for type 'RDPSavedConnectionDTO' => 'O_98DD29C3'. Arguments visited: True.
[ClassObfuscationRewriter] 2025-12-01T20:13:41.5330652Z Renaming identifier 'CommandDTOBase' to 'O_4AED570F'.
[ClassObfuscationRewriter] 2025-12-01T20:13:41.5330652Z Renaming identifier 'RDPConnection' to 'O_F2734054'.
[ClassObfuscationRewriter] 2025-12-01T20:13:41.5330652Z Visited generic 'List' with updated type arguments: <O_F2734054>.
[ClassObfuscationRewriter] 2025-12-01T20:13:41.5330652Z Renaming identifier 'RDPSavedConnectionDTO' to 'O_98DD29C3'.
[ClassObfuscationRewriter] 2025-12-01T20:13:41.5340725Z Visiting object creation for type 'System.DateTime' => 'System.DateTime'. Arguments visited: True.
[ClassObfuscationRewriter] 2025-12-01T20:13:41.5350735Z Renaming identifier 'CommandDTOBase' to 'O_4AED570F'.
[ClassObfuscationRewriter] 2025-12-01T20:13:41.5360734Z Visiting object creation for type 'System.DateTime' => 'System.DateTime'. Arguments visited: True.
[ClassObfuscationRewriter] 2025-12-01T20:13:41.5360734Z Visiting object creation for type 'RDPSavedConnectionDTO' => 'O_98DD29C3'. Arguments visited: True.
[ClassObfuscationRewriter] 2025-12-01T20:13:41.5400721Z Renaming identifier 'Seatbelt' to 'O_F41F88FA'.
[ClassObfuscationRewriter] 2025-12-01T20:13:41.5400721Z Renaming identifier 'Seatbelt' to 'O_F41F88FA'.
[ClassObfuscationRewriter] 2025-12-01T20:13:41.5410738Z Renaming identifier 'Seatbelt' to 'O_F41F88FA'.
[ClassObfuscationRewriter] 2025-12-01T20:13:41.5410738Z Renaming identifier 'Seatbelt' to 'O_F41F88FA'.
[ClassObfuscationRewriter] 2025-12-01T20:13:41.5410738Z Renaming identifier 'Seatbelt' to 'O_F41F88FA'.
[ClassObfuscationRewriter] 2025-12-01T20:13:41.5410738Z Renaming identifier 'CommandBase' to 'O_2183A68D'.
[ClassObfuscationRewriter] 2025-12-01T20:13:41.5410738Z Renaming identifier 'CommandDTOBase' to 'O_4AED570F'.
[ClassObfuscationRewriter] 2025-12-01T20:13:41.5420725Z Visiting object creation for type 'SysmonDTO' => 'O_B59DFEF1'. Arguments visited: True.
[ClassObfuscationRewriter] 2025-12-01T20:13:41.5420725Z Renaming identifier 'CommandDTOBase' to 'O_4AED570F'.
[ClassObfuscationRewriter] 2025-12-01T20:13:41.5420725Z Renaming identifier 'SysmonDTO' to 'O_B59DFEF1'.
[ClassObfuscationRewriter] 2025-12-01T20:13:41.5420725Z Visiting object creation for type 'System.DateTime' => 'System.DateTime'. Arguments visited: True.
[ClassObfuscationRewriter] 2025-12-01T20:13:41.5435793Z Visiting object creation for type 'System.DateTime' => 'System.DateTime'. Arguments visited: True.
[ClassObfuscationRewriter] 2025-12-01T20:13:41.5445894Z Renaming identifier 'CommandDTOBase' to 'O_4AED570F'.
[ClassObfuscationRewriter] 2025-12-01T20:13:41.5445894Z Visiting object creation for type 'System.DateTime' => 'System.DateTime'. Arguments visited: True.
[ClassObfuscationRewriter] 2025-12-01T20:13:41.5445894Z Visiting object creation for type 'SysmonDTO' => 'O_B59DFEF1'. Arguments visited: True.
[ClassObfuscationRewriter] 2025-12-01T20:13:41.5508520Z Renaming identifier 'Seatbelt' to 'O_F41F88FA'.
[ClassObfuscationRewriter] 2025-12-01T20:13:41.5518662Z Renaming identifier 'Seatbelt' to 'O_F41F88FA'.
[ClassObfuscationRewriter] 2025-12-01T20:13:41.5518662Z Renaming identifier 'Seatbelt' to 'O_F41F88FA'.
[ClassObfuscationRewriter] 2025-12-01T20:13:41.5529041Z Renaming identifier 'Seatbelt' to 'O_F41F88FA'.
[ClassObfuscationRewriter] 2025-12-01T20:13:41.5529041Z Renaming identifier 'Seatbelt' to 'O_F41F88FA'.
[ClassObfuscationRewriter] 2025-12-01T20:13:41.5529041Z Renaming identifier 'CommandBase' to 'O_2183A68D'.
[ClassObfuscationRewriter] 2025-12-01T20:13:41.5539151Z Renaming identifier 'CommandDTOBase' to 'O_4AED570F'.
[ClassObfuscationRewriter] 2025-12-01T20:13:41.5539151Z Renaming identifier 'Win32Error' to 'O_3BB7B919'.
[ClassObfuscationRewriter] 2025-12-01T20:13:41.5539151Z Renaming identifier 'Win32Error' to 'O_3BB7B919'.
[ClassObfuscationRewriter] 2025-12-01T20:13:41.5549140Z Renaming identifier 'Win32Error' to 'O_3BB7B919'.
[ClassObfuscationRewriter] 2025-12-01T20:13:41.5549140Z Visiting object creation for type 'TcpConnectionsDTO' => 'O_E0AA4B35'. Arguments visited: True.
[ClassObfuscationRewriter] 2025-12-01T20:13:41.5549140Z Renaming identifier 'CommandDTOBase' to 'O_4AED570F'.
[ClassObfuscationRewriter] 2025-12-01T20:13:41.5549140Z Visiting object creation for type 'System.DateTime' => 'System.DateTime'. Arguments visited: True.
[ClassObfuscationRewriter] 2025-12-01T20:13:41.5559137Z Renaming identifier 'Win32Error' to 'O_3BB7B919'.
[ClassObfuscationRewriter] 2025-12-01T20:13:41.5559137Z Renaming identifier 'Win32Error' to 'O_3BB7B919'.
[ClassObfuscationRewriter] 2025-12-01T20:13:41.5559137Z Renaming identifier 'Win32Error' to 'O_3BB7B919'.
[ClassObfuscationRewriter] 2025-12-01T20:13:41.5559137Z Visiting object creation for type 'TcpConnectionsDTO' => 'O_E0AA4B35'. Arguments visited: True.
[ClassObfuscationRewriter] 2025-12-01T20:13:41.5609134Z Renaming identifier 'CommandDTOBase' to 'O_4AED570F'.
[ClassObfuscationRewriter] 2025-12-01T20:13:41.5609134Z Renaming identifier 'TcpConnectionsDTO' to 'O_E0AA4B35'.
[ClassObfuscationRewriter] 2025-12-01T20:13:41.5619158Z Visiting object creation for type 'System.DateTime' => 'System.DateTime'. Arguments visited: True.
[ClassObfuscationRewriter] 2025-12-01T20:13:41.5759159Z Renaming identifier 'Seatbelt' to 'O_F41F88FA'.
[ClassObfuscationRewriter] 2025-12-01T20:13:41.5759159Z Renaming identifier 'Seatbelt' to 'O_F41F88FA'.
[ClassObfuscationRewriter] 2025-12-01T20:13:41.5759159Z Renaming identifier 'Seatbelt' to 'O_F41F88FA'.
[ClassObfuscationRewriter] 2025-12-01T20:13:41.5759159Z Renaming identifier 'Seatbelt' to 'O_F41F88FA'.
[ClassObfuscationRewriter] 2025-12-01T20:13:41.5759159Z Renaming identifier 'Seatbelt' to 'O_F41F88FA'.
[ClassObfuscationRewriter] 2025-12-01T20:13:41.5769158Z Renaming identifier 'CommandBase' to 'O_2183A68D'.
[ClassObfuscationRewriter] 2025-12-01T20:13:41.5769158Z Renaming identifier 'CommandDTOBase' to 'O_4AED570F'.
[ClassObfuscationRewriter] 2025-12-01T20:13:41.5769158Z Visiting object creation for type 'TokenPrivilegesDTO' => 'O_66C1A868'. Arguments visited: True.
[ClassObfuscationRewriter] 2025-12-01T20:13:41.5769158Z Renaming identifier 'CommandDTOBase' to 'O_4AED570F'.
[ClassObfuscationRewriter] 2025-12-01T20:13:41.5779153Z Visiting object creation for type 'System.Security.Cryptography.HashAlgorithmName' => 'System.Security.Cryptography.HashAlgorithmName'. Arguments visited: True.
[ClassObfuscationRewriter] 2025-12-01T20:13:41.5779153Z Visiting object creation for type 'TokenPrivilegesDTO' => 'O_66C1A868'. Arguments visited: True.
[ClassObfuscationRewriter] 2025-12-01T20:13:41.5799161Z Renaming identifier 'CommandDTOBase' to 'O_4AED570F'.
[ClassObfuscationRewriter] 2025-12-01T20:13:41.5799161Z Renaming identifier 'TokenPrivilegesDTO' to 'O_66C1A868'.
[ClassObfuscationRewriter] 2025-12-01T20:13:41.5809136Z Visiting object creation for type 'System.Security.Cryptography.HashAlgorithmName' => 'System.Security.Cryptography.HashAlgorithmName'. Arguments visited: True.
[ClassObfuscationRewriter] 2025-12-01T20:13:41.5859187Z Renaming identifier 'Seatbelt' to 'O_F41F88FA'.
[ClassObfuscationRewriter] 2025-12-01T20:13:41.5859187Z Renaming identifier 'Seatbelt' to 'O_F41F88FA'.
[ClassObfuscationRewriter] 2025-12-01T20:13:41.5859187Z Renaming identifier 'Seatbelt' to 'O_F41F88FA'.
[ClassObfuscationRewriter] 2025-12-01T20:13:41.5859187Z Renaming identifier 'CommandBase' to 'O_2183A68D'.
[ClassObfuscationRewriter] 2025-12-01T20:13:41.5859187Z Renaming identifier 'CommandDTOBase' to 'O_4AED570F'.
[ClassObfuscationRewriter] 2025-12-01T20:13:41.5859187Z Visiting object creation for type 'UserAccountControlDTO' => 'O_A8F30596'. Arguments visited: True.
[ClassObfuscationRewriter] 2025-12-01T20:13:41.5873976Z Renaming identifier 'CommandDTOBase' to 'O_4AED570F'.
[ClassObfuscationRewriter] 2025-12-01T20:13:41.5873976Z Renaming identifier 'UserAccountControlDTO' to 'O_A8F30596'.
[ClassObfuscationRewriter] 2025-12-01T20:13:41.5945686Z Renaming identifier 'CommandDTOBase' to 'O_4AED570F'.
[ClassObfuscationRewriter] 2025-12-01T20:13:41.5945686Z Visiting object creation for type 'UserAccountControlDTO' => 'O_A8F30596'. Arguments visited: True.
[ClassObfuscationRewriter] 2025-12-01T20:13:41.6047477Z Renaming identifier 'Seatbelt' to 'O_F41F88FA'.
[ClassObfuscationRewriter] 2025-12-01T20:13:41.6057568Z Renaming identifier 'Seatbelt' to 'O_F41F88FA'.
[ClassObfuscationRewriter] 2025-12-01T20:13:41.6057568Z Renaming identifier 'Seatbelt' to 'O_F41F88FA'.
[ClassObfuscationRewriter] 2025-12-01T20:13:41.6057568Z Renaming identifier 'Seatbelt' to 'O_F41F88FA'.
[ClassObfuscationRewriter] 2025-12-01T20:13:41.6057568Z Renaming identifier 'Seatbelt' to 'O_F41F88FA'.
[ClassObfuscationRewriter] 2025-12-01T20:13:41.6057568Z Renaming identifier 'CommandBase' to 'O_2183A68D'.
[ClassObfuscationRewriter] 2025-12-01T20:13:41.6057568Z Renaming identifier 'CommandDTOBase' to 'O_4AED570F'.
[ClassObfuscationRewriter] 2025-12-01T20:13:41.6070698Z Renaming identifier 'Win32Error' to 'O_3BB7B919'.
[ClassObfuscationRewriter] 2025-12-01T20:13:41.6070698Z Renaming identifier 'Win32Error' to 'O_3BB7B919'.
[ClassObfuscationRewriter] 2025-12-01T20:13:41.6070698Z Renaming identifier 'Win32Error' to 'O_3BB7B919'.
[ClassObfuscationRewriter] 2025-12-01T20:13:41.6070698Z Visiting object creation for type 'UdpConnectionsDTO' => 'O_C1EB2ACA'. Arguments visited: True.
[ClassObfuscationRewriter] 2025-12-01T20:13:41.6080816Z Renaming identifier 'CommandDTOBase' to 'O_4AED570F'.
[ClassObfuscationRewriter] 2025-12-01T20:13:41.6080816Z Renaming identifier 'Win32Error' to 'O_3BB7B919'.
[ClassObfuscationRewriter] 2025-12-01T20:13:41.6080816Z Renaming identifier 'Win32Error' to 'O_3BB7B919'.
[ClassObfuscationRewriter] 2025-12-01T20:13:41.6080816Z Renaming identifier 'Win32Error' to 'O_3BB7B919'.
[ClassObfuscationRewriter] 2025-12-01T20:13:41.6080816Z Visiting object creation for type 'UdpConnectionsDTO' => 'O_C1EB2ACA'. Arguments visited: True.
[ClassObfuscationRewriter] 2025-12-01T20:13:41.6123789Z Renaming identifier 'CommandDTOBase' to 'O_4AED570F'.
[ClassObfuscationRewriter] 2025-12-01T20:13:41.6134424Z Renaming identifier 'UdpConnectionsDTO' to 'O_C1EB2ACA'.
[ClassObfuscationRewriter] 2025-12-01T20:13:41.6174507Z Renaming identifier 'Seatbelt' to 'O_F41F88FA'.
[ClassObfuscationRewriter] 2025-12-01T20:13:41.6174507Z Renaming identifier 'Seatbelt' to 'O_F41F88FA'.
[ClassObfuscationRewriter] 2025-12-01T20:13:41.6174507Z Renaming identifier 'Seatbelt' to 'O_F41F88FA'.
[ClassObfuscationRewriter] 2025-12-01T20:13:41.6184501Z Renaming identifier 'CommandBase' to 'O_2183A68D'.
[ClassObfuscationRewriter] 2025-12-01T20:13:41.6184501Z Renaming identifier 'CommandDTOBase' to 'O_4AED570F'.
[ClassObfuscationRewriter] 2025-12-01T20:13:41.6184501Z Visiting object creation for type 'Regex' => 'Regex'. Arguments visited: True.
[ClassObfuscationRewriter] 2025-12-01T20:13:41.6194530Z Visiting object creation for type 'Regex' => 'Regex'. Arguments visited: True.
[ClassObfuscationRewriter] 2025-12-01T20:13:41.6194530Z Visiting object creation for type 'Regex' => 'Regex'. Arguments visited: True.
[ClassObfuscationRewriter] 2025-12-01T20:13:41.6194530Z Visiting object creation for type 'DirectoryQuery' => 'O_8BB37900'. Arguments visited: True.
[ClassObfuscationRewriter] 2025-12-01T20:13:41.6194530Z Renaming identifier 'DirectoryListDTO' to 'O_3F60E36C'.
[ClassObfuscationRewriter] 2025-12-01T20:13:41.6194530Z Visited generic 'IEnumerable' with updated type arguments: <O_3F60E36C>.
[ClassObfuscationRewriter] 2025-12-01T20:13:41.6204505Z Renaming identifier 'DirectoryListDTO' to 'O_3F60E36C'.
[ClassObfuscationRewriter] 2025-12-01T20:13:41.6204505Z Visited generic 'IEnumerable' with updated type arguments: <O_3F60E36C>.
[ClassObfuscationRewriter] 2025-12-01T20:13:41.6204505Z Visiting object creation for type 'DirectoryQuery' => 'O_8BB37900'. Arguments visited: True.
[ClassObfuscationRewriter] 2025-12-01T20:13:41.6204505Z Renaming identifier 'DirectoryListDTO' to 'O_3F60E36C'.
[ClassObfuscationRewriter] 2025-12-01T20:13:41.6204505Z Visiting object creation for type 'DirectoryListDTO' => 'O_3F60E36C'. Arguments visited: True.
[ClassObfuscationRewriter] 2025-12-01T20:13:41.6214497Z Renaming identifier 'CommandDTOBase' to 'O_4AED570F'.
[ClassObfuscationRewriter] 2025-12-01T20:13:41.6214497Z Visiting object creation for type 'Regex' => 'Regex'. Arguments visited: True.
[ClassObfuscationRewriter] 2025-12-01T20:13:41.6214497Z Visiting object creation for type 'Regex' => 'Regex'. Arguments visited: True.
[ClassObfuscationRewriter] 2025-12-01T20:13:41.6214497Z Visiting object creation for type 'Regex' => 'Regex'. Arguments visited: True.
[ClassObfuscationRewriter] 2025-12-01T20:13:41.6224498Z Visiting object creation for type 'DirectoryQuery' => 'O_8BB37900'. Arguments visited: True.
[ClassObfuscationRewriter] 2025-12-01T20:13:41.6224498Z Renaming identifier 'DirectoryListDTO' to 'O_3F60E36C'.
[ClassObfuscationRewriter] 2025-12-01T20:13:41.6224498Z Visited generic 'IEnumerable' with updated type arguments: <O_3F60E36C>.
[ClassObfuscationRewriter] 2025-12-01T20:13:41.6234500Z Renaming identifier 'DirectoryListDTO' to 'O_3F60E36C'.
[ClassObfuscationRewriter] 2025-12-01T20:13:41.6234500Z Visited generic 'IEnumerable' with updated type arguments: <O_3F60E36C>.
[ClassObfuscationRewriter] 2025-12-01T20:13:41.6234500Z Visiting object creation for type 'DirectoryQuery' => 'O_8BB37900'. Arguments visited: True.
[ClassObfuscationRewriter] 2025-12-01T20:13:41.6234500Z Renaming identifier 'DirectoryListDTO' to 'O_3F60E36C'.
[ClassObfuscationRewriter] 2025-12-01T20:13:41.6244492Z Visiting object creation for type 'DirectoryListDTO' => 'O_3F60E36C'. Arguments visited: True.
[ClassObfuscationRewriter] 2025-12-01T20:13:41.6374583Z Renaming identifier 'CommandDTOBase' to 'O_4AED570F'.
[ClassObfuscationRewriter] 2025-12-01T20:13:41.6374583Z Renaming identifier 'DirectoryListDTO' to 'O_3F60E36C'.
[ClassObfuscationRewriter] 2025-12-01T20:13:41.6439636Z Renaming identifier 'Seatbelt' to 'O_F41F88FA'.
[ClassObfuscationRewriter] 2025-12-01T20:13:41.6449722Z Renaming identifier 'Seatbelt' to 'O_F41F88FA'.
[ClassObfuscationRewriter] 2025-12-01T20:13:41.6449722Z Renaming identifier 'Seatbelt' to 'O_F41F88FA'.
[ClassObfuscationRewriter] 2025-12-01T20:13:41.6449722Z Renaming identifier 'Seatbelt' to 'O_F41F88FA'.
[ClassObfuscationRewriter] 2025-12-01T20:13:41.6459748Z Renaming identifier 'CommandBase' to 'O_2183A68D'.
[ClassObfuscationRewriter] 2025-12-01T20:13:41.6459748Z Renaming identifier 'CommandDTOBase' to 'O_4AED570F'.
[ClassObfuscationRewriter] 2025-12-01T20:13:41.6459748Z Visiting object creation for type 'WindowsDefenderSettings' => 'WindowsDefenderSettings'. Arguments visited: True.
[ClassObfuscationRewriter] 2025-12-01T20:13:41.6473011Z Visiting object creation for type 'WindowsDefenderSettings' => 'WindowsDefenderSettings'. Arguments visited: True.
[ClassObfuscationRewriter] 2025-12-01T20:13:41.6473011Z Visiting object creation for type 'WindowsDefenderDTO' => 'O_E409597E'. Arguments visited: True.
[ClassObfuscationRewriter] 2025-12-01T20:13:41.6473011Z Renaming identifier 'CommandDTOBase' to 'O_4AED570F'.
[ClassObfuscationRewriter] 2025-12-01T20:13:41.6473011Z Visiting object creation for type 'WindowsDefenderSettings' => 'WindowsDefenderSettings'. Arguments visited: True.
[ClassObfuscationRewriter] 2025-12-01T20:13:41.6486886Z Visiting object creation for type 'WindowsDefenderSettings' => 'WindowsDefenderSettings'. Arguments visited: True.
[ClassObfuscationRewriter] 2025-12-01T20:13:41.6486886Z Visiting object creation for type 'WindowsDefenderDTO' => 'O_E409597E'. Arguments visited: True.
[ClassObfuscationRewriter] 2025-12-01T20:13:41.6511425Z Visiting object creation for type 'List<AsrRule>' => 'List<AsrRule>'. Arguments visited: True.
[ClassObfuscationRewriter] 2025-12-01T20:13:41.6511425Z Updated generic object creation type arguments: <AsrRule> for 'List<AsrRule>'.
[ClassObfuscationRewriter] 2025-12-01T20:13:41.6523937Z Visiting object creation for type 'List<string>' => 'List<string>'. Arguments visited: True.
[ClassObfuscationRewriter] 2025-12-01T20:13:41.6529792Z Updated generic object creation type arguments: <string> for 'List<string>'.
[ClassObfuscationRewriter] 2025-12-01T20:13:41.6529792Z Renaming identifier 'CommandDTOBase' to 'O_4AED570F'.
[ClassObfuscationRewriter] 2025-12-01T20:13:41.6539908Z Visiting object creation for type 'List<string>' => 'List<string>'. Arguments visited: True.
[ClassObfuscationRewriter] 2025-12-01T20:13:41.6539908Z Updated generic object creation type arguments: <string> for 'List<string>'.
[ClassObfuscationRewriter] 2025-12-01T20:13:41.6552773Z Visiting object creation for type 'List<string>' => 'List<string>'. Arguments visited: True.
[ClassObfuscationRewriter] 2025-12-01T20:13:41.6552773Z Updated generic object creation type arguments: <string> for 'List<string>'.
[ClassObfuscationRewriter] 2025-12-01T20:13:41.6552773Z Visiting object creation for type 'List<string>' => 'List<string>'. Arguments visited: True.
[ClassObfuscationRewriter] 2025-12-01T20:13:41.6552773Z Updated generic object creation type arguments: <string> for 'List<string>'.
[ClassObfuscationRewriter] 2025-12-01T20:13:41.6565521Z Visiting object creation for type 'List<string>' => 'List<string>'. Arguments visited: True.
[ClassObfuscationRewriter] 2025-12-01T20:13:41.6565521Z Updated generic object creation type arguments: <string> for 'List<string>'.
[ClassObfuscationRewriter] 2025-12-01T20:13:41.6565521Z Visiting object creation for type 'AsrSettings' => 'AsrSettings'. Arguments visited: True.
[ClassObfuscationRewriter] 2025-12-01T20:13:41.6570575Z Visiting object creation for type 'Guid' => 'Guid'. Arguments visited: True.
[ClassObfuscationRewriter] 2025-12-01T20:13:41.6570575Z Visiting object creation for type 'AsrRule' => 'AsrRule'. Arguments visited: True.
[ClassObfuscationRewriter] 2025-12-01T20:13:41.6594110Z Renaming identifier 'WindowsDefenderDTO' to 'O_E409597E'.
[ClassObfuscationRewriter] 2025-12-01T20:13:41.6716894Z Renaming identifier 'Seatbelt' to 'O_F41F88FA'.
[ClassObfuscationRewriter] 2025-12-01T20:13:41.6716894Z Renaming identifier 'Seatbelt' to 'O_F41F88FA'.
[ClassObfuscationRewriter] 2025-12-01T20:13:41.6716894Z Renaming identifier 'Seatbelt' to 'O_F41F88FA'.
[ClassObfuscationRewriter] 2025-12-01T20:13:41.6716894Z Renaming identifier 'CommandBase' to 'O_2183A68D'.
[ClassObfuscationRewriter] 2025-12-01T20:13:41.6716894Z Renaming identifier 'CommandDTOBase' to 'O_4AED570F'.
[ClassObfuscationRewriter] 2025-12-01T20:13:41.6716894Z Visiting object creation for type 'WindowsEventForwardingDTO' => 'O_245B3EFA'. Arguments visited: True.
[ClassObfuscationRewriter] 2025-12-01T20:13:41.6730425Z Visiting object creation for type 'WindowsEventForwardingDTO' => 'O_245B3EFA'. Arguments visited: True.
[ClassObfuscationRewriter] 2025-12-01T20:13:41.6730425Z Renaming identifier 'CommandDTOBase' to 'O_4AED570F'.
[ClassObfuscationRewriter] 2025-12-01T20:13:41.6730425Z Renaming identifier 'WindowsEventForwardingDTO' to 'O_245B3EFA'.
[ClassObfuscationRewriter] 2025-12-01T20:13:41.6740549Z Renaming identifier 'CommandDTOBase' to 'O_4AED570F'.
[ClassObfuscationRewriter] 2025-12-01T20:13:41.6740549Z Visiting object creation for type 'WindowsEventForwardingDTO' => 'O_245B3EFA'. Arguments visited: True.
[ClassObfuscationRewriter] 2025-12-01T20:13:41.6750551Z Visiting object creation for type 'WindowsEventForwardingDTO' => 'O_245B3EFA'. Arguments visited: True.
[ClassObfuscationRewriter] 2025-12-01T20:13:41.6790527Z Renaming identifier 'Seatbelt' to 'O_F41F88FA'.
[ClassObfuscationRewriter] 2025-12-01T20:13:41.6790527Z Renaming identifier 'CommandBase' to 'O_2183A68D'.
[ClassObfuscationRewriter] 2025-12-01T20:13:41.6790527Z Renaming identifier 'CommandDTOBase' to 'O_4AED570F'.
[ClassObfuscationRewriter] 2025-12-01T20:13:41.6800528Z Visiting object creation for type 'MappedDrivesDTO' => 'O_52290D54'. Arguments visited: True.
[ClassObfuscationRewriter] 2025-12-01T20:13:41.6800528Z Renaming identifier 'CommandDTOBase' to 'O_4AED570F'.
[ClassObfuscationRewriter] 2025-12-01T20:13:41.6800528Z Visiting object creation for type 'MappedDrivesDTO' => 'O_52290D54'. Arguments visited: True.
[ClassObfuscationRewriter] 2025-12-01T20:13:41.6830538Z Renaming identifier 'CommandDTOBase' to 'O_4AED570F'.
[ClassObfuscationRewriter] 2025-12-01T20:13:41.7030524Z Renaming identifier 'Seatbelt' to 'O_F41F88FA'.
[ClassObfuscationRewriter] 2025-12-01T20:13:41.7030524Z Renaming identifier 'Seatbelt' to 'O_F41F88FA'.
[ClassObfuscationRewriter] 2025-12-01T20:13:41.7030524Z Renaming identifier 'Seatbelt' to 'O_F41F88FA'.
[ClassObfuscationRewriter] 2025-12-01T20:13:41.7030524Z Renaming identifier 'CommandBase' to 'O_2183A68D'.
[ClassObfuscationRewriter] 2025-12-01T20:13:41.7040534Z Renaming identifier 'CommandDTOBase' to 'O_4AED570F'.
[ClassObfuscationRewriter] 2025-12-01T20:13:41.7050527Z Renaming identifier 'CommandDTOBase' to 'O_4AED570F'.
[ClassObfuscationRewriter] 2025-12-01T20:13:41.7060516Z Visiting object creation for type 'WindowsFirewallProfileSettings' => 'WindowsFirewallProfileSettings'. Arguments visited: True.
[ClassObfuscationRewriter] 2025-12-01T20:13:41.7060516Z Visiting object creation for type 'WindowsFirewallProfileSettings' => 'WindowsFirewallProfileSettings'. Arguments visited: True.
[ClassObfuscationRewriter] 2025-12-01T20:13:41.7060516Z Visiting object creation for type 'WindowsFirewallProfileSettings' => 'WindowsFirewallProfileSettings'. Arguments visited: True.
[ClassObfuscationRewriter] 2025-12-01T20:13:41.7060516Z Visiting object creation for type 'WindowsFirewallProfileSettings' => 'WindowsFirewallProfileSettings'. Arguments visited: True.
[ClassObfuscationRewriter] 2025-12-01T20:13:41.7060516Z Visiting object creation for type 'List<WindowsFirewallRule>' => 'List<O_72452439>'. Arguments visited: True.
[ClassObfuscationRewriter] 2025-12-01T20:13:41.7060516Z Updated generic object creation type arguments: <O_72452439> for 'List<O_72452439>'.
[ClassObfuscationRewriter] 2025-12-01T20:13:41.7070514Z Renaming identifier 'WindowsFirewallRule' to 'O_72452439'.
[ClassObfuscationRewriter] 2025-12-01T20:13:41.7070514Z Visited generic 'List' with updated type arguments: <O_72452439>.
[ClassObfuscationRewriter] 2025-12-01T20:13:41.7070514Z Renaming identifier 'WindowsFirewallDTO' to 'O_CA646800'.
[ClassObfuscationRewriter] 2025-12-01T20:13:41.7160537Z Renaming identifier 'CommandDTOBase' to 'O_4AED570F'.
[ClassObfuscationRewriter] 2025-12-01T20:13:41.8677919Z Renaming identifier 'Seatbelt' to 'O_F41F88FA'.
[ClassObfuscationRewriter] 2025-12-01T20:13:41.8677919Z Renaming identifier 'Seatbelt' to 'O_F41F88FA'.
[ClassObfuscationRewriter] 2025-12-01T20:13:41.8677919Z Renaming identifier 'Seatbelt' to 'O_F41F88FA'.
[ClassObfuscationRewriter] 2025-12-01T20:13:41.8687887Z Renaming identifier 'VaultCli' to 'O_7A5E6AD0'.
[ClassObfuscationRewriter] 2025-12-01T20:13:41.8687887Z Renaming qualified name 'Seatbelt.VaultCli' to 'O_F41F88FA.O_7A5E6AD0'.
[ClassObfuscationRewriter] 2025-12-01T20:13:41.8687887Z Renaming identifier 'Seatbelt' to 'O_F41F88FA'.
[ClassObfuscationRewriter] 2025-12-01T20:13:41.8687887Z Renaming identifier 'VaultItemValue' to 'O_195F078A'.
[ClassObfuscationRewriter] 2025-12-01T20:13:41.8687887Z Renaming identifier 'VaultItemValue' to 'O_195F078A'.
[ClassObfuscationRewriter] 2025-12-01T20:13:41.8687887Z Renaming identifier 'VaultItemValue' to 'O_195F078A'.
[ClassObfuscationRewriter] 2025-12-01T20:13:41.8697868Z Renaming identifier 'VaultItemValue' to 'O_195F078A'.
[ClassObfuscationRewriter] 2025-12-01T20:13:41.8697868Z Renaming identifier 'CommandBase' to 'O_2183A68D'.
[ClassObfuscationRewriter] 2025-12-01T20:13:41.8697868Z Renaming identifier 'CommandDTOBase' to 'O_4AED570F'.
[ClassObfuscationRewriter] 2025-12-01T20:13:41.8707875Z Visiting object creation for type 'WindowsVaultDTO' => 'O_70BC9C8D'. Arguments visited: True.
[ClassObfuscationRewriter] 2025-12-01T20:13:41.8707875Z Visiting object creation for type 'Exception' => 'Exception'. Arguments visited: True.
[ClassObfuscationRewriter] 2025-12-01T20:13:41.8707875Z Renaming identifier 'VaultEntry' to 'O_19270373'.
[ClassObfuscationRewriter] 2025-12-01T20:13:41.8707875Z Visiting object creation for type 'VaultEntry' => 'O_19270373'. Arguments visited: False.
[ClassObfuscationRewriter] 2025-12-01T20:13:41.8718009Z Renaming identifier 'VaultItemValue' to 'O_195F078A'.
[ClassObfuscationRewriter] 2025-12-01T20:13:41.8718009Z Visiting object creation for type 'NotImplementedException' => 'NotImplementedException'. Arguments visited: True.
[ClassObfuscationRewriter] 2025-12-01T20:13:41.8718009Z Visiting object creation for type 'VaultItemValue' => 'O_195F078A'. Arguments visited: True.
[ClassObfuscationRewriter] 2025-12-01T20:13:41.8718009Z Renaming identifier 'CommandDTOBase' to 'O_4AED570F'.
[ClassObfuscationRewriter] 2025-12-01T20:13:41.8718009Z Renaming identifier 'VaultEntry' to 'O_19270373'.
[ClassObfuscationRewriter] 2025-12-01T20:13:41.8727855Z Visited generic 'List' with updated type arguments: <O_19270373>.
[ClassObfuscationRewriter] 2025-12-01T20:13:41.8727855Z Renaming identifier 'WindowsVaultDTO' to 'O_70BC9C8D'.
[ClassObfuscationRewriter] 2025-12-01T20:13:41.8767856Z Renaming identifier 'CommandDTOBase' to 'O_4AED570F'.
[ClassObfuscationRewriter] 2025-12-01T20:13:41.8767856Z Visiting object creation for type 'WindowsVaultDTO' => 'O_70BC9C8D'. Arguments visited: True.
[ClassObfuscationRewriter] 2025-12-01T20:13:41.8777925Z Visiting object creation for type 'Exception' => 'Exception'. Arguments visited: True.
[ClassObfuscationRewriter] 2025-12-01T20:13:41.8777925Z Renaming identifier 'VaultEntry' to 'O_19270373'.
[ClassObfuscationRewriter] 2025-12-01T20:13:41.8777925Z Visiting object creation for type 'VaultEntry' => 'O_19270373'. Arguments visited: False.
[ClassObfuscationRewriter] 2025-12-01T20:13:41.8777925Z Renaming identifier 'VaultItemValue' to 'O_195F078A'.
[ClassObfuscationRewriter] 2025-12-01T20:13:41.8787849Z Visiting object creation for type 'NotImplementedException' => 'NotImplementedException'. Arguments visited: True.
[ClassObfuscationRewriter] 2025-12-01T20:13:41.8787849Z Visiting object creation for type 'VaultItemValue' => 'O_195F078A'. Arguments visited: True.
[ClassObfuscationRewriter] 2025-12-01T20:13:41.8937922Z Renaming identifier 'Seatbelt' to 'O_F41F88FA'.
[ClassObfuscationRewriter] 2025-12-01T20:13:41.8937922Z Renaming identifier 'Seatbelt' to 'O_F41F88FA'.
[ClassObfuscationRewriter] 2025-12-01T20:13:41.8947905Z Renaming identifier 'Seatbelt' to 'O_F41F88FA'.
[ClassObfuscationRewriter] 2025-12-01T20:13:41.8947905Z Renaming identifier 'CommandBase' to 'O_2183A68D'.
[ClassObfuscationRewriter] 2025-12-01T20:13:41.8947905Z Renaming identifier 'CommandDTOBase' to 'O_4AED570F'.
[ClassObfuscationRewriter] 2025-12-01T20:13:41.8957875Z Visiting object creation for type 'WMIEventConsumerDTO' => 'O_0D1C2316'. Arguments visited: True.
[ClassObfuscationRewriter] 2025-12-01T20:13:41.8957875Z Renaming identifier 'CommandDTOBase' to 'O_4AED570F'.
[ClassObfuscationRewriter] 2025-12-01T20:13:41.8957875Z Visiting object creation for type 'WMIEventConsumerDTO' => 'O_0D1C2316'. Arguments visited: True.
[ClassObfuscationRewriter] 2025-12-01T20:13:41.8987843Z Renaming identifier 'CommandDTOBase' to 'O_4AED570F'.
[ClassObfuscationRewriter] 2025-12-01T20:13:41.8987843Z Renaming identifier 'WMIEventConsumerDTO' to 'O_0D1C2316'.
[ClassObfuscationRewriter] 2025-12-01T20:13:41.9017850Z Renaming identifier 'Seatbelt' to 'O_F41F88FA'.
[ClassObfuscationRewriter] 2025-12-01T20:13:41.9032030Z Renaming identifier 'CommandBase' to 'O_2183A68D'.
[ClassObfuscationRewriter] 2025-12-01T20:13:41.9032030Z Renaming identifier 'CommandDTOBase' to 'O_4AED570F'.
[ClassObfuscationRewriter] 2025-12-01T20:13:41.9032030Z Visiting object creation for type 'WmiEventFilterDTO' => 'O_205563B5'. Arguments visited: True.
[ClassObfuscationRewriter] 2025-12-01T20:13:41.9042142Z Renaming identifier 'CommandDTOBase' to 'O_4AED570F'.
[ClassObfuscationRewriter] 2025-12-01T20:13:41.9042142Z Visiting object creation for type 'WmiEventFilterDTO' => 'O_205563B5'. Arguments visited: True.
[ClassObfuscationRewriter] 2025-12-01T20:13:41.9062125Z Renaming identifier 'CommandDTOBase' to 'O_4AED570F'.
[ClassObfuscationRewriter] 2025-12-01T20:13:41.9082155Z Renaming identifier 'Seatbelt' to 'O_F41F88FA'.
[ClassObfuscationRewriter] 2025-12-01T20:13:41.9082155Z Renaming identifier 'CommandBase' to 'O_2183A68D'.
[ClassObfuscationRewriter] 2025-12-01T20:13:41.9082155Z Renaming identifier 'CommandDTOBase' to 'O_4AED570F'.
[ClassObfuscationRewriter] 2025-12-01T20:13:41.9082155Z Visiting object creation for type 'WMIFilterToConsumerBindingDTO' => 'O_E54BD80E'. Arguments visited: True.
[ClassObfuscationRewriter] 2025-12-01T20:13:41.9082155Z Renaming identifier 'CommandDTOBase' to 'O_4AED570F'.
[ClassObfuscationRewriter] 2025-12-01T20:13:41.9082155Z Visiting object creation for type 'System.DateTime' => 'System.DateTime'. Arguments visited: True.
[ClassObfuscationRewriter] 2025-12-01T20:13:41.9096728Z Visiting object creation for type 'WMIFilterToConsumerBindingDTO' => 'O_E54BD80E'. Arguments visited: True.
[ClassObfuscationRewriter] 2025-12-01T20:13:41.9106876Z Renaming identifier 'CommandDTOBase' to 'O_4AED570F'.
[ClassObfuscationRewriter] 2025-12-01T20:13:41.9116819Z Renaming identifier 'Seatbelt' to 'O_F41F88FA'.
[ClassObfuscationRewriter] 2025-12-01T20:13:41.9130449Z Renaming identifier 'Rpcrt4' to 'O_F8D7398B'.
[ClassObfuscationRewriter] 2025-12-01T20:13:41.9130449Z Visiting object creation for type 'System.DateTime' => 'System.DateTime'. Arguments visited: True.
[ClassObfuscationRewriter] 2025-12-01T20:13:41.9140572Z Renaming identifier 'Rpcrt4' to 'O_F8D7398B'.
[ClassObfuscationRewriter] 2025-12-01T20:13:41.9220572Z Renaming identifier 'Rpcrt4' to 'O_F8D7398B'.
[ClassObfuscationRewriter] 2025-12-01T20:13:41.9220572Z Visiting object creation for type 'System.DateTime' => 'System.DateTime'. Arguments visited: True.
[ClassObfuscationRewriter] 2025-12-01T20:13:41.9230605Z Renaming identifier 'Rpcrt4' to 'O_F8D7398B'.
[ClassObfuscationRewriter] 2025-12-01T20:13:41.9230605Z Visiting object creation for type 'System.DateTime' => 'System.DateTime'. Arguments visited: True.
[ClassObfuscationRewriter] 2025-12-01T20:13:41.9240537Z Renaming identifier 'Rpcrt4' to 'O_F8D7398B'.
[ClassObfuscationRewriter] 2025-12-01T20:13:41.9240537Z Renaming identifier 'Rpcrt4' to 'O_F8D7398B'.
[ClassObfuscationRewriter] 2025-12-01T20:13:41.9240537Z Renaming identifier 'SafeRpcStringHandle' to 'O_60ABF106'.
[ClassObfuscationRewriter] 2025-12-01T20:13:41.9240537Z Renaming identifier 'SafeRpcBindingHandle' to 'O_A6C1BE4C'.
[ClassObfuscationRewriter] 2025-12-01T20:13:41.9240537Z Visiting object creation for type 'SafeRpcBindingHandle' => 'O_A6C1BE4C'. Arguments visited: True.
[ClassObfuscationRewriter] 2025-12-01T20:13:41.9240537Z Visiting object creation for type 'System.DateTime' => 'System.DateTime'. Arguments visited: True.
[ClassObfuscationRewriter] 2025-12-01T20:13:41.9240537Z Renaming identifier 'Rpcrt4' to 'O_F8D7398B'.
[ClassObfuscationRewriter] 2025-12-01T20:13:41.9240537Z Visiting object creation for type 'System.DateTime' => 'System.DateTime'. Arguments visited: True.
[ClassObfuscationRewriter] 2025-12-01T20:13:41.9255483Z Renaming identifier 'Rpcrt4' to 'O_F8D7398B'.
[ClassObfuscationRewriter] 2025-12-01T20:13:41.9255483Z Renaming identifier 'SafeRpcStringHandle' to 'O_60ABF106'.
[ClassObfuscationRewriter] 2025-12-01T20:13:41.9285667Z Renaming identifier 'Seatbelt' to 'O_F41F88FA'.
[ClassObfuscationRewriter] 2025-12-01T20:13:41.9295835Z Renaming identifier 'Seatbelt' to 'O_F41F88FA'.
[ClassObfuscationRewriter] 2025-12-01T20:13:41.9295835Z Renaming identifier 'ErrorDTO' to 'O_DDA13DE3'.
[ClassObfuscationRewriter] 2025-12-01T20:13:41.9295835Z Visiting object creation for type 'ErrorDTO' => 'O_DDA13DE3'. Arguments visited: True.
[ClassObfuscationRewriter] 2025-12-01T20:13:41.9295835Z Visiting object creation for type 'VerboseDTO' => 'O_77AFBCF7'. Arguments visited: True.
[ClassObfuscationRewriter] 2025-12-01T20:13:41.9295835Z Visiting object creation for type 'WarningDTO' => 'O_56497D89'. Arguments visited: True.
[ClassObfuscationRewriter] 2025-12-01T20:13:41.9295835Z Visiting object creation for type 'ErrorDTO' => 'O_DDA13DE3'. Arguments visited: True.
[ClassObfuscationRewriter] 2025-12-01T20:13:41.9295835Z Visiting object creation for type 'HostDTO' => 'O_75A28A1C'. Arguments visited: True.
[ClassObfuscationRewriter] 2025-12-01T20:13:41.9309847Z Renaming identifier 'ErrorDTO' to 'O_DDA13DE3'.
[ClassObfuscationRewriter] 2025-12-01T20:13:41.9309847Z Visiting object creation for type 'ErrorDTO' => 'O_DDA13DE3'. Arguments visited: True.
[ClassObfuscationRewriter] 2025-12-01T20:13:41.9329955Z Renaming identifier 'Seatbelt' to 'O_F41F88FA'.
[ClassObfuscationRewriter] 2025-12-01T20:13:41.9344422Z Renaming identifier 'Seatbelt' to 'O_F41F88FA'.
[ClassObfuscationRewriter] 2025-12-01T20:13:41.9354520Z Visiting object creation for type 'ArgumentNullException' => 'ArgumentNullException'. Arguments visited: True.
[ClassObfuscationRewriter] 2025-12-01T20:13:41.9354520Z Visiting object creation for type 'ArgumentException' => 'ArgumentException'. Arguments visited: True.
[ClassObfuscationRewriter] 2025-12-01T20:13:41.9354520Z Visiting object creation for type 'System.Runtime.Serialization.StreamingContext' => 'System.Runtime.Serialization.StreamingContext'. Arguments visited: True.
[ClassObfuscationRewriter] 2025-12-01T20:13:41.9354520Z Visiting object creation for type 'ArgumentNullException' => 'ArgumentNullException'. Arguments visited: True.
[ClassObfuscationRewriter] 2025-12-01T20:13:41.9354520Z Visiting object creation for type 'ArgumentException' => 'ArgumentException'. Arguments visited: True.
[ClassObfuscationRewriter] 2025-12-01T20:13:41.9364513Z Visiting object creation for type 'System.Runtime.Serialization.StreamingContext' => 'System.Runtime.Serialization.StreamingContext'. Arguments visited: True.
[ClassObfuscationRewriter] 2025-12-01T20:13:41.9364513Z Visiting object creation for type 'System.Runtime.Serialization.StreamingContext' => 'System.Runtime.Serialization.StreamingContext'. Arguments visited: True.
[ClassObfuscationRewriter] 2025-12-01T20:13:41.9384540Z Renaming identifier 'Seatbelt' to 'O_F41F88FA'.
[ClassObfuscationRewriter] 2025-12-01T20:13:41.9396568Z Visiting object creation for type 'System.Runtime.Serialization.StreamingContext' => 'System.Runtime.Serialization.StreamingContext'. Arguments visited: True.
[ClassObfuscationRewriter] 2025-12-01T20:13:41.9406677Z Visiting object creation for type 'System.Runtime.Serialization.StreamingContext' => 'System.Runtime.Serialization.StreamingContext'. Arguments visited: True.
[ClassObfuscationRewriter] 2025-12-01T20:13:41.9416636Z Visiting object creation for type 'System.Runtime.Serialization.StreamingContext' => 'System.Runtime.Serialization.StreamingContext'. Arguments visited: True.
[ClassObfuscationRewriter] 2025-12-01T20:13:41.9453133Z Renaming identifier 'Seatbelt' to 'O_F41F88FA'.
[ClassObfuscationRewriter] 2025-12-01T20:13:41.9624468Z Renaming identifier 'Seatbelt' to 'O_F41F88FA'.
[ClassObfuscationRewriter] 2025-12-01T20:13:41.9624468Z Renaming identifier 'Seatbelt' to 'O_F41F88FA'.
[ClassObfuscationRewriter] 2025-12-01T20:13:41.9634473Z Renaming identifier 'Seatbelt' to 'O_F41F88FA'.
[ClassObfuscationRewriter] 2025-12-01T20:13:41.9634473Z Renaming identifier 'Seatbelt' to 'O_F41F88FA'.
[ClassObfuscationRewriter] 2025-12-01T20:13:41.9634473Z Visiting object creation for type 'Exception' => 'Exception'. Arguments visited: True.
[ClassObfuscationRewriter] 2025-12-01T20:13:41.9644479Z Visiting object creation for type 'Exception' => 'Exception'. Arguments visited: True.
[ClassObfuscationRewriter] 2025-12-01T20:13:41.9694489Z Renaming identifier 'Seatbelt' to 'O_F41F88FA'.
[ClassObfuscationRewriter] 2025-12-01T20:13:41.9694489Z Renaming identifier 'Seatbelt' to 'O_F41F88FA'.
[ClassObfuscationRewriter] 2025-12-01T20:13:41.9694489Z Renaming identifier 'Netapi32' to 'O_B81255AD'.
[ClassObfuscationRewriter] 2025-12-01T20:13:41.9694489Z Renaming qualified name 'Seatbelt.Interop.Netapi32' to 'O_F41F88FA.Interop.O_B81255AD'.
[ClassObfuscationRewriter] 2025-12-01T20:13:41.9704467Z Renaming identifier 'Seatbelt' to 'O_F41F88FA'.
[ClassObfuscationRewriter] 2025-12-01T20:13:41.9704467Z Visiting object creation for type 'Principal' => 'Principal'. Arguments visited: True.
[ClassObfuscationRewriter] 2025-12-01T20:13:41.9704467Z Visiting object creation for type 'UnauthorizedAccessException' => 'UnauthorizedAccessException'. Arguments visited: True.
[ClassObfuscationRewriter] 2025-12-01T20:13:41.9704467Z Visiting object creation for type 'OutOfMemoryException' => 'OutOfMemoryException'. Arguments visited: True.
[ClassObfuscationRewriter] 2025-12-01T20:13:41.9717912Z Visiting object creation for type 'Win32Exception' => 'Win32Exception'. Arguments visited: True.
[ClassObfuscationRewriter] 2025-12-01T20:13:41.9717912Z Visiting object creation for type 'ArgumentException' => 'ArgumentException'. Arguments visited: True.
[ClassObfuscationRewriter] 2025-12-01T20:13:41.9717912Z Visiting object creation for type 'Principal' => 'Principal'. Arguments visited: True.
[ClassObfuscationRewriter] 2025-12-01T20:13:41.9728040Z Visiting object creation for type 'UnauthorizedAccessException' => 'UnauthorizedAccessException'. Arguments visited: True.
[ClassObfuscationRewriter] 2025-12-01T20:13:41.9728040Z Visiting object creation for type 'OutOfMemoryException' => 'OutOfMemoryException'. Arguments visited: True.
[ClassObfuscationRewriter] 2025-12-01T20:13:41.9728040Z Visiting object creation for type 'Win32Exception' => 'Win32Exception'. Arguments visited: True.
[ClassObfuscationRewriter] 2025-12-01T20:13:41.9728040Z Visiting object creation for type 'ArgumentException' => 'ArgumentException'. Arguments visited: True.
[ClassObfuscationRewriter] 2025-12-01T20:13:41.9778024Z Renaming identifier 'Seatbelt' to 'O_F41F88FA'.
[ClassObfuscationRewriter] 2025-12-01T20:13:41.9788007Z Visiting object creation for type 'System.DateTime' => 'System.DateTime'. Arguments visited: True.
[ClassObfuscationRewriter] 2025-12-01T20:13:41.9798021Z Renaming identifier 'Seatbelt' to 'O_F41F88FA'.
[ClassObfuscationRewriter] 2025-12-01T20:13:41.9868021Z Renaming identifier 'Seatbelt' to 'O_F41F88FA'.
[ClassObfuscationRewriter] 2025-12-01T20:13:41.9877986Z Renaming identifier 'Seatbelt' to 'O_F41F88FA'.
[ClassObfuscationRewriter] 2025-12-01T20:13:41.9877986Z Renaming identifier 'Seatbelt' to 'O_F41F88FA'.
[ClassObfuscationRewriter] 2025-12-01T20:13:41.9877986Z Renaming identifier 'Seatbelt' to 'O_F41F88FA'.
[ClassObfuscationRewriter] 2025-12-01T20:13:41.9877986Z Renaming identifier 'Seatbelt' to 'O_F41F88FA'.
[ClassObfuscationRewriter] 2025-12-01T20:13:41.9877986Z Renaming identifier 'CommandBase' to 'O_2183A68D'.
[ClassObfuscationRewriter] 2025-12-01T20:13:41.9887981Z Visited generic 'List' with updated type arguments: <O_2183A68D>.
[ClassObfuscationRewriter] 2025-12-01T20:13:41.9887981Z Visiting object creation for type 'List<CommandBase>' => 'List<O_2183A68D>'. Arguments visited: True.
[ClassObfuscationRewriter] 2025-12-01T20:13:41.9887981Z Updated generic object creation type arguments: <O_2183A68D> for 'List<O_2183A68D>'.
[ClassObfuscationRewriter] 2025-12-01T20:13:41.9898001Z Renaming identifier 'WMIUtil' to 'O_88B64416'.
[ClassObfuscationRewriter] 2025-12-01T20:13:41.9907999Z Visiting object creation for type 'ManagementObjectSearcher' => 'ManagementObjectSearcher'. Arguments visited: True.
[ClassObfuscationRewriter] 2025-12-01T20:13:41.9907999Z Visiting object creation for type 'ManagementObjectSearcher' => 'ManagementObjectSearcher'. Arguments visited: True.
[ClassObfuscationRewriter] 2025-12-01T20:13:41.9907999Z Visiting object creation for type 'ManagementObjectSearcher' => 'ManagementObjectSearcher'. Arguments visited: True.
[ClassObfuscationRewriter] 2025-12-01T20:13:41.9907999Z Visiting object creation for type 'Exception' => 'Exception'. Arguments visited: True.
[ClassObfuscationRewriter] 2025-12-01T20:13:41.9918000Z Renaming identifier 'CommandBase' to 'O_2183A68D'.
[ClassObfuscationRewriter] 2025-12-01T20:13:41.9928118Z Visiting object creation for type 'HostDTO' => 'O_75A28A1C'. Arguments visited: True.
[ClassObfuscationRewriter] 2025-12-01T20:13:41.9928118Z Visiting object creation for type 'System.DateTime' => 'System.DateTime'. Arguments visited: True.
[ClassObfuscationRewriter] 2025-12-01T20:13:41.9928118Z Visiting object creation for type 'ManagementObjectSearcher' => 'ManagementObjectSearcher'. Arguments visited: True.
[ClassObfuscationRewriter] 2025-12-01T20:13:41.9928118Z Visiting object creation for type 'ManagementObjectSearcher' => 'ManagementObjectSearcher'. Arguments visited: True.
[ClassObfuscationRewriter] 2025-12-01T20:13:41.9938005Z Visiting object creation for type 'ManagementObjectSearcher' => 'ManagementObjectSearcher'. Arguments visited: True.
[ClassObfuscationRewriter] 2025-12-01T20:13:41.9938005Z Visiting object creation for type 'Exception' => 'Exception'. Arguments visited: True.
[ClassObfuscationRewriter] 2025-12-01T20:13:41.9938005Z Visiting object creation for type 'System.DateTime' => 'System.DateTime'. Arguments visited: True.
[ClassObfuscationRewriter] 2025-12-01T20:13:41.9938005Z Visiting object creation for type 'System.DateTime' => 'System.DateTime'. Arguments visited: True.
[ClassObfuscationRewriter] 2025-12-01T20:13:41.9938005Z Visiting object creation for type 'System.DateTime' => 'System.DateTime'. Arguments visited: True.
[ClassObfuscationRewriter] 2025-12-01T20:13:41.9938005Z Visiting object creation for type 'System.DateTime' => 'System.DateTime'. Arguments visited: True.
[ClassObfuscationRewriter] 2025-12-01T20:13:41.9952678Z Visiting object creation for type 'System.DateTime' => 'System.DateTime'. Arguments visited: True.
[ClassObfuscationRewriter] 2025-12-01T20:13:41.9952678Z Visiting object creation for type 'System.DateTime' => 'System.DateTime'. Arguments visited: True.
[ClassObfuscationRewriter] 2025-12-01T20:13:41.9952678Z Visiting object creation for type 'System.DateTime' => 'System.DateTime'. Arguments visited: True.
[ClassObfuscationRewriter] 2025-12-01T20:13:41.9952678Z Visiting object creation for type 'System.DateTime' => 'System.DateTime'. Arguments visited: True.
[ClassObfuscationRewriter] 2025-12-01T20:13:42.0072767Z Visiting object creation for type 'System.DateTime' => 'System.DateTime'. Arguments visited: True.
[ClassObfuscationRewriter] 2025-12-01T20:13:42.0082883Z Visiting object creation for type 'System.DateTime' => 'System.DateTime'. Arguments visited: True.
[ClassObfuscationRewriter] 2025-12-01T20:13:42.0082883Z Visiting object creation for type 'System.DateTime' => 'System.DateTime'. Arguments visited: True.
[ClassObfuscationRewriter] 2025-12-01T20:13:42.0082883Z Renaming identifier 'CommandBase' to 'O_2183A68D'.
[ClassObfuscationRewriter] 2025-12-01T20:13:42.0082883Z Visiting object creation for type 'System.DateTime' => 'System.DateTime'. Arguments visited: True.
[ClassObfuscationRewriter] 2025-12-01T20:13:42.0096419Z Visiting object creation for type 'System.DateTime' => 'System.DateTime'. Arguments visited: True.
[ClassObfuscationRewriter] 2025-12-01T20:13:42.0096419Z Visiting object creation for type 'System.DateTime' => 'System.DateTime'. Arguments visited: True.
[ClassObfuscationRewriter] 2025-12-01T20:13:42.0106514Z Visiting object creation for type 'System.DateTime' => 'System.DateTime'. Arguments visited: True.
[ClassObfuscationRewriter] 2025-12-01T20:13:42.0106514Z Visiting object creation for type 'HostDTO' => 'O_75A28A1C'. Arguments visited: True.
[ClassObfuscationRewriter] 2025-12-01T20:13:42.0106514Z Visiting object creation for type 'System.DateTime' => 'System.DateTime'. Arguments visited: True.
[ClassObfuscationRewriter] 2025-12-01T20:13:42.0228383Z Renaming identifier 'Seatbelt' to 'O_F41F88FA'.
[ClassObfuscationRewriter] 2025-12-01T20:13:42.0240834Z Renaming identifier 'Seatbelt' to 'O_F41F88FA'.
[ClassObfuscationRewriter] 2025-12-01T20:13:42.0240834Z Renaming identifier 'Seatbelt' to 'O_F41F88FA'.
[ClassObfuscationRewriter] 2025-12-01T20:13:42.0250933Z Visiting object creation for type 'System.DateTime' => 'System.DateTime'. Arguments visited: True.
[ClassObfuscationRewriter] 2025-12-01T20:13:42.0261001Z Renaming identifier 'Seatbelt' to 'O_F41F88FA'.
[ClassObfuscationRewriter] 2025-12-01T20:13:42.0261001Z Renaming identifier 'Seatbelt' to 'O_F41F88FA'.
[ClassObfuscationRewriter] 2025-12-01T20:13:42.0261001Z Renaming identifier 'Seatbelt' to 'O_F41F88FA'.
[ClassObfuscationRewriter] 2025-12-01T20:13:42.0270927Z Visiting object creation for type 'System.DateTime' => 'System.DateTime'. Arguments visited: True.
[ClassObfuscationRewriter] 2025-12-01T20:13:42.0290923Z Renaming identifier 'Seatbelt' to 'O_F41F88FA'.
[ClassObfuscationRewriter] 2025-12-01T20:13:42.0290923Z Renaming identifier 'Seatbelt' to 'O_F41F88FA'.
[ClassObfuscationRewriter] 2025-12-01T20:13:42.0301167Z Visiting object creation for type 'System.DateTime' => 'System.DateTime'. Arguments visited: True.
[ClassObfuscationRewriter] 2025-12-01T20:13:42.0301167Z Visiting object creation for type 'System.DateTime' => 'System.DateTime'. Arguments visited: True.
[ClassObfuscationRewriter] 2025-12-01T20:13:42.0311300Z Renaming identifier 'Seatbelt' to 'O_F41F88FA'.
[ClassObfuscationRewriter] 2025-12-01T20:13:42.0311300Z Renaming identifier 'Seatbelt' to 'O_F41F88FA'.
[ClassObfuscationRewriter] 2025-12-01T20:13:42.0311300Z Renaming identifier 'Seatbelt' to 'O_F41F88FA'.
[ClassObfuscationRewriter] 2025-12-01T20:13:42.0331350Z Renaming identifier 'Seatbelt' to 'O_F41F88FA'.
[ClassObfuscationRewriter] 2025-12-01T20:13:42.0331350Z Renaming identifier 'Seatbelt' to 'O_F41F88FA'.
[ClassObfuscationRewriter] 2025-12-01T20:13:42.0351291Z Renaming identifier 'Win32Error' to 'O_3BB7B919'.
[ClassObfuscationRewriter] 2025-12-01T20:13:42.0351291Z Renaming identifier 'Win32Error' to 'O_3BB7B919'.
[ClassObfuscationRewriter] 2025-12-01T20:13:42.0351291Z Visiting object creation for type 'System.Runtime.Serialization.StreamingContext' => 'System.Runtime.Serialization.StreamingContext'. Arguments visited: True.
[ClassObfuscationRewriter] 2025-12-01T20:13:42.0351291Z Renaming identifier 'Win32Error' to 'O_3BB7B919'.
[ClassObfuscationRewriter] 2025-12-01T20:13:42.0361297Z Visiting object creation for type 'System.Runtime.Serialization.StreamingContext' => 'System.Runtime.Serialization.StreamingContext'. Arguments visited: True.
[ClassObfuscationRewriter] 2025-12-01T20:13:42.0361297Z Renaming identifier 'Win32Error' to 'O_3BB7B919'.
[ClassObfuscationRewriter] 2025-12-01T20:13:42.0411273Z Renaming identifier 'Seatbelt' to 'O_F41F88FA'.
[ClassObfuscationRewriter] 2025-12-01T20:13:42.0421329Z Renaming identifier 'Seatbelt' to 'O_F41F88FA'.
[ClassObfuscationRewriter] 2025-12-01T20:13:42.0432557Z Visiting object creation for type 'System.ComponentModel.Win32Exception' => 'System.ComponentModel.Win32Exception'. Arguments visited: True.
[ClassObfuscationRewriter] 2025-12-01T20:13:42.0432557Z Visiting object creation for type 'System.ComponentModel.Win32Exception' => 'System.ComponentModel.Win32Exception'. Arguments visited: True.
[ClassObfuscationRewriter] 2025-12-01T20:13:42.0442627Z Renaming identifier 'Seatbelt' to 'O_F41F88FA'.
[ClassObfuscationRewriter] 2025-12-01T20:13:42.0452724Z Renaming identifier 'Seatbelt' to 'O_F41F88FA'.
[ClassObfuscationRewriter] 2025-12-01T20:13:42.0464704Z Visiting object creation for type 'IPAddress' => 'IPAddress'. Arguments visited: True.
[ClassObfuscationRewriter] 2025-12-01T20:13:42.0464704Z Visiting object creation for type 'IPAddress' => 'IPAddress'. Arguments visited: True.
[ClassObfuscationRewriter] 2025-12-01T20:13:42.0464704Z Visiting object creation for type 'IPAddress' => 'IPAddress'. Arguments visited: True.
[ClassObfuscationRewriter] 2025-12-01T20:13:42.0494813Z Renaming identifier 'Seatbelt' to 'O_F41F88FA'.
[ClassObfuscationRewriter] 2025-12-01T20:13:42.0620017Z Renaming identifier 'Seatbelt' to 'O_F41F88FA'.
[ClassObfuscationRewriter] 2025-12-01T20:13:42.0634981Z Renaming identifier 'Seatbelt' to 'O_F41F88FA'.
[ClassObfuscationRewriter] 2025-12-01T20:13:42.0655067Z Visiting object creation for type 'Exception' => 'Exception'. Arguments visited: True.
[ClassObfuscationRewriter] 2025-12-01T20:13:42.0655067Z Visiting object creation for type 'IntPtr' => 'IntPtr'. Arguments visited: True.
[ClassObfuscationRewriter] 2025-12-01T20:13:42.0665059Z Visiting object creation for type 'Principal' => 'Principal'. Arguments visited: True.
[ClassObfuscationRewriter] 2025-12-01T20:13:42.0665059Z Visiting object creation for type 'Exception' => 'Exception'. Arguments visited: True.
[ClassObfuscationRewriter] 2025-12-01T20:13:42.0665059Z Visiting object creation for type 'IntPtr' => 'IntPtr'. Arguments visited: True.
[ClassObfuscationRewriter] 2025-12-01T20:13:42.0665059Z Visiting object creation for type 'Exception' => 'Exception'. Arguments visited: True.
[ClassObfuscationRewriter] 2025-12-01T20:13:42.0675068Z Visiting object creation for type 'IntPtr' => 'IntPtr'. Arguments visited: True.
[ClassObfuscationRewriter] 2025-12-01T20:13:42.0675068Z Visiting object creation for type 'Exception' => 'Exception'. Arguments visited: True.
[ClassObfuscationRewriter] 2025-12-01T20:13:42.0675068Z Visiting object creation for type 'IntPtr' => 'IntPtr'. Arguments visited: True.
[ClassObfuscationRewriter] 2025-12-01T20:13:42.0675068Z Visiting object creation for type 'Principal' => 'Principal'. Arguments visited: True.
[ClassObfuscationRewriter] 2025-12-01T20:13:42.0685086Z Visiting object creation for type 'Exception' => 'Exception'. Arguments visited: True.
[ClassObfuscationRewriter] 2025-12-01T20:13:42.0685086Z Visiting object creation for type 'IntPtr' => 'IntPtr'. Arguments visited: True.
[ClassObfuscationRewriter] 2025-12-01T20:13:42.0685086Z Visiting object creation for type 'Exception' => 'Exception'. Arguments visited: True.
[ClassObfuscationRewriter] 2025-12-01T20:13:42.0685086Z Visiting object creation for type 'IntPtr' => 'IntPtr'. Arguments visited: True.
[ClassObfuscationRewriter] 2025-12-01T20:13:42.0778542Z Renaming identifier 'Seatbelt' to 'O_F41F88FA'.
[ClassObfuscationRewriter] 2025-12-01T20:13:42.0847863Z Renaming identifier 'Seatbelt' to 'O_F41F88FA'.
[ClassObfuscationRewriter] 2025-12-01T20:13:42.0879001Z Renaming identifier 'Seatbelt' to 'O_F41F88FA'.
[ClassObfuscationRewriter] 2025-12-01T20:13:42.0879001Z Visiting object creation for type 'System.DateTime' => 'System.DateTime'. Arguments visited: True.
[ClassObfuscationRewriter] 2025-12-01T20:13:42.0930210Z Renaming identifier 'Seatbelt' to 'O_F41F88FA'.
[ClassObfuscationRewriter] 2025-12-01T20:13:42.0930210Z Renaming identifier 'Seatbelt' to 'O_F41F88FA'.
[ClassObfuscationRewriter] 2025-12-01T20:13:42.0940195Z Visiting object creation for type 'PlatformNotSupportedException' => 'PlatformNotSupportedException'. Arguments visited: True.
[ClassObfuscationRewriter] 2025-12-01T20:13:42.0940195Z Visiting object creation for type 'Win32Exception' => 'Win32Exception'. Arguments visited: True.
[ClassObfuscationRewriter] 2025-12-01T20:13:42.0940195Z Renaming identifier 'RegistryKeyValue' to 'O_D9B753E7'.
[ClassObfuscationRewriter] 2025-12-01T20:13:42.0940195Z Visiting object creation for type 'RegistryKeyValue' => 'O_D9B753E7'. Arguments visited: True.
[ClassObfuscationRewriter] 2025-12-01T20:13:42.0963007Z Visiting object creation for type 'Exception' => 'Exception'. Arguments visited: True.
[ClassObfuscationRewriter] 2025-12-01T20:13:42.0963007Z Visiting object creation for type 'Dictionary<string, object>' => 'Dictionary<string,object>'. Arguments visited: True.
[ClassObfuscationRewriter] 2025-12-01T20:13:42.0963007Z Updated generic object creation type arguments: <string,object> for 'Dictionary<string,object>'.
[ClassObfuscationRewriter] 2025-12-01T20:13:42.0973020Z Visiting object creation for type 'Exception' => 'Exception'. Arguments visited: True.
[ClassObfuscationRewriter] 2025-12-01T20:13:42.0973020Z Visiting object creation for type 'Exception' => 'Exception'. Arguments visited: True.
[ClassObfuscationRewriter] 2025-12-01T20:13:42.0973020Z Visiting object creation for type 'PlatformNotSupportedException' => 'PlatformNotSupportedException'. Arguments visited: True.
[ClassObfuscationRewriter] 2025-12-01T20:13:42.0983004Z Visiting object creation for type 'Win32Exception' => 'Win32Exception'. Arguments visited: True.
[ClassObfuscationRewriter] 2025-12-01T20:13:42.0993064Z Visiting object creation for type 'Exception' => 'Exception'. Arguments visited: True.
[ClassObfuscationRewriter] 2025-12-01T20:13:42.1003002Z Visiting object creation for type 'Exception' => 'Exception'. Arguments visited: True.
[ClassObfuscationRewriter] 2025-12-01T20:13:42.1361948Z Renaming identifier 'Seatbelt' to 'O_F41F88FA'.
[ClassObfuscationRewriter] 2025-12-01T20:13:42.1401917Z Renaming identifier 'Seatbelt' to 'O_F41F88FA'.
[ClassObfuscationRewriter] 2025-12-01T20:13:42.1411924Z Renaming identifier 'Seatbelt' to 'O_F41F88FA'.
[ClassObfuscationRewriter] 2025-12-01T20:13:42.1411924Z Renaming identifier 'Seatbelt' to 'O_F41F88FA'.
[ClassObfuscationRewriter] 2025-12-01T20:13:42.1421932Z Renaming identifier 'Seatbelt' to 'O_F41F88FA'.
[ClassObfuscationRewriter] 2025-12-01T20:13:42.1421932Z Renaming identifier 'SeatbeltOptions' to 'O_F2A11310'.
[ClassObfuscationRewriter] 2025-12-01T20:13:42.1421932Z Visiting object creation for type 'SeatbeltArgumentParser' => 'O_5579F5CE'. Arguments visited: True.
[ClassObfuscationRewriter] 2025-12-01T20:13:42.1421932Z Visiting object creation for type 'Runtime' => 'Runtime'. Arguments visited: True.
[ClassObfuscationRewriter] 2025-12-01T20:13:42.1431961Z Visiting object creation for type 'ConsoleTextWriter' => 'O_132E9F90'. Arguments visited: True.
[ClassObfuscationRewriter] 2025-12-01T20:13:42.1431961Z Visiting object creation for type 'TextOutputSink' => 'O_E6752F82'. Arguments visited: True.
[ClassObfuscationRewriter] 2025-12-01T20:13:42.1431961Z Visiting object creation for type 'Exception' => 'Exception'. Arguments visited: True.
[ClassObfuscationRewriter] 2025-12-01T20:13:42.1431961Z Visiting object creation for type 'JsonFileOutputSink' => 'O_9BEF08AF'. Arguments visited: True.
[ClassObfuscationRewriter] 2025-12-01T20:13:42.1431961Z Visiting object creation for type 'JsonStringOutputSink' => 'O_60BBEB9A'. Arguments visited: True.
[ClassObfuscationRewriter] 2025-12-01T20:13:42.1442012Z Visiting object creation for type 'FileTextWriter' => 'O_2636E887'. Arguments visited: True.
[ClassObfuscationRewriter] 2025-12-01T20:13:42.1442012Z Visiting object creation for type 'TextOutputSink' => 'O_E6752F82'. Arguments visited: True.
[ClassObfuscationRewriter] 2025-12-01T20:13:42.1447113Z Visiting object creation for type 'System.DateTime' => 'System.DateTime'. Arguments visited: True.
[ClassObfuscationRewriter] 2025-12-01T20:13:42.1457227Z Visiting object creation for type 'ConsoleTextWriter' => 'O_132E9F90'. Arguments visited: True.
[ClassObfuscationRewriter] 2025-12-01T20:13:42.1457227Z Visiting object creation for type 'TextOutputSink' => 'O_E6752F82'. Arguments visited: True.
[ClassObfuscationRewriter] 2025-12-01T20:13:42.1457227Z Visiting object creation for type 'Exception' => 'Exception'. Arguments visited: True.
[ClassObfuscationRewriter] 2025-12-01T20:13:42.1467231Z Visiting object creation for type 'JsonFileOutputSink' => 'O_9BEF08AF'. Arguments visited: True.
[ClassObfuscationRewriter] 2025-12-01T20:13:42.1467231Z Visiting object creation for type 'JsonStringOutputSink' => 'O_60BBEB9A'. Arguments visited: True.
[ClassObfuscationRewriter] 2025-12-01T20:13:42.1467231Z Visiting object creation for type 'FileTextWriter' => 'O_2636E887'. Arguments visited: True.
[ClassObfuscationRewriter] 2025-12-01T20:13:42.1467231Z Visiting object creation for type 'TextOutputSink' => 'O_E6752F82'. Arguments visited: True.
[ClassObfuscationRewriter] 2025-12-01T20:13:42.1597222Z Renaming identifier 'Seatbelt' to 'O_F41F88FA'.
[ClassObfuscationRewriter] 2025-12-01T20:13:42.1617213Z Renaming identifier 'Seatbelt' to 'O_F41F88FA'.
[ClassObfuscationRewriter] 2025-12-01T20:13:42.1617213Z Renaming identifier 'Seatbelt' to 'O_F41F88FA'.
[ClassObfuscationRewriter] 2025-12-01T20:13:42.1617213Z Renaming identifier 'Seatbelt' to 'O_F41F88FA'.
[ClassObfuscationRewriter] 2025-12-01T20:13:42.1617213Z Renaming identifier 'Seatbelt' to 'O_F41F88FA'.
[ClassObfuscationRewriter] 2025-12-01T20:13:42.1617213Z Visiting object creation for type 'DefaultTextFormatter' => 'O_AFCC99E5'. Arguments visited: True.
[ClassObfuscationRewriter] 2025-12-01T20:13:42.1627234Z Visiting object creation for type 'ResolveEventHandler' => 'ResolveEventHandler'. Arguments visited: True.
[ClassObfuscationRewriter] 2025-12-01T20:13:42.1627234Z Visiting object creation for type 'Exception' => 'Exception'. Arguments visited: True.
[ClassObfuscationRewriter] 2025-12-01T20:13:42.1637244Z Visiting object creation for type 'VerboseDTO' => 'O_77AFBCF7'. Arguments visited: True.
[ClassObfuscationRewriter] 2025-12-01T20:13:42.1637244Z Visiting object creation for type 'WarningDTO' => 'O_56497D89'. Arguments visited: True.
[ClassObfuscationRewriter] 2025-12-01T20:13:42.1637244Z Visiting object creation for type 'ErrorDTO' => 'O_DDA13DE3'. Arguments visited: True.
[ClassObfuscationRewriter] 2025-12-01T20:13:42.1637244Z Visiting object creation for type 'HostDTO' => 'O_75A28A1C'. Arguments visited: True.
[ClassObfuscationRewriter] 2025-12-01T20:13:42.1647239Z Visiting object creation for type 'ResolveEventHandler' => 'ResolveEventHandler'. Arguments visited: True.
[ClassObfuscationRewriter] 2025-12-01T20:13:42.1647239Z Visiting object creation for type 'Exception' => 'Exception'. Arguments visited: True.
[ClassObfuscationRewriter] 2025-12-01T20:13:42.1687210Z Renaming identifier 'Seatbelt' to 'O_F41F88FA'.
[ClassObfuscationRewriter] 2025-12-01T20:13:42.1687210Z Visiting object creation for type 'ManagementScope' => 'ManagementScope'. Arguments visited: True.
[ClassObfuscationRewriter] 2025-12-01T20:13:42.1697217Z Visiting object creation for type 'ManagementPath' => 'ManagementPath'. Arguments visited: True.
[ClassObfuscationRewriter] 2025-12-01T20:13:42.1697217Z Visiting object creation for type 'ManagementClass' => 'ManagementClass'. Arguments visited: True.
[ClassObfuscationRewriter] 2025-12-01T20:13:42.1697217Z Visiting object creation for type 'ManagementScope' => 'ManagementScope'. Arguments visited: True.
[ClassObfuscationRewriter] 2025-12-01T20:13:42.1708872Z Visiting object creation for type 'ManagementPath' => 'ManagementPath'. Arguments visited: True.
[ClassObfuscationRewriter] 2025-12-01T20:13:42.1708872Z Visiting object creation for type 'ManagementClass' => 'ManagementClass'. Arguments visited: True.
